,open,high,low,close,adjclose,volume,ticker
1996-01-01,29.850000381469727,29.950000762939453,29.5,29.600000381469727,22.302871704101562,16300.0,MRPL.NS
1996-01-02,29.600000381469727,30.0,29.25,29.950000762939453,22.56658935546875,38700.0,MRPL.NS
1996-01-03,29.950000762939453,29.950000762939453,29.549999237060547,29.700000762939453,22.378219604492188,21700.0,MRPL.NS
1996-01-04,29.700000762939453,29.850000381469727,29.5,29.850000381469727,22.491241455078125,20700.0,MRPL.NS
1996-01-05,29.850000381469727,30.450000762939453,29.5,29.75,22.415889739990234,42300.0,MRPL.NS
1996-01-08,29.75,29.799999237060547,29.399999618530273,29.549999237060547,22.26519775390625,34800.0,MRPL.NS
1996-01-09,29.549999237060547,29.600000381469727,29.100000381469727,29.350000381469727,22.114505767822266,31600.0,MRPL.NS
1996-01-10,29.350000381469727,29.600000381469727,29.049999237060547,29.299999237060547,22.076828002929688,27900.0,MRPL.NS
1996-01-11,29.299999237060547,29.5,28.850000381469727,29.299999237060547,22.076828002929688,21500.0,MRPL.NS
1996-01-12,29.299999237060547,29.700000762939453,29.299999237060547,29.549999237060547,22.26519775390625,19500.0,MRPL.NS
1996-01-15,29.549999237060547,29.600000381469727,29.299999237060547,29.450000762939453,22.189851760864258,17700.0,MRPL.NS
1996-01-16,29.450000762939453,29.700000762939453,29.100000381469727,29.100000381469727,21.926132202148438,45900.0,MRPL.NS
1996-01-17,29.100000381469727,29.5,28.5,28.700000762939453,21.62474250793457,59700.0,MRPL.NS
1996-01-18,28.700000762939453,28.75,27.899999618530273,28.0,21.09731101989746,39700.0,MRPL.NS
1996-01-19,28.0,28.049999237060547,27.049999237060547,27.350000381469727,20.607555389404297,28000.0,MRPL.NS
1996-01-22,27.350000381469727,27.75,27.0,27.149999618530273,20.45685577392578,19700.0,MRPL.NS
1996-01-23,27.149999618530273,27.5,27.0,27.049999237060547,20.381507873535156,30600.0,MRPL.NS
1996-01-24,27.0,27.0,25.549999237060547,26.0,19.590356826782227,20900.0,MRPL.NS
1996-01-25,25.5,26.5,25.350000381469727,25.649999618530273,19.326644897460938,23100.0,MRPL.NS
1996-01-26,25.649999618530273,25.649999618530273,25.649999618530273,25.649999618530273,19.326644897460938,0.0,MRPL.NS
1996-01-29,27.0,27.0,25.0,25.700000762939453,19.36431884765625,29700.0,MRPL.NS
1996-01-30,25.700000762939453,27.049999237060547,25.75,26.100000381469727,19.66571044921875,31700.0,MRPL.NS
1996-01-31,26.100000381469727,27.25,26.25,26.350000381469727,19.854076385498047,25200.0,MRPL.NS
1996-02-01,26.350000381469727,27.0,26.350000381469727,26.600000381469727,20.04244613647461,50400.0,MRPL.NS
1996-02-02,27.0,28.299999237060547,27.0,28.049999237060547,21.134986877441406,37800.0,MRPL.NS
1996-02-05,28.049999237060547,30.899999618530273,28.25,29.149999618530273,21.963808059692383,59900.0,MRPL.NS
1996-02-06,29.149999618530273,29.799999237060547,28.25,28.600000381469727,21.549394607543945,50600.0,MRPL.NS
1996-02-07,28.549999237060547,29.0,27.5,27.700000762939453,20.87127113342285,32600.0,MRPL.NS
1996-02-08,27.700000762939453,28.350000381469727,27.600000381469727,27.850000381469727,20.98429298400879,64000.0,MRPL.NS
1996-02-09,27.850000381469727,29.0,28.0,28.649999618530273,21.587068557739258,82100.0,MRPL.NS
1996-02-12,28.649999618530273,31.700000762939453,28.5,30.75,23.169370651245117,85300.0,MRPL.NS
1996-02-13,30.75,31.0,30.0,30.600000381469727,23.056344985961914,58000.0,MRPL.NS
1996-02-14,30.600000381469727,33.650001525878906,32.099998474121094,32.5,24.487951278686523,100900.0,MRPL.NS
1996-02-15,32.5,33.25,31.5,32.349998474121094,24.37492561340332,117300.0,MRPL.NS
1996-02-16,32.349998474121094,32.29999923706055,31.350000381469727,31.600000381469727,23.80982208251953,63700.0,MRPL.NS
1996-02-19,31.600000381469727,31.75,31.0,31.200000762939453,23.508432388305664,66000.0,MRPL.NS
1996-02-20,31.200000762939453,31.0,30.0,30.200000762939453,22.754955291748047,61900.0,MRPL.NS
1996-02-21,30.200000762939453,30.200000762939453,30.200000762939453,30.200000762939453,22.754955291748047,0.0,MRPL.NS
1996-02-22,30.200000762939453,31.0,29.899999618530273,30.700000762939453,23.131694793701172,56500.0,MRPL.NS
1996-02-23,30.700000762939453,31.5,29.850000381469727,30.0,22.604263305664062,62800.0,MRPL.NS
1996-02-26,30.0,30.5,29.5,30.0,22.604263305664062,36900.0,MRPL.NS
1996-02-27,30.0,30.200000762939453,29.5,29.649999618530273,22.340547561645508,46700.0,MRPL.NS
1996-02-28,29.649999618530273,30.700000762939453,29.75,29.850000381469727,22.491241455078125,41800.0,MRPL.NS
1996-02-29,29.799999237060547,29.799999237060547,27.75,27.899999618530273,21.02196502685547,81900.0,MRPL.NS
1996-03-01,27.899999618530273,28.75,28.0,28.25,21.285676956176758,60400.0,MRPL.NS
1996-03-04,28.25,28.75,28.049999237060547,28.350000381469727,21.361026763916016,47600.0,MRPL.NS
1996-03-05,28.350000381469727,28.350000381469727,28.350000381469727,28.350000381469727,21.361026763916016,0.0,MRPL.NS
1996-03-06,28.350000381469727,28.450000762939453,27.700000762939453,27.799999237060547,20.946613311767578,46400.0,MRPL.NS
1996-03-07,27.799999237060547,28.399999618530273,27.600000381469727,27.700000762939453,20.87127113342285,49700.0,MRPL.NS
1996-03-08,27.700000762939453,28.0,27.0,27.600000381469727,20.795921325683594,80500.0,MRPL.NS
1996-03-11,27.600000381469727,27.75,27.149999618530273,27.5,20.7205753326416,32400.0,MRPL.NS
1996-03-12,27.5,27.700000762939453,27.049999237060547,27.200000762939453,20.49453353881836,56400.0,MRPL.NS
1996-03-13,27.200000762939453,27.75,27.25,27.649999618530273,20.833593368530273,45500.0,MRPL.NS
1996-03-14,27.649999618530273,28.0,27.350000381469727,27.5,20.7205753326416,35600.0,MRPL.NS
1996-03-15,27.5,27.899999618530273,27.350000381469727,27.450000762939453,20.682899475097656,36600.0,MRPL.NS
1996-03-18,27.450000762939453,27.600000381469727,27.100000381469727,27.200000762939453,20.49453353881836,45000.0,MRPL.NS
1996-03-19,27.200000762939453,27.25,26.75,27.049999237060547,20.381507873535156,49700.0,MRPL.NS
1996-03-20,27.049999237060547,27.049999237060547,27.049999237060547,27.049999237060547,20.381507873535156,0.0,MRPL.NS
1996-03-21,27.25,27.649999618530273,27.100000381469727,27.25,20.532203674316406,42200.0,MRPL.NS
1996-03-22,27.25,27.5,27.0,27.25,20.532203674316406,20800.0,MRPL.NS
1996-03-25,27.100000381469727,27.5,27.0,27.149999618530273,20.45685577392578,40600.0,MRPL.NS
1996-03-26,27.149999618530273,27.5,27.0,27.25,20.532203674316406,67200.0,MRPL.NS
1996-03-27,27.25,27.600000381469727,27.200000762939453,27.350000381469727,20.607555389404297,18500.0,MRPL.NS
1996-03-28,27.350000381469727,27.75,27.25,27.549999237060547,20.75824737548828,20500.0,MRPL.NS
1996-03-29,27.549999237060547,27.950000762939453,27.350000381469727,27.5,20.7205753326416,31900.0,MRPL.NS
1996-04-01,27.5,30.399999618530273,27.950000762939453,30.399999618530273,22.905651092529297,73000.0,MRPL.NS
1996-04-02,30.399999618530273,32.75,31.0,31.899999618530273,24.03586196899414,95800.0,MRPL.NS
1996-04-03,31.899999618530273,34.900001525878906,32.5,32.599998474121094,24.563295364379883,134500.0,MRPL.NS
1996-04-04,32.599998474121094,32.0,31.0,31.950000762939453,24.07353973388672,71600.0,MRPL.NS
1996-04-05,31.950000762939453,31.950000762939453,31.950000762939453,31.950000762939453,24.07353973388672,0.0,MRPL.NS
1996-04-08,31.950000762939453,32.900001525878906,32.0,32.25,24.29958152770996,85500.0,MRPL.NS
1996-04-09,32.25,32.599998474121094,31.549999237060547,31.899999618530273,24.03586196899414,97400.0,MRPL.NS
1996-04-10,31.899999618530273,32.849998474121094,32.0,32.150001525878906,24.224233627319336,49100.0,MRPL.NS
1996-04-11,32.150001525878906,32.0,31.100000381469727,31.75,23.922842025756836,41200.0,MRPL.NS
1996-04-12,31.75,32.25,31.549999237060547,32.0,24.1112117767334,38100.0,MRPL.NS
1996-04-15,32.0,32.75,32.0,32.099998474121094,24.186559677124023,29000.0,MRPL.NS
1996-04-16,32.099998474121094,32.5,31.75,31.850000381469727,23.998193740844727,52200.0,MRPL.NS
1996-04-17,32.25,32.599998474121094,32.04999923706055,32.349998474121094,24.37492561340332,64200.0,MRPL.NS
1996-04-18,32.349998474121094,35.0,32.599998474121094,33.29999923706055,25.090730667114258,123800.0,MRPL.NS
1996-04-19,33.29999923706055,34.70000076293945,33.54999923706055,33.79999923706055,25.46746826171875,116700.0,MRPL.NS
1996-04-22,34.0,34.5,32.5,33.04999923706055,24.902360916137695,90800.0,MRPL.NS
1996-04-23,33.04999923706055,33.0,32.25,32.5,24.487951278686523,63500.0,MRPL.NS
1996-04-24,32.5,34.0,33.0,33.29999923706055,25.090730667114258,63700.0,MRPL.NS
1996-04-25,35.0,35.0,32.25,32.5,24.487951278686523,76900.0,MRPL.NS
1996-04-26,32.5,33.0,32.0,32.650001525878906,24.60097312927246,45800.0,MRPL.NS
1996-04-29,32.650001525878906,33.0,32.20000076293945,32.45000076293945,24.45027732849121,35400.0,MRPL.NS
1996-04-30,32.45000076293945,32.75,32.0,32.099998474121094,24.186559677124023,63600.0,MRPL.NS
1996-05-01,32.099998474121094,33.25,32.25,32.650001525878906,24.60097312927246,40000.0,MRPL.NS
1996-05-02,32.650001525878906,32.75,32.25,32.45000076293945,24.45027732849121,34400.0,MRPL.NS
1996-05-03,32.5,32.599998474121094,32.25,32.45000076293945,24.45027732849121,31400.0,MRPL.NS
1996-05-06,32.45000076293945,32.5,31.899999618530273,32.25,24.29958152770996,45100.0,MRPL.NS
1996-05-07,32.25,32.45000076293945,32.0,32.25,24.29958152770996,40600.0,MRPL.NS
1996-05-08,32.25,32.599998474121094,32.0,32.20000076293945,24.261905670166016,47300.0,MRPL.NS
1996-05-09,32.20000076293945,32.45000076293945,31.75,31.850000381469727,23.998193740844727,28900.0,MRPL.NS
1996-05-10,31.850000381469727,31.75,30.100000381469727,31.450000762939453,23.69679832458496,29200.0,MRPL.NS
1996-05-13,31.850000381469727,31.850000381469727,30.799999237060547,31.649999618530273,23.84749984741211,26100.0,MRPL.NS
1996-05-14,31.649999618530273,32.25,31.100000381469727,31.299999237060547,23.58378028869629,46200.0,MRPL.NS
1996-05-15,31.299999237060547,32.0,31.100000381469727,31.25,23.546104431152344,49000.0,MRPL.NS
1996-05-16,31.25,32.5,31.5,31.649999618530273,23.84749984741211,78900.0,MRPL.NS
1996-05-17,31.649999618530273,31.700000762939453,30.799999237060547,31.149999618530273,23.470760345458984,60700.0,MRPL.NS
1996-05-20,30.600000381469727,30.600000381469727,29.0,29.799999237060547,22.45356559753418,27200.0,MRPL.NS
1996-05-21,29.799999237060547,29.649999618530273,28.25,28.75,21.662418365478516,77200.0,MRPL.NS
1996-05-22,28.75,29.450000762939453,28.850000381469727,29.049999237060547,21.888458251953125,44800.0,MRPL.NS
1996-05-23,29.049999237060547,29.200000762939453,28.5,28.850000381469727,21.737764358520508,23500.0,MRPL.NS
1996-05-24,28.850000381469727,29.200000762939453,28.600000381469727,28.950000762939453,21.813114166259766,34600.0,MRPL.NS
1996-05-27,28.950000762939453,28.899999618530273,28.399999618530273,28.649999618530273,21.587068557739258,26400.0,MRPL.NS
1996-05-28,28.649999618530273,28.75,28.100000381469727,28.649999618530273,21.587068557739258,32100.0,MRPL.NS
1996-05-29,28.649999618530273,29.5,28.799999237060547,29.25,22.039155960083008,40500.0,MRPL.NS
1996-05-30,29.25,29.450000762939453,29.0,29.25,22.039155960083008,18300.0,MRPL.NS
1996-05-31,29.25,29.5,29.0,29.149999618530273,21.963808059692383,21800.0,MRPL.NS
1996-06-03,29.149999618530273,30.25,29.0,29.75,22.415889739990234,50100.0,MRPL.NS
1996-06-04,29.75,30.200000762939453,29.25,29.399999618530273,22.152177810668945,62200.0,MRPL.NS
1996-06-05,29.0,29.799999237060547,29.0,29.399999618530273,22.152177810668945,30100.0,MRPL.NS
1996-06-06,30.0,30.350000381469727,29.049999237060547,29.75,22.415889739990234,250600.0,MRPL.NS
1996-06-07,29.950000762939453,30.0,29.200000762939453,29.799999237060547,22.45356559753418,244500.0,MRPL.NS
1996-06-10,30.0,32.0,29.549999237060547,29.850000381469727,22.491241455078125,34700.0,MRPL.NS
1996-06-11,29.75,29.950000762939453,29.549999237060547,29.850000381469727,22.491241455078125,44700.0,MRPL.NS
1996-06-12,29.950000762939453,30.5,29.950000762939453,30.149999618530273,22.717281341552734,34700.0,MRPL.NS
1996-06-13,30.049999237060547,30.75,30.0,30.100000381469727,22.679609298706055,64300.0,MRPL.NS
1996-06-14,30.899999618530273,31.5,30.25,30.850000381469727,23.24471664428711,77900.0,MRPL.NS
1996-06-17,31.0,31.700000762939453,30.5,30.600000381469727,23.056344985961914,69900.0,MRPL.NS
1996-06-18,30.5,31.0,29.75,30.0,22.604263305664062,66800.0,MRPL.NS
1996-06-19,29.5,30.799999237060547,29.5,30.100000381469727,22.679609298706055,37900.0,MRPL.NS
1996-06-20,29.5,30.149999618530273,29.25,29.75,22.415889739990234,32400.0,MRPL.NS
1996-06-21,29.950000762939453,30.299999237060547,29.549999237060547,29.700000762939453,22.378219604492188,32600.0,MRPL.NS
1996-06-24,29.25,29.399999618530273,29.0,29.200000762939453,22.001483917236328,26300.0,MRPL.NS
1996-06-25,29.0,29.299999237060547,28.100000381469727,28.600000381469727,21.549394607543945,58100.0,MRPL.NS
1996-06-26,29.0,29.200000762939453,28.0,28.399999618530273,21.398700714111328,31700.0,MRPL.NS
1996-06-27,28.149999618530273,28.75,28.0,28.25,21.285676956176758,34100.0,MRPL.NS
1996-06-28,28.850000381469727,28.850000381469727,28.100000381469727,28.299999237060547,21.323352813720703,35100.0,MRPL.NS
1996-07-01,28.049999237060547,28.5,27.75,27.950000762939453,21.05963897705078,39600.0,MRPL.NS
1996-07-02,27.850000381469727,27.899999618530273,27.399999618530273,27.649999618530273,20.833593368530273,63900.0,MRPL.NS
1996-07-03,29.049999237060547,30.0,28.100000381469727,28.450000762939453,21.43637466430664,148100.0,MRPL.NS
1996-07-04,28.5,29.0,28.0,28.649999618530273,21.587068557739258,72800.0,MRPL.NS
1996-07-05,28.799999237060547,28.950000762939453,28.549999237060547,28.899999618530273,21.775436401367188,44700.0,MRPL.NS
1996-07-08,28.549999237060547,29.0,28.399999618530273,28.600000381469727,21.549394607543945,61900.0,MRPL.NS
1996-07-09,28.5,28.700000762939453,28.100000381469727,28.149999618530273,21.210329055786133,67800.0,MRPL.NS
1996-07-10,27.600000381469727,28.450000762939453,27.5,28.399999618530273,21.398700714111328,32700.0,MRPL.NS
1996-07-11,28.649999618530273,28.649999618530273,27.850000381469727,28.100000381469727,21.172658920288086,53000.0,MRPL.NS
1996-07-12,27.649999618530273,28.100000381469727,27.600000381469727,27.850000381469727,20.98429298400879,40800.0,MRPL.NS
1996-07-15,27.75,28.100000381469727,27.5,27.549999237060547,20.75824737548828,41200.0,MRPL.NS
1996-07-16,27.149999618530273,27.950000762939453,27.149999618530273,27.450000762939453,20.682899475097656,40000.0,MRPL.NS
1996-07-17,27.25,27.649999618530273,27.200000762939453,27.450000762939453,20.682899475097656,36200.0,MRPL.NS
1996-07-18,27.5,27.75,27.350000381469727,27.450000762939453,20.682899475097656,37100.0,MRPL.NS
1996-07-19,27.5,27.700000762939453,27.25,27.649999618530273,20.833593368530273,33300.0,MRPL.NS
1996-07-22,27.100000381469727,27.899999618530273,27.100000381469727,27.700000762939453,20.87127113342285,3300.0,MRPL.NS
1996-07-23,27.850000381469727,28.0,27.25,27.399999618530273,20.645227432250977,55500.0,MRPL.NS
1996-07-24,27.0,27.149999618530273,26.5,27.0,20.343833923339844,43200.0,MRPL.NS
1996-07-25,26.799999237060547,26.799999237060547,26.299999237060547,26.399999618530273,19.891748428344727,44900.0,MRPL.NS
1996-07-26,26.899999618530273,26.899999618530273,26.0,26.200000762939453,19.741052627563477,31400.0,MRPL.NS
1996-07-29,26.5,26.5,25.5,25.549999237060547,19.25129508972168,53300.0,MRPL.NS
1996-07-30,25.700000762939453,25.700000762939453,25.0,25.350000381469727,19.100603103637695,62000.0,MRPL.NS
1996-07-31,24.25,25.700000762939453,24.25,25.5,19.213624954223633,37200.0,MRPL.NS
1996-08-01,25.700000762939453,26.25,25.399999618530273,25.549999237060547,19.25129508972168,28700.0,MRPL.NS
1996-08-02,25.100000381469727,26.200000762939453,25.0,25.5,19.213624954223633,37300.0,MRPL.NS
1996-08-05,25.5,25.700000762939453,25.0,25.100000381469727,18.912229537963867,40800.0,MRPL.NS
1996-08-06,24.700000762939453,25.25,24.5,24.899999618530273,18.76153564453125,89400.0,MRPL.NS
1996-08-07,24.149999618530273,25.299999237060547,24.149999618530273,24.799999237060547,18.686187744140625,32800.0,MRPL.NS
1996-08-08,25.25,25.5,24.549999237060547,24.850000381469727,18.72386360168457,28500.0,MRPL.NS
1996-08-09,24.549999237060547,24.799999237060547,24.5,24.549999237060547,18.497817993164062,37100.0,MRPL.NS
1996-08-12,24.600000381469727,24.75,24.049999237060547,24.149999618530273,18.196430206298828,34900.0,MRPL.NS
1996-08-13,24.25,24.450000762939453,23.899999618530273,24.049999237060547,18.12108612060547,33200.0,MRPL.NS
1996-08-14,24.25,24.5,24.0,24.149999618530273,18.196430206298828,15500.0,MRPL.NS
1996-08-15,24.149999618530273,24.149999618530273,24.149999618530273,24.149999618530273,18.196430206298828,0.0,MRPL.NS
1996-08-16,23.100000381469727,24.0,23.049999237060547,23.700000762939453,17.85736846923828,26800.0,MRPL.NS
1996-08-19,23.700000762939453,23.950000762939453,22.799999237060547,22.799999237060547,17.17923927307129,39100.0,MRPL.NS
1996-08-20,23.0,23.0,22.25,22.299999237060547,16.802499771118164,43400.0,MRPL.NS
1996-08-21,23.700000762939453,23.700000762939453,22.149999618530273,22.350000381469727,16.84017562866211,42900.0,MRPL.NS
1996-08-22,22.549999237060547,22.799999237060547,22.350000381469727,22.649999618530273,17.066213607788086,39000.0,MRPL.NS
1996-08-23,23.0,23.0,22.399999618530273,22.700000762939453,17.103891372680664,29600.0,MRPL.NS
1996-08-26,23.0,23.049999237060547,22.5,22.75,17.141565322875977,40400.0,MRPL.NS
1996-08-27,22.5,23.0,21.5,22.299999237060547,16.802499771118164,69800.0,MRPL.NS
1996-08-28,22.5,22.75,21.850000381469727,22.549999237060547,16.990867614746094,42800.0,MRPL.NS
1996-08-29,22.75,22.75,22.399999618530273,22.700000762939453,17.103891372680664,48800.0,MRPL.NS
1996-08-30,22.0,23.25,22.0,23.049999237060547,17.367605209350586,30900.0,MRPL.NS
1996-09-02,22.950000762939453,23.600000381469727,22.950000762939453,23.5,17.70667266845703,69600.0,MRPL.NS
1996-09-03,23.600000381469727,24.25,23.0,23.450000762939453,17.66900062561035,72200.0,MRPL.NS
1996-09-04,22.899999618530273,23.75,22.899999618530273,23.299999237060547,17.55597686767578,29800.0,MRPL.NS
1996-09-05,23.5,23.899999618530273,22.75,23.0,17.32993507385254,40000.0,MRPL.NS
1996-09-06,23.0,23.299999237060547,22.600000381469727,23.149999618530273,17.442955017089844,14200.0,MRPL.NS
1996-09-09,23.350000381469727,23.350000381469727,22.299999237060547,22.549999237060547,16.990867614746094,43200.0,MRPL.NS
1996-09-10,22.600000381469727,22.799999237060547,22.299999237060547,22.399999618530273,16.877845764160156,39600.0,MRPL.NS
1996-09-11,23.100000381469727,23.100000381469727,22.200000762939453,22.700000762939453,17.103891372680664,21000.0,MRPL.NS
1996-09-12,21.899999618530273,22.75,21.899999618530273,22.350000381469727,16.84017562866211,29000.0,MRPL.NS
1996-09-13,22.450000762939453,22.5,22.0,22.049999237060547,16.614133834838867,23800.0,MRPL.NS
1996-09-16,22.0,22.350000381469727,21.950000762939453,22.049999237060547,16.614133834838867,23800.0,MRPL.NS
1996-09-17,21.850000381469727,22.0,21.549999237060547,21.899999618530273,16.50111198425293,26700.0,MRPL.NS
1996-09-18,22.5,22.5,21.799999237060547,22.299999237060547,16.802499771118164,19500.0,MRPL.NS
1996-09-19,22.25,22.600000381469727,21.100000381469727,21.5,16.199724197387695,28900.0,MRPL.NS
1996-09-20,21.399999618530273,21.5,21.0,21.200000762939453,15.97368049621582,26300.0,MRPL.NS
1996-09-23,21.899999618530273,21.899999618530273,20.549999237060547,21.0,15.822981834411621,31800.0,MRPL.NS
1996-09-24,20.700000762939453,21.299999237060547,20.700000762939453,21.0,15.822981834411621,27800.0,MRPL.NS
1996-09-25,21.75,21.75,20.950000762939453,21.25,16.0113525390625,29100.0,MRPL.NS
1996-09-26,21.450000762939453,21.450000762939453,20.799999237060547,20.850000381469727,15.709961891174316,23200.0,MRPL.NS
1996-09-27,21.0,21.0,19.5,19.850000381469727,14.956486701965332,49400.0,MRPL.NS
1996-09-30,19.600000381469727,19.899999618530273,18.5,19.399999618530273,14.617422103881836,31600.0,MRPL.NS
1996-10-01,19.799999237060547,20.450000762939453,19.299999237060547,19.75,14.88113784790039,21500.0,MRPL.NS
1996-10-02,19.75,19.75,19.75,19.75,14.88113784790039,0.0,MRPL.NS
1996-10-03,19.549999237060547,19.700000762939453,19.0,19.149999618530273,14.429055213928223,43800.0,MRPL.NS
1996-10-04,19.0,19.350000381469727,18.850000381469727,19.25,14.504400253295898,30600.0,MRPL.NS
1996-10-07,19.0,19.399999618530273,17.899999618530273,18.0,13.562557220458984,70900.0,MRPL.NS
1996-10-08,17.5,17.899999618530273,16.75,17.200000762939453,12.959778785705566,57500.0,MRPL.NS
1996-10-09,17.5,18.0,17.0,18.0,13.562557220458984,28100.0,MRPL.NS
1996-10-10,18.5,19.25,18.149999618530273,19.0,14.316035270690918,43700.0,MRPL.NS
1996-10-11,19.200000762939453,19.5,18.399999618530273,19.0,14.316035270690918,101300.0,MRPL.NS
1996-10-14,17.75,17.799999237060547,17.700000762939453,17.700000762939453,13.33651351928711,36600.0,MRPL.NS
1996-10-15,17.049999237060547,17.200000762939453,16.75,16.950000762939453,12.771408081054688,98300.0,MRPL.NS
1996-10-16,16.5,17.0,16.5,16.850000381469727,12.696061134338379,87800.0,MRPL.NS
1996-10-17,16.549999237060547,17.0,16.399999618530273,16.700000762939453,12.583041191101074,66000.0,MRPL.NS
1996-10-18,17.0,17.5,16.799999237060547,16.899999618530273,12.733734130859375,63000.0,MRPL.NS
1996-10-21,16.899999618530273,16.899999618530273,16.899999618530273,16.899999618530273,12.733734130859375,0.0,MRPL.NS
1996-10-22,17.149999618530273,17.75,17.149999618530273,17.549999237060547,13.223493576049805,61900.0,MRPL.NS
1996-10-23,18.799999237060547,18.799999237060547,17.950000762939453,18.5,13.939294815063477,157300.0,MRPL.NS
1996-10-24,18.799999237060547,18.799999237060547,17.850000381469727,18.149999618530273,13.675580024719238,74000.0,MRPL.NS
1996-10-25,18.350000381469727,18.350000381469727,18.0,18.149999618530273,13.675580024719238,36400.0,MRPL.NS
1996-10-28,18.149999618530273,18.299999237060547,17.899999618530273,17.950000762939453,13.524883270263672,28800.0,MRPL.NS
1996-10-29,18.100000381469727,18.100000381469727,17.5,17.549999237060547,13.223493576049805,49300.0,MRPL.NS
1996-10-30,17.549999237060547,17.549999237060547,17.549999237060547,17.549999237060547,13.223493576049805,0.0,MRPL.NS
1996-10-31,17.899999618530273,18.0,17.5,18.0,13.562557220458984,24000.0,MRPL.NS
1996-11-01,18.0,18.149999618530273,17.899999618530273,18.049999237060547,13.60023021697998,13900.0,MRPL.NS
1996-11-04,18.0,18.100000381469727,17.75,17.799999237060547,13.411860466003418,18800.0,MRPL.NS
1996-11-05,17.899999618530273,17.899999618530273,17.100000381469727,17.299999237060547,13.035124778747559,43100.0,MRPL.NS
1996-11-06,17.0,17.75,17.0,17.549999237060547,13.223493576049805,14000.0,MRPL.NS
1996-11-07,17.5,17.75,17.5,17.600000381469727,13.261165618896484,7400.0,MRPL.NS
1996-11-08,17.649999618530273,18.0,17.649999618530273,17.899999618530273,13.487208366394043,10200.0,MRPL.NS
1996-11-11,17.549999237060547,18.25,17.549999237060547,18.0,13.562557220458984,11400.0,MRPL.NS
1996-11-12,18.0,18.0,18.0,18.0,13.562557220458984,0.0,MRPL.NS
1996-11-13,17.799999237060547,18.0,17.5,17.700000762939453,13.33651351928711,22900.0,MRPL.NS
1996-11-14,17.799999237060547,17.950000762939453,17.299999237060547,17.399999618530273,13.110471725463867,19100.0,MRPL.NS
1996-11-15,17.799999237060547,17.799999237060547,16.75,17.0,12.80908203125,39300.0,MRPL.NS
1996-11-18,17.0,17.299999237060547,17.0,17.200000762939453,12.959778785705566,21100.0,MRPL.NS
1996-11-19,17.25,17.5,16.75,17.25,12.99744987487793,34700.0,MRPL.NS
1996-11-20,16.899999618530273,17.25,16.75,16.799999237060547,12.658385276794434,21800.0,MRPL.NS
1996-11-21,17.100000381469727,17.200000762939453,16.700000762939453,17.149999618530273,12.922101974487305,20000.0,MRPL.NS
1996-11-22,17.0,17.0,16.75,16.950000762939453,12.771408081054688,13500.0,MRPL.NS
1996-11-25,16.75,17.0,16.25,16.899999618530273,12.733734130859375,13100.0,MRPL.NS
1996-11-26,17.0,17.0,16.600000381469727,16.700000762939453,12.583041191101074,21600.0,MRPL.NS
1996-11-27,16.5,16.600000381469727,16.25,16.450000762939453,12.394670486450195,13700.0,MRPL.NS
1996-11-28,16.5,16.75,16.200000762939453,16.399999618530273,12.3569974899292,16300.0,MRPL.NS
1996-11-29,16.100000381469727,16.5,16.100000381469727,16.25,12.243975639343262,27500.0,MRPL.NS
1996-12-02,16.5,16.75,16.25,16.450000762939453,12.394670486450195,36300.0,MRPL.NS
1996-12-03,16.350000381469727,16.399999618530273,16.0,16.25,12.243975639343262,44900.0,MRPL.NS
1996-12-04,16.450000762939453,16.5,16.049999237060547,16.399999618530273,12.3569974899292,41900.0,MRPL.NS
1996-12-05,16.299999237060547,16.600000381469727,16.0,16.450000762939453,12.394670486450195,48400.0,MRPL.NS
1996-12-06,16.5,16.850000381469727,16.0,16.5,12.432343482971191,44700.0,MRPL.NS
1996-12-09,16.700000762939453,16.700000762939453,16.350000381469727,16.5,12.432343482971191,30800.0,MRPL.NS
1996-12-10,16.399999618530273,16.5,16.25,16.399999618530273,12.3569974899292,42800.0,MRPL.NS
1996-12-11,16.5,16.899999618530273,16.399999618530273,16.75,12.620711326599121,41900.0,MRPL.NS
1996-12-12,17.399999618530273,17.399999618530273,16.75,16.950000762939453,12.771408081054688,39000.0,MRPL.NS
1996-12-13,16.600000381469727,16.899999618530273,16.549999237060547,16.850000381469727,12.696061134338379,25900.0,MRPL.NS
1996-12-16,17.5,18.0,16.75,17.950000762939453,13.524883270263672,35100.0,MRPL.NS
1996-12-17,17.75,18.399999618530273,17.75,18.25,13.75092601776123,33400.0,MRPL.NS
1996-12-18,18.5,18.950000762939453,18.100000381469727,18.350000381469727,13.826272964477539,56200.0,MRPL.NS
1996-12-19,18.450000762939453,19.0,18.149999618530273,18.799999237060547,14.1653413772583,34100.0,MRPL.NS
1996-12-20,19.399999618530273,20.149999618530273,19.149999618530273,20.149999618530273,15.182527542114258,62800.0,MRPL.NS
1996-12-23,20.950000762939453,21.5,20.149999618530273,20.799999237060547,15.672287940979004,78200.0,MRPL.NS
1996-12-24,20.75,21.0,20.049999237060547,20.450000762939453,15.4085693359375,75200.0,MRPL.NS
1996-12-25,20.450000762939453,20.450000762939453,20.450000762939453,20.450000762939453,15.4085693359375,0.0,MRPL.NS
1996-12-26,20.950000762939453,21.799999237060547,20.950000762939453,21.5,16.199724197387695,141000.0,MRPL.NS
1996-12-27,21.5,21.5,21.5,21.5,16.199724197387695,0.0,MRPL.NS
1996-12-30,21.5,21.5,21.5,21.5,16.199724197387695,0.0,MRPL.NS
1996-12-31,22.149999618530273,23.049999237060547,22.100000381469727,22.399999618530273,16.877845764160156,85700.0,MRPL.NS
1997-01-01,23.0,24.0,22.600000381469727,23.100000381469727,17.4052791595459,192600.0,MRPL.NS
1997-01-02,23.649999618530273,23.850000381469727,22.299999237060547,22.450000762939453,16.915523529052734,164100.0,MRPL.NS
1997-01-03,22.5,22.5,21.700000762939453,22.0,16.576457977294922,82400.0,MRPL.NS
1997-01-06,22.25,23.450000762939453,21.0,21.950000762939453,16.538785934448242,83000.0,MRPL.NS
1997-01-07,22.100000381469727,22.100000381469727,21.049999237060547,21.399999618530273,16.124372482299805,89200.0,MRPL.NS
1997-01-08,22.0,22.899999618530273,21.600000381469727,22.0,16.576457977294922,74800.0,MRPL.NS
1997-01-09,22.0,22.200000762939453,21.600000381469727,21.950000762939453,16.538785934448242,62900.0,MRPL.NS
1997-01-10,22.25,22.399999618530273,21.899999618530273,22.149999618530273,16.68947982788086,83600.0,MRPL.NS
1997-01-13,22.0,22.25,21.700000762939453,21.899999618530273,16.50111198425293,59100.0,MRPL.NS
1997-01-14,21.75,22.25,21.5,21.75,16.388090133666992,74200.0,MRPL.NS
1997-01-15,22.0,23.299999237060547,22.0,23.25,17.5183048248291,184900.0,MRPL.NS
1997-01-16,24.25,24.799999237060547,22.75,22.899999618530273,17.25458526611328,162100.0,MRPL.NS
1997-01-17,22.5,23.149999618530273,22.0,22.299999237060547,16.802499771118164,80800.0,MRPL.NS
1997-01-20,22.100000381469727,22.200000762939453,21.25,21.450000762939453,16.16204833984375,74800.0,MRPL.NS
1997-01-21,21.149999618530273,21.200000762939453,20.0,20.0,15.069507598876953,91100.0,MRPL.NS
1997-01-22,21.0,21.0,20.25,20.450000762939453,15.4085693359375,60600.0,MRPL.NS
1997-01-23,20.450000762939453,20.450000762939453,20.450000762939453,20.450000762939453,15.4085693359375,0.0,MRPL.NS
1997-01-24,20.350000381469727,20.700000762939453,20.100000381469727,20.200000762939453,15.22020149230957,42100.0,MRPL.NS
1997-01-27,20.450000762939453,20.75,20.0,20.049999237060547,15.107181549072266,53600.0,MRPL.NS
1997-01-28,20.25,20.350000381469727,19.799999237060547,20.049999237060547,15.107181549072266,69800.0,MRPL.NS
1997-01-29,20.5,21.0,20.0,20.149999618530273,15.182527542114258,73800.0,MRPL.NS
1997-01-30,19.75,20.0,19.350000381469727,19.450000762939453,14.655099868774414,56600.0,MRPL.NS
1997-01-31,19.25,19.350000381469727,18.5,18.899999618530273,14.240682601928711,43200.0,MRPL.NS
1997-02-03,18.75,18.75,18.25,18.350000381469727,13.826272964477539,31300.0,MRPL.NS
1997-02-04,18.0,18.899999618530273,17.850000381469727,18.399999618530273,13.863946914672852,51400.0,MRPL.NS
1997-02-05,19.0,19.700000762939453,18.75,19.200000762939453,14.466729164123535,55700.0,MRPL.NS
1997-02-06,19.100000381469727,20.049999237060547,19.100000381469727,19.850000381469727,14.956486701965332,60300.0,MRPL.NS
1997-02-07,19.950000762939453,20.0,19.600000381469727,19.799999237060547,14.91881275177002,43100.0,MRPL.NS
1997-02-10,19.75,20.100000381469727,19.75,19.850000381469727,14.956486701965332,27800.0,MRPL.NS
1997-02-11,19.700000762939453,20.049999237060547,18.5,19.899999618530273,14.994163513183594,116000.0,MRPL.NS
1997-02-12,20.0,20.0,18.549999237060547,19.649999618530273,14.805791854858398,80200.0,MRPL.NS
1997-02-13,19.0,19.600000381469727,19.0,19.450000762939453,14.655099868774414,15000.0,MRPL.NS
1997-02-14,19.5,20.0,19.5,19.700000762939453,14.843465805053711,52400.0,MRPL.NS
1997-02-17,19.799999237060547,19.899999618530273,19.399999618530273,19.5,14.692770957946777,65600.0,MRPL.NS
1997-02-18,19.5,19.700000762939453,19.0,19.100000381469727,14.391380310058594,47700.0,MRPL.NS
1997-02-19,19.5,19.799999237060547,19.25,19.299999237060547,14.542071342468262,40400.0,MRPL.NS
1997-02-20,19.299999237060547,19.350000381469727,19.100000381469727,19.200000762939453,14.466729164123535,27100.0,MRPL.NS
1997-02-21,19.25,19.350000381469727,18.950000762939453,19.049999237060547,14.353705406188965,33400.0,MRPL.NS
1997-02-24,19.0,19.200000762939453,18.799999237060547,18.899999618530273,14.240682601928711,29900.0,MRPL.NS
1997-02-25,18.899999618530273,18.899999618530273,18.5,18.799999237060547,14.1653413772583,43600.0,MRPL.NS
1997-02-26,19.0,19.399999618530273,18.75,19.200000762939453,14.466729164123535,40800.0,MRPL.NS
1997-02-27,19.100000381469727,20.200000762939453,19.100000381469727,20.049999237060547,15.107181549072266,87800.0,MRPL.NS
1997-02-28,20.5,21.0,20.149999618530273,20.649999618530273,15.559266090393066,58800.0,MRPL.NS
1997-03-03,22.25,23.549999237060547,22.25,23.149999618530273,17.442955017089844,243900.0,MRPL.NS
1997-03-04,23.25,23.399999618530273,22.399999618530273,23.299999237060547,17.55597686767578,143900.0,MRPL.NS
1997-03-05,24.200000762939453,24.899999618530273,23.5,23.799999237060547,17.93271255493164,173500.0,MRPL.NS
1997-03-06,23.450000762939453,23.799999237060547,23.0,23.100000381469727,17.4052791595459,93000.0,MRPL.NS
1997-03-07,23.100000381469727,23.100000381469727,23.100000381469727,23.100000381469727,17.4052791595459,0.0,MRPL.NS
1997-03-10,23.0,23.0,21.549999237060547,21.75,16.388090133666992,77800.0,MRPL.NS
1997-03-11,21.549999237060547,21.75,20.399999618530273,20.549999237060547,15.483916282653809,92500.0,MRPL.NS
1997-03-12,21.5,21.899999618530273,20.399999618530273,20.600000381469727,15.52159309387207,91400.0,MRPL.NS
1997-03-13,21.0,21.0,20.049999237060547,20.200000762939453,15.22020149230957,42600.0,MRPL.NS
1997-03-14,19.950000762939453,20.5,19.700000762939453,20.299999237060547,15.295553207397461,37500.0,MRPL.NS
1997-03-17,20.5,20.5,19.700000762939453,19.850000381469727,14.956486701965332,53300.0,MRPL.NS
1997-03-18,19.75,20.299999237060547,19.399999618530273,20.0,15.069507598876953,69500.0,MRPL.NS
1997-03-19,20.25,20.399999618530273,19.600000381469727,19.649999618530273,14.805791854858398,47800.0,MRPL.NS
1997-03-20,19.549999237060547,19.850000381469727,19.5,19.850000381469727,14.956486701965332,35800.0,MRPL.NS
1997-03-21,19.75,20.0,19.5,19.700000762939453,14.843465805053711,34200.0,MRPL.NS
1997-03-24,19.700000762939453,19.700000762939453,19.700000762939453,19.700000762939453,14.843465805053711,0.0,MRPL.NS
1997-03-25,19.850000381469727,19.850000381469727,19.049999237060547,19.25,14.504400253295898,43400.0,MRPL.NS
1997-03-26,19.5,19.600000381469727,19.299999237060547,19.450000762939453,14.655099868774414,69400.0,MRPL.NS
1997-03-27,19.450000762939453,19.5,19.0,19.350000381469727,14.579748153686523,26300.0,MRPL.NS
1997-03-28,19.350000381469727,19.350000381469727,19.350000381469727,19.350000381469727,14.579748153686523,0.0,MRPL.NS
1997-03-31,18.100000381469727,18.100000381469727,18.0,18.0,13.562557220458984,13800.0,MRPL.NS
1997-04-01,18.0,18.0,16.799999237060547,17.700000762939453,13.33651351928711,66000.0,MRPL.NS
1997-04-02,18.700000762939453,18.899999618530273,18.299999237060547,18.899999618530273,14.240682601928711,27100.0,MRPL.NS
1997-04-03,19.700000762939453,19.700000762939453,19.0,19.25,14.504400253295898,33300.0,MRPL.NS
1997-04-04,19.049999237060547,19.25,18.75,19.100000381469727,14.391380310058594,24800.0,MRPL.NS
1997-04-07,18.75,18.950000762939453,18.5,18.799999237060547,14.1653413772583,58500.0,MRPL.NS
1997-04-08,18.799999237060547,18.799999237060547,18.799999237060547,18.799999237060547,14.1653413772583,0.0,MRPL.NS
1997-04-09,19.0,19.5,19.0,19.299999237060547,14.542071342468262,50800.0,MRPL.NS
1997-04-10,19.5,19.5,18.649999618530273,18.899999618530273,14.240682601928711,48900.0,MRPL.NS
1997-04-11,18.299999237060547,18.899999618530273,18.200000762939453,18.649999618530273,14.052316665649414,29200.0,MRPL.NS
1997-04-14,18.649999618530273,18.649999618530273,18.649999618530273,18.649999618530273,14.052316665649414,0.0,MRPL.NS
1997-04-15,18.649999618530273,18.799999237060547,18.350000381469727,18.600000381469727,14.014642715454102,49500.0,MRPL.NS
1997-04-16,18.600000381469727,18.600000381469727,18.600000381469727,18.600000381469727,14.014642715454102,0.0,MRPL.NS
1997-04-17,19.0,19.5,18.950000762939453,19.399999618530273,14.617422103881836,54600.0,MRPL.NS
1997-04-18,19.399999618530273,19.399999618530273,19.399999618530273,19.399999618530273,14.617422103881836,0.0,MRPL.NS
1997-04-21,19.899999618530273,20.149999618530273,19.299999237060547,19.899999618530273,14.994163513183594,73300.0,MRPL.NS
1997-04-22,20.450000762939453,20.450000762939453,19.5,19.700000762939453,14.843465805053711,70800.0,MRPL.NS
1997-04-23,20.200000762939453,20.200000762939453,19.600000381469727,19.700000762939453,14.843465805053711,84900.0,MRPL.NS
1997-04-24,20.0,20.0,19.049999237060547,19.299999237060547,14.542071342468262,44100.0,MRPL.NS
1997-04-25,18.5,19.25,18.5,19.149999618530273,14.429055213928223,46700.0,MRPL.NS
1997-04-28,19.25,19.25,18.549999237060547,18.75,14.127662658691406,35200.0,MRPL.NS
1997-04-29,18.850000381469727,18.850000381469727,18.25,18.299999237060547,13.788599967956543,64200.0,MRPL.NS
1997-04-30,19.299999237060547,19.5,18.649999618530273,18.75,14.127662658691406,90600.0,MRPL.NS
1997-05-01,18.75,18.75,18.75,18.75,14.127662658691406,0.0,MRPL.NS
1997-05-02,18.899999618530273,18.899999618530273,18.5,18.600000381469727,14.014642715454102,35500.0,MRPL.NS
1997-05-05,18.299999237060547,18.75,18.25,18.399999618530273,13.863946914672852,49600.0,MRPL.NS
1997-05-06,18.25,18.600000381469727,18.25,18.5,13.939294815063477,90500.0,MRPL.NS
1997-05-07,18.799999237060547,18.950000762939453,18.600000381469727,18.700000762939453,14.08998966217041,111000.0,MRPL.NS
1997-05-08,18.799999237060547,19.100000381469727,18.5,19.0,14.316035270690918,49300.0,MRPL.NS
1997-05-09,19.049999237060547,19.350000381469727,18.600000381469727,18.649999618530273,14.052316665649414,108100.0,MRPL.NS
1997-05-12,18.600000381469727,18.75,18.0,18.049999237060547,13.60023021697998,78600.0,MRPL.NS
1997-05-13,18.0,18.0,17.049999237060547,17.299999237060547,13.035124778747559,73700.0,MRPL.NS
1997-05-14,17.600000381469727,17.75,17.25,17.700000762939453,13.33651351928711,64900.0,MRPL.NS
1997-05-15,18.0,18.0,17.600000381469727,17.899999618530273,13.487208366394043,34900.0,MRPL.NS
1997-05-16,17.850000381469727,17.950000762939453,17.600000381469727,17.75,13.374189376831055,29600.0,MRPL.NS
1997-05-19,17.950000762939453,18.0,17.700000762939453,17.850000381469727,13.449539184570312,39400.0,MRPL.NS
1997-05-20,18.0,18.100000381469727,17.700000762939453,18.0,13.562557220458984,49200.0,MRPL.NS
1997-05-21,18.399999618530273,19.25,18.049999237060547,18.600000381469727,14.014642715454102,124900.0,MRPL.NS
1997-05-22,18.850000381469727,19.200000762939453,18.649999618530273,19.049999237060547,14.353705406188965,73400.0,MRPL.NS
1997-05-23,19.100000381469727,19.149999618530273,18.700000762939453,18.899999618530273,14.240682601928711,70600.0,MRPL.NS
1997-05-26,18.799999237060547,18.799999237060547,17.850000381469727,17.950000762939453,13.524883270263672,67700.0,MRPL.NS
1997-05-27,17.899999618530273,17.899999618530273,17.049999237060547,17.299999237060547,13.035124778747559,85400.0,MRPL.NS
1997-05-28,17.850000381469727,17.850000381469727,16.25,16.399999618530273,12.3569974899292,182000.0,MRPL.NS
1997-05-29,16.100000381469727,16.899999618530273,16.100000381469727,16.600000381469727,12.507691383361816,87900.0,MRPL.NS
1997-05-30,16.950000762939453,17.25,16.600000381469727,17.049999237060547,12.846755981445312,57300.0,MRPL.NS
1997-06-02,16.799999237060547,17.200000762939453,16.799999237060547,16.899999618530273,12.733734130859375,33500.0,MRPL.NS
1997-06-03,17.0,17.0,16.100000381469727,16.299999237060547,12.281647682189941,74700.0,MRPL.NS
1997-06-04,16.600000381469727,17.100000381469727,16.5,16.899999618530273,12.733734130859375,52900.0,MRPL.NS
1997-06-05,17.0,17.049999237060547,16.700000762939453,16.850000381469727,12.696061134338379,32600.0,MRPL.NS
1997-06-06,16.649999618530273,16.899999618530273,16.600000381469727,16.649999618530273,12.545365333557129,42400.0,MRPL.NS
1997-06-09,16.75,16.75,16.5,16.600000381469727,12.507691383361816,39500.0,MRPL.NS
1997-06-10,16.600000381469727,16.700000762939453,16.200000762939453,16.5,12.432343482971191,68200.0,MRPL.NS
1997-06-11,16.75,17.700000762939453,16.75,17.700000762939453,13.33651351928711,108500.0,MRPL.NS
1997-06-12,18.299999237060547,18.950000762939453,18.299999237060547,18.950000762939453,14.278358459472656,103200.0,MRPL.NS
1997-06-13,19.5,19.75,19.5,19.75,14.88113784790039,226700.0,MRPL.NS
1997-06-16,19.5,19.75,18.549999237060547,18.600000381469727,14.014642715454102,115800.0,MRPL.NS
1997-06-17,18.5,18.700000762939453,18.049999237060547,18.399999618530273,13.863946914672852,137300.0,MRPL.NS
1997-06-18,18.600000381469727,19.399999618530273,18.5,18.700000762939453,14.08998966217041,116000.0,MRPL.NS
1997-06-19,18.5,18.899999618530273,18.25,18.700000762939453,14.08998966217041,79700.0,MRPL.NS
1997-06-20,18.649999618530273,19.100000381469727,18.600000381469727,19.100000381469727,14.391380310058594,184500.0,MRPL.NS
1997-06-23,18.799999237060547,19.399999618530273,18.5,19.299999237060547,14.542071342468262,128900.0,MRPL.NS
1997-06-24,19.350000381469727,19.350000381469727,19.0,19.200000762939453,14.466729164123535,598400.0,MRPL.NS
1997-06-25,19.0,19.5,19.0,19.149999618530273,14.429055213928223,98400.0,MRPL.NS
1997-06-26,19.200000762939453,19.5,19.0,19.049999237060547,14.353705406188965,69100.0,MRPL.NS
1997-06-27,19.0,19.200000762939453,18.600000381469727,18.700000762939453,14.08998966217041,73800.0,MRPL.NS
1997-06-30,18.75,18.75,18.049999237060547,18.299999237060547,13.788599967956543,61900.0,MRPL.NS
1997-07-01,19.0,19.0,17.5,18.149999618530273,13.675580024719238,117400.0,MRPL.NS
1997-07-02,18.299999237060547,19.149999618530273,18.299999237060547,18.75,14.127662658691406,99000.0,MRPL.NS
1997-07-03,18.700000762939453,18.75,18.25,18.350000381469727,13.826272964477539,92900.0,MRPL.NS
1997-07-04,18.299999237060547,19.649999618530273,18.299999237060547,19.5,14.692770957946777,185100.0,MRPL.NS
1997-07-07,19.75,20.0,19.200000762939453,19.399999618530273,14.617422103881836,115300.0,MRPL.NS
1997-07-08,19.450000762939453,19.5,19.0,19.299999237060547,14.542071342468262,117200.0,MRPL.NS
1997-07-09,19.75,20.649999618530273,19.700000762939453,20.600000381469727,15.52159309387207,232800.0,MRPL.NS
1997-07-10,20.600000381469727,22.0,20.399999618530273,21.799999237060547,16.425762176513672,334400.0,MRPL.NS
1997-07-11,21.799999237060547,21.799999237060547,21.100000381469727,21.649999618530273,16.312744140625,217600.0,MRPL.NS
1997-07-14,21.5,21.5,20.149999618530273,20.149999618530273,15.182527542114258,197400.0,MRPL.NS
1997-07-15,20.049999237060547,20.399999618530273,19.299999237060547,19.649999618530273,14.805791854858398,129700.0,MRPL.NS
1997-07-16,20.200000762939453,20.75,19.899999618530273,19.950000762939453,15.031834602355957,81900.0,MRPL.NS
1997-07-17,19.799999237060547,19.950000762939453,19.5,19.600000381469727,14.768120765686035,84400.0,MRPL.NS
1997-07-18,19.600000381469727,19.600000381469727,19.600000381469727,19.600000381469727,14.768120765686035,0.0,MRPL.NS
1997-07-21,19.75,19.799999237060547,19.299999237060547,19.5,14.692770957946777,73700.0,MRPL.NS
1997-07-22,19.5,19.899999618530273,19.399999618530273,19.549999237060547,14.73044204711914,79700.0,MRPL.NS
1997-07-23,20.100000381469727,20.899999618530273,19.899999618530273,20.700000762939453,15.596940040588379,180000.0,MRPL.NS
1997-07-24,21.100000381469727,21.5,20.75,21.299999237060547,16.04902458190918,229900.0,MRPL.NS
1997-07-25,21.0,21.25,20.700000762939453,20.950000762939453,15.785309791564941,140900.0,MRPL.NS
1997-07-28,20.799999237060547,21.149999618530273,20.649999618530273,20.75,15.634614944458008,78700.0,MRPL.NS
1997-07-29,20.850000381469727,21.350000381469727,20.5,21.299999237060547,16.04902458190918,154500.0,MRPL.NS
1997-07-30,21.5,22.399999618530273,21.5,22.0,16.576457977294922,201300.0,MRPL.NS
1997-07-31,22.5,23.25,22.399999618530273,23.200000762939453,17.480628967285156,299500.0,MRPL.NS
1997-08-01,23.25,24.25,23.200000762939453,24.049999237060547,18.12108612060547,283800.0,MRPL.NS
1997-08-04,24.299999237060547,24.75,23.850000381469727,24.350000381469727,18.347124099731445,256500.0,MRPL.NS
1997-08-05,24.850000381469727,25.5,24.700000762939453,25.5,19.213624954223633,333300.0,MRPL.NS
1997-08-06,25.5,25.5,25.5,25.5,19.213624954223633,6600.0,MRPL.NS
1997-08-07,25.25,26.850000381469727,24.899999618530273,25.5,19.213624954223633,449000.0,MRPL.NS
1997-08-08,25.450000762939453,25.75,24.399999618530273,24.700000762939453,18.61083984375,194400.0,MRPL.NS
1997-08-11,24.600000381469727,25.100000381469727,24.25,24.899999618530273,18.76153564453125,147500.0,MRPL.NS
1997-08-12,26.0,26.649999618530273,25.5,26.549999237060547,20.004770278930664,424100.0,MRPL.NS
1997-08-13,27.5,27.5,25.75,25.950000762939453,19.55268669128418,153000.0,MRPL.NS
1997-08-14,25.799999237060547,26.0,25.0,25.200000762939453,18.987581253051758,112700.0,MRPL.NS
1997-08-15,25.200000762939453,25.200000762939453,25.200000762939453,25.200000762939453,18.987581253051758,0.0,MRPL.NS
1997-08-18,24.75,25.100000381469727,24.299999237060547,24.649999618530273,18.573165893554688,75600.0,MRPL.NS
1997-08-19,24.850000381469727,24.899999618530273,23.600000381469727,23.700000762939453,17.85736846923828,117100.0,MRPL.NS
1997-08-20,23.600000381469727,24.75,23.5,24.549999237060547,18.497817993164062,112700.0,MRPL.NS
1997-08-21,25.399999618530273,26.25,24.0,24.450000762939453,18.42247200012207,130800.0,MRPL.NS
1997-08-22,24.600000381469727,24.850000381469727,24.0,24.200000762939453,18.23410415649414,95800.0,MRPL.NS
1997-08-25,23.049999237060547,23.350000381469727,22.549999237060547,22.899999618530273,17.25458526611328,102400.0,MRPL.NS
1997-08-26,23.049999237060547,23.25,21.5,21.700000762939453,16.350418090820312,160400.0,MRPL.NS
1997-08-27,22.75,23.25,22.700000762939453,22.950000762939453,17.292259216308594,124200.0,MRPL.NS
1997-08-28,22.600000381469727,22.899999618530273,22.200000762939453,22.299999237060547,16.802499771118164,79600.0,MRPL.NS
1997-08-29,22.0,22.5,21.350000381469727,22.0,16.576457977294922,90900.0,MRPL.NS
1997-09-01,22.0,22.0,21.049999237060547,21.200000762939453,15.97368049621582,77300.0,MRPL.NS
1997-09-02,21.899999618530273,22.700000762939453,21.0,21.200000762939453,15.97368049621582,246800.0,MRPL.NS
1997-09-03,22.100000381469727,22.700000762939453,22.100000381469727,22.700000762939453,17.103891372680664,285500.0,MRPL.NS
1997-09-04,23.950000762939453,23.950000762939453,22.350000381469727,22.850000381469727,17.2169132232666,172500.0,MRPL.NS
1997-09-05,23.0,23.200000762939453,22.799999237060547,23.100000381469727,17.4052791595459,121600.0,MRPL.NS
1997-09-08,22.5,23.5,22.5,23.25,17.5183048248291,112000.0,MRPL.NS
1997-09-09,23.299999237060547,23.649999618530273,23.100000381469727,23.200000762939453,17.480628967285156,103200.0,MRPL.NS
1997-09-10,22.600000381469727,23.049999237060547,22.299999237060547,22.950000762939453,17.292259216308594,62000.0,MRPL.NS
1997-09-11,22.75,23.0,22.649999618530273,22.700000762939453,17.103891372680664,46500.0,MRPL.NS
1997-09-12,22.799999237060547,22.850000381469727,22.399999618530273,22.600000381469727,17.02854347229004,60100.0,MRPL.NS
1997-09-15,23.350000381469727,23.350000381469727,22.100000381469727,22.200000762939453,16.72715187072754,68000.0,MRPL.NS
1997-09-16,22.100000381469727,22.5,22.100000381469727,22.299999237060547,16.802499771118164,56000.0,MRPL.NS
1997-09-17,22.25,22.25,21.899999618530273,21.950000762939453,16.538785934448242,46500.0,MRPL.NS
1997-09-18,21.149999618530273,21.799999237060547,21.149999618530273,21.549999237060547,16.237396240234375,92800.0,MRPL.NS
1997-09-19,21.549999237060547,21.75,21.350000381469727,21.600000381469727,16.275070190429688,69200.0,MRPL.NS
1997-09-22,21.450000762939453,21.549999237060547,20.899999618530273,21.0,15.822981834411621,91600.0,MRPL.NS
1997-09-23,21.0,21.25,20.850000381469727,21.149999618530273,15.936002731323242,63500.0,MRPL.NS
1997-09-24,21.100000381469727,21.399999618530273,21.049999237060547,21.149999618530273,15.936002731323242,56100.0,MRPL.NS
1997-09-25,21.899999618530273,21.899999618530273,21.149999618530273,21.25,16.0113525390625,36500.0,MRPL.NS
1997-09-26,21.149999618530273,21.450000762939453,21.100000381469727,21.149999618530273,15.936002731323242,64500.0,MRPL.NS
1997-09-29,21.299999237060547,21.450000762939453,20.899999618530273,20.899999618530273,15.747631072998047,79600.0,MRPL.NS
1997-09-30,21.350000381469727,22.899999618530273,21.0,21.450000762939453,16.16204833984375,324300.0,MRPL.NS
1997-10-01,23.600000381469727,23.600000381469727,21.649999618530273,23.149999618530273,17.442955017089844,298800.0,MRPL.NS
1997-10-02,23.149999618530273,23.149999618530273,23.149999618530273,23.149999618530273,17.442955017089844,0.0,MRPL.NS
1997-10-03,23.149999618530273,23.149999618530273,23.149999618530273,23.149999618530273,17.442955017089844,0.0,MRPL.NS
1997-10-06,23.149999618530273,23.149999618530273,23.149999618530273,23.149999618530273,17.442955017089844,0.0,MRPL.NS
1997-10-07,23.149999618530273,23.149999618530273,23.149999618530273,23.149999618530273,17.442955017089844,0.0,MRPL.NS
1997-10-08,23.149999618530273,23.149999618530273,23.149999618530273,23.149999618530273,17.442955017089844,0.0,MRPL.NS
1997-10-09,23.0,23.200000762939453,22.700000762939453,22.799999237060547,17.17923927307129,83200.0,MRPL.NS
1997-10-10,23.399999618530273,23.5,22.75,23.049999237060547,17.367605209350586,110400.0,MRPL.NS
1997-10-13,23.25,23.350000381469727,22.850000381469727,22.899999618530273,17.25458526611328,75800.0,MRPL.NS
1997-10-14,23.0,23.0,22.350000381469727,22.399999618530273,16.877845764160156,102400.0,MRPL.NS
1997-10-15,22.049999237060547,22.850000381469727,22.049999237060547,22.649999618530273,17.066213607788086,43100.0,MRPL.NS
1997-10-16,23.5,23.5,22.649999618530273,23.200000762939453,17.480628967285156,68800.0,MRPL.NS
1997-10-17,22.850000381469727,23.899999618530273,22.850000381469727,23.299999237060547,17.55597686767578,90200.0,MRPL.NS
1997-10-20,23.149999618530273,23.549999237060547,22.899999618530273,23.149999618530273,17.442955017089844,84500.0,MRPL.NS
1997-10-21,23.0,23.25,22.549999237060547,22.700000762939453,17.103891372680664,104400.0,MRPL.NS
1997-10-22,22.75,22.950000762939453,22.450000762939453,22.5,16.95319366455078,76400.0,MRPL.NS
1997-10-23,22.25,22.5,22.0,22.100000381469727,16.651805877685547,65400.0,MRPL.NS
1997-10-24,22.0,22.25,21.549999237060547,21.799999237060547,16.425762176513672,33900.0,MRPL.NS
1997-10-27,21.75,21.899999618530273,21.399999618530273,21.649999618530273,16.312744140625,36700.0,MRPL.NS
1997-10-28,21.350000381469727,21.350000381469727,20.0,20.049999237060547,15.107181549072266,96700.0,MRPL.NS
1997-10-29,21.0,21.5,20.850000381469727,21.299999237060547,16.04902458190918,62000.0,MRPL.NS
1997-10-30,21.25,21.950000762939453,21.149999618530273,21.799999237060547,16.425762176513672,27500.0,MRPL.NS
1997-10-31,21.799999237060547,21.799999237060547,21.799999237060547,21.799999237060547,16.425762176513672,0.0,MRPL.NS
1997-11-03,21.899999618530273,21.899999618530273,21.149999618530273,21.399999618530273,16.124372482299805,29600.0,MRPL.NS
1997-11-04,21.649999618530273,21.700000762939453,21.200000762939453,21.5,16.199724197387695,42600.0,MRPL.NS
1997-11-05,21.5,21.850000381469727,21.399999618530273,21.700000762939453,16.350418090820312,25800.0,MRPL.NS
1997-11-06,21.299999237060547,21.700000762939453,21.25,21.299999237060547,16.04902458190918,43000.0,MRPL.NS
1997-11-07,21.200000762939453,21.350000381469727,21.100000381469727,21.25,16.0113525390625,23800.0,MRPL.NS
1997-11-10,21.100000381469727,21.100000381469727,20.5,20.549999237060547,15.483916282653809,57300.0,MRPL.NS
1997-11-11,20.450000762939453,20.700000762939453,20.149999618530273,20.25,15.257878303527832,44000.0,MRPL.NS
1997-11-12,20.450000762939453,20.600000381469727,20.200000762939453,20.25,15.257878303527832,33600.0,MRPL.NS
1997-11-13,20.950000762939453,20.950000762939453,19.399999618530273,19.5,14.692770957946777,72300.0,MRPL.NS
1997-11-14,19.5,19.5,19.5,19.5,14.692770957946777,0.0,MRPL.NS
1997-11-17,19.700000762939453,20.200000762939453,19.649999618530273,20.0,15.069507598876953,34800.0,MRPL.NS
1997-11-18,19.950000762939453,20.100000381469727,19.799999237060547,19.950000762939453,15.031834602355957,41300.0,MRPL.NS
1997-11-19,19.700000762939453,20.25,19.549999237060547,20.200000762939453,15.22020149230957,40200.0,MRPL.NS
1997-11-20,20.0,20.450000762939453,19.850000381469727,20.25,15.257878303527832,24400.0,MRPL.NS
1997-11-21,20.049999237060547,20.75,20.049999237060547,20.600000381469727,15.52159309387207,25700.0,MRPL.NS
1997-11-24,20.200000762939453,20.5,20.049999237060547,20.149999618530273,15.182527542114258,30800.0,MRPL.NS
1997-11-25,20.049999237060547,20.450000762939453,20.049999237060547,20.25,15.257878303527832,48000.0,MRPL.NS
1997-11-26,21.0,21.200000762939453,20.5,21.049999237060547,15.86065673828125,35100.0,MRPL.NS
1997-11-27,20.799999237060547,21.299999237060547,20.799999237060547,21.149999618530273,15.936002731323242,58200.0,MRPL.NS
1997-11-28,20.799999237060547,21.100000381469727,19.899999618530273,20.399999618530273,15.370898246765137,65200.0,MRPL.NS
1997-12-01,20.049999237060547,20.049999237060547,19.0,19.25,14.504400253295898,186400.0,MRPL.NS
1997-12-02,19.450000762939453,19.5,18.0,18.399999618530273,13.863946914672852,312400.0,MRPL.NS
1997-12-03,18.600000381469727,19.5,18.299999237060547,19.149999618530273,14.429055213928223,49400.0,MRPL.NS
1997-12-04,18.799999237060547,19.200000762939453,18.549999237060547,18.950000762939453,14.278358459472656,39500.0,MRPL.NS
1997-12-05,18.850000381469727,19.0,18.600000381469727,18.700000762939453,14.08998966217041,31000.0,MRPL.NS
1997-12-08,18.600000381469727,19.200000762939453,18.600000381469727,19.100000381469727,14.391380310058594,24400.0,MRPL.NS
1997-12-09,19.0,19.100000381469727,18.600000381469727,18.799999237060547,14.1653413772583,43900.0,MRPL.NS
1997-12-10,18.950000762939453,19.149999618530273,18.799999237060547,19.049999237060547,14.353705406188965,23700.0,MRPL.NS
1997-12-11,19.0,19.149999618530273,18.850000381469727,18.899999618530273,14.240682601928711,23900.0,MRPL.NS
1997-12-12,19.0,19.299999237060547,18.75,19.200000762939453,14.466729164123535,23500.0,MRPL.NS
1997-12-15,19.100000381469727,19.200000762939453,18.899999618530273,18.950000762939453,14.278358459472656,24600.0,MRPL.NS
1997-12-16,19.0,19.25,18.950000762939453,19.100000381469727,14.391380310058594,38900.0,MRPL.NS
1997-12-17,19.200000762939453,19.5,19.149999618530273,19.399999618530273,14.617422103881836,16700.0,MRPL.NS
1997-12-18,19.75,20.0,19.399999618530273,19.700000762939453,14.843465805053711,25000.0,MRPL.NS
1997-12-19,19.75,20.0,19.549999237060547,20.0,15.069507598876953,26400.0,MRPL.NS
1997-12-22,19.649999618530273,20.350000381469727,19.649999618530273,20.149999618530273,15.182527542114258,32800.0,MRPL.NS
1997-12-23,20.399999618530273,20.399999618530273,19.75,19.850000381469727,14.956486701965332,64000.0,MRPL.NS
1997-12-24,20.0,20.299999237060547,19.700000762939453,20.25,15.257878303527832,62600.0,MRPL.NS
1997-12-25,20.25,20.25,20.25,20.25,15.257878303527832,0.0,MRPL.NS
1997-12-26,20.25,20.450000762939453,19.75,19.950000762939453,15.031834602355957,141400.0,MRPL.NS
1997-12-29,20.049999237060547,20.25,19.75,20.100000381469727,15.144856452941895,70400.0,MRPL.NS
1997-12-30,20.0,20.0,19.049999237060547,19.299999237060547,14.542071342468262,150100.0,MRPL.NS
1997-12-31,19.200000762939453,20.100000381469727,19.200000762939453,19.649999618530273,14.805791854858398,66000.0,MRPL.NS
1998-01-01,19.799999237060547,21.649999618530273,19.799999237060547,21.649999618530273,16.312744140625,140000.0,MRPL.NS
1998-01-02,22.0,22.25,21.200000762939453,21.5,16.199724197387695,124800.0,MRPL.NS
1998-01-05,21.899999618530273,22.200000762939453,21.5,21.700000762939453,16.350418090820312,113700.0,MRPL.NS
1998-01-06,21.0,21.799999237060547,21.0,21.25,16.0113525390625,144900.0,MRPL.NS
1998-01-07,21.75,22.0,21.149999618530273,21.600000381469727,16.275070190429688,108700.0,MRPL.NS
1998-01-08,21.600000381469727,21.600000381469727,19.899999618530273,20.299999237060547,15.295553207397461,140900.0,MRPL.NS
1998-01-09,20.0,20.450000762939453,19.350000381469727,19.549999237060547,14.73044204711914,125600.0,MRPL.NS
1998-01-12,18.75,19.450000762939453,18.0,19.299999237060547,14.542071342468262,52700.0,MRPL.NS
1998-01-13,19.25,19.700000762939453,19.049999237060547,19.149999618530273,14.429055213928223,79800.0,MRPL.NS
1998-01-14,19.799999237060547,20.25,19.5,19.700000762939453,14.843465805053711,37200.0,MRPL.NS
1998-01-15,19.850000381469727,19.899999618530273,19.5,19.850000381469727,14.956486701965332,28300.0,MRPL.NS
1998-01-16,19.799999237060547,20.0,19.649999618530273,19.950000762939453,15.031834602355957,24900.0,MRPL.NS
1998-01-19,20.100000381469727,20.100000381469727,19.350000381469727,19.600000381469727,14.768120765686035,34800.0,MRPL.NS
1998-01-20,19.75,19.899999618530273,19.25,19.450000762939453,14.655099868774414,68400.0,MRPL.NS
1998-01-21,19.850000381469727,19.899999618530273,19.399999618530273,19.5,14.692770957946777,39000.0,MRPL.NS
1998-01-22,19.5,19.549999237060547,19.299999237060547,19.299999237060547,14.542071342468262,21100.0,MRPL.NS
1998-01-23,19.200000762939453,19.450000762939453,19.149999618530273,19.25,14.504400253295898,37900.0,MRPL.NS
1998-01-26,19.25,19.25,19.25,19.25,14.504400253295898,0.0,MRPL.NS
1998-01-27,19.350000381469727,19.350000381469727,18.25,18.450000762939453,13.901618957519531,83400.0,MRPL.NS
1998-01-28,18.600000381469727,18.899999618530273,18.549999237060547,18.700000762939453,14.08998966217041,50100.0,MRPL.NS
1998-01-29,18.75,18.799999237060547,18.200000762939453,18.350000381469727,13.826272964477539,137400.0,MRPL.NS
1998-01-30,18.799999237060547,19.100000381469727,18.299999237060547,18.600000381469727,14.014642715454102,39000.0,MRPL.NS
1998-02-02,18.799999237060547,18.799999237060547,18.25,18.399999618530273,13.863946914672852,72600.0,MRPL.NS
1998-02-03,18.100000381469727,18.649999618530273,18.100000381469727,18.299999237060547,13.788599967956543,93300.0,MRPL.NS
1998-02-04,18.399999618530273,18.700000762939453,18.299999237060547,18.350000381469727,13.826272964477539,35600.0,MRPL.NS
1998-02-05,18.350000381469727,18.600000381469727,18.299999237060547,18.600000381469727,14.014642715454102,24500.0,MRPL.NS
1998-02-06,18.649999618530273,18.649999618530273,18.350000381469727,18.5,13.939294815063477,28900.0,MRPL.NS
1998-02-09,18.399999618530273,18.5,18.25,18.350000381469727,13.826272964477539,25900.0,MRPL.NS
1998-02-10,18.25,18.299999237060547,17.75,17.899999618530273,13.487208366394043,55600.0,MRPL.NS
1998-02-11,18.049999237060547,18.200000762939453,17.899999618530273,18.100000381469727,13.637903213500977,25700.0,MRPL.NS
1998-02-12,18.100000381469727,18.149999618530273,17.75,17.899999618530273,13.487208366394043,42200.0,MRPL.NS
1998-02-13,17.950000762939453,17.950000762939453,16.850000381469727,17.049999237060547,12.846755981445312,95100.0,MRPL.NS
1998-02-16,17.049999237060547,17.049999237060547,17.049999237060547,17.049999237060547,12.846755981445312,0.0,MRPL.NS
1998-02-17,16.549999237060547,16.75,15.899999618530273,16.0,12.0556058883667,230800.0,MRPL.NS
1998-02-18,16.049999237060547,16.299999237060547,15.600000381469727,15.800000190734863,11.904911041259766,227800.0,MRPL.NS
1998-02-19,15.75,16.299999237060547,15.75,16.0,12.0556058883667,165800.0,MRPL.NS
1998-02-20,16.25,16.25,15.75,15.800000190734863,11.904911041259766,180600.0,MRPL.NS
1998-02-23,16.0,16.299999237060547,15.899999618530273,16.200000762939453,12.20630168914795,106600.0,MRPL.NS
1998-02-24,16.200000762939453,16.5,16.100000381469727,16.299999237060547,12.281647682189941,96000.0,MRPL.NS
1998-02-25,16.799999237060547,17.899999618530273,16.600000381469727,17.850000381469727,13.449539184570312,118400.0,MRPL.NS
1998-02-26,19.5,19.649999618530273,17.850000381469727,18.350000381469727,13.826272964477539,128700.0,MRPL.NS
1998-02-27,18.950000762939453,19.100000381469727,18.5,18.75,14.127662658691406,149600.0,MRPL.NS
1998-03-02,19.100000381469727,19.450000762939453,18.600000381469727,19.299999237060547,14.542071342468262,144200.0,MRPL.NS
1998-03-03,18.950000762939453,19.25,17.649999618530273,17.899999618530273,13.487208366394043,134000.0,MRPL.NS
1998-03-04,18.049999237060547,18.75,18.0,18.600000381469727,14.014642715454102,129600.0,MRPL.NS
1998-03-05,18.25,19.0,18.25,18.549999237060547,13.976966857910156,123300.0,MRPL.NS
1998-03-06,18.450000762939453,18.600000381469727,18.200000762939453,18.350000381469727,13.826272964477539,54200.0,MRPL.NS
1998-03-09,18.549999237060547,18.75,18.299999237060547,18.549999237060547,13.976966857910156,58200.0,MRPL.NS
1998-03-10,18.149999618530273,18.75,18.149999618530273,18.350000381469727,13.826272964477539,79300.0,MRPL.NS
1998-03-11,18.899999618530273,18.950000762939453,18.299999237060547,18.5,13.939294815063477,41500.0,MRPL.NS
1998-03-12,18.25,18.450000762939453,18.149999618530273,18.350000381469727,13.826272964477539,26100.0,MRPL.NS
1998-03-13,18.350000381469727,18.350000381469727,18.350000381469727,18.350000381469727,13.826272964477539,0.0,MRPL.NS
1998-03-16,18.649999618530273,19.100000381469727,18.649999618530273,18.950000762939453,14.278358459472656,80800.0,MRPL.NS
1998-03-17,18.899999618530273,18.899999618530273,18.450000762939453,18.799999237060547,14.1653413772583,167200.0,MRPL.NS
1998-03-18,19.0,19.399999618530273,18.799999237060547,19.100000381469727,14.391380310058594,67000.0,MRPL.NS
1998-03-19,19.5,19.5,18.0,18.049999237060547,13.60023021697998,198900.0,MRPL.NS
1998-03-20,18.149999618530273,18.200000762939453,17.399999618530273,17.5,13.185820579528809,285300.0,MRPL.NS
1998-03-23,17.75,18.049999237060547,17.600000381469727,17.899999618530273,13.487208366394043,34100.0,MRPL.NS
1998-03-24,18.0,18.600000381469727,17.899999618530273,18.049999237060547,13.60023021697998,202500.0,MRPL.NS
1998-03-25,18.399999618530273,19.100000381469727,18.25,19.049999237060547,14.353705406188965,124000.0,MRPL.NS
1998-03-26,19.649999618530273,19.799999237060547,18.850000381469727,19.0,14.316035270690918,178000.0,MRPL.NS
1998-03-27,19.0,20.850000381469727,18.700000762939453,20.100000381469727,15.144856452941895,341300.0,MRPL.NS
1998-03-30,20.5,20.799999237060547,19.049999237060547,19.200000762939453,14.466729164123535,233900.0,MRPL.NS
1998-03-31,19.350000381469727,19.350000381469727,18.799999237060547,18.950000762939453,14.278358459472656,149400.0,MRPL.NS
1998-04-01,19.75,20.5,19.549999237060547,19.950000762939453,15.031834602355957,153700.0,MRPL.NS
1998-04-02,20.0,20.299999237060547,19.5,19.649999618530273,14.805791854858398,98100.0,MRPL.NS
1998-04-03,20.0,20.149999618530273,19.299999237060547,19.5,14.692770957946777,78000.0,MRPL.NS
1998-04-06,19.75,19.950000762939453,19.399999618530273,19.5,14.692770957946777,121700.0,MRPL.NS
1998-04-07,19.649999618530273,20.950000762939453,19.450000762939453,20.5,15.446242332458496,313700.0,MRPL.NS
1998-04-08,20.5,20.5,20.5,20.5,15.446242332458496,0.0,MRPL.NS
1998-04-09,21.25,21.950000762939453,21.0,21.799999237060547,16.425762176513672,307000.0,MRPL.NS
1998-04-10,22.0,22.700000762939453,21.350000381469727,22.0,16.576457977294922,317400.0,MRPL.NS
1998-04-13,22.200000762939453,22.200000762939453,21.0,21.5,16.199724197387695,331500.0,MRPL.NS
1998-04-14,21.5,21.5,21.5,21.5,16.199724197387695,0.0,MRPL.NS
1998-04-15,22.5,23.649999618530273,22.450000762939453,23.649999618530273,17.81969451904297,237400.0,MRPL.NS
1998-04-16,25.899999618530273,26.0,22.649999618530273,22.950000762939453,17.292259216308594,350000.0,MRPL.NS
1998-04-17,23.450000762939453,23.450000762939453,21.600000381469727,22.600000381469727,17.02854347229004,176700.0,MRPL.NS
1998-04-20,22.299999237060547,22.700000762939453,21.5,21.549999237060547,16.237396240234375,182000.0,MRPL.NS
1998-04-21,21.600000381469727,21.799999237060547,21.0,21.450000762939453,16.16204833984375,168100.0,MRPL.NS
1998-04-22,22.899999618530273,23.25,21.200000762939453,21.350000381469727,16.086698532104492,182400.0,MRPL.NS
1998-04-23,21.25,21.25,20.549999237060547,20.600000381469727,15.52159309387207,102200.0,MRPL.NS
1998-04-24,20.049999237060547,20.75,19.25,20.049999237060547,15.107181549072266,121700.0,MRPL.NS
1998-04-27,20.0,20.5,19.75,19.899999618530273,14.994163513183594,71500.0,MRPL.NS
1998-04-28,19.149999618530273,19.75,19.149999618530273,19.350000381469727,14.579748153686523,104600.0,MRPL.NS
1998-04-29,20.0,20.200000762939453,19.5,19.649999618530273,14.805791854858398,52000.0,MRPL.NS
1998-04-30,19.200000762939453,19.549999237060547,19.0,19.450000762939453,14.655099868774414,40600.0,MRPL.NS
1998-05-01,19.450000762939453,19.450000762939453,19.450000762939453,19.450000762939453,14.655099868774414,0.0,MRPL.NS
1998-05-04,19.649999618530273,19.899999618530273,19.299999237060547,19.5,14.692770957946777,50000.0,MRPL.NS
1998-05-05,19.600000381469727,19.799999237060547,19.399999618530273,19.549999237060547,14.73044204711914,75100.0,MRPL.NS
1998-05-06,19.850000381469727,19.850000381469727,19.299999237060547,19.450000762939453,14.655099868774414,40600.0,MRPL.NS
1998-05-07,19.450000762939453,19.450000762939453,19.450000762939453,19.450000762939453,14.655099868774414,0.0,MRPL.NS
1998-05-08,19.75,19.75,19.100000381469727,19.399999618530273,14.617422103881836,40000.0,MRPL.NS
1998-05-11,19.200000762939453,19.399999618530273,19.049999237060547,19.200000762939453,14.466729164123535,32500.0,MRPL.NS
1998-05-12,19.100000381469727,19.100000381469727,18.0,18.549999237060547,13.976966857910156,91500.0,MRPL.NS
1998-05-13,18.25,18.549999237060547,17.850000381469727,18.049999237060547,13.60023021697998,49900.0,MRPL.NS
1998-05-14,18.0,18.5,17.549999237060547,18.350000381469727,13.826272964477539,68200.0,MRPL.NS
1998-05-15,18.5,18.5,17.850000381469727,18.0,13.562557220458984,61000.0,MRPL.NS
1998-05-18,18.25,18.350000381469727,17.950000762939453,18.100000381469727,13.637903213500977,36200.0,MRPL.NS
1998-05-19,18.149999618530273,18.399999618530273,18.0,18.25,13.75092601776123,67200.0,MRPL.NS
1998-05-20,18.299999237060547,19.549999237060547,18.299999237060547,19.350000381469727,14.579748153686523,142500.0,MRPL.NS
1998-05-21,19.299999237060547,20.0,18.549999237060547,18.850000381469727,14.203010559082031,62000.0,MRPL.NS
1998-05-22,19.399999618530273,19.399999618530273,18.399999618530273,18.649999618530273,14.052316665649414,45400.0,MRPL.NS
1998-05-25,18.600000381469727,18.799999237060547,18.299999237060547,18.399999618530273,13.863946914672852,35600.0,MRPL.NS
1998-05-26,18.450000762939453,18.5,18.0,18.0,13.562557220458984,75300.0,MRPL.NS
1998-05-27,18.850000381469727,18.899999618530273,18.049999237060547,18.200000762939453,13.71325397491455,63400.0,MRPL.NS
1998-05-28,18.350000381469727,18.549999237060547,18.100000381469727,18.200000762939453,13.71325397491455,30800.0,MRPL.NS
1998-05-29,18.049999237060547,18.100000381469727,17.600000381469727,17.950000762939453,13.524883270263672,58000.0,MRPL.NS
1998-06-01,18.399999618530273,19.700000762939453,18.399999618530273,18.649999618530273,14.052316665649414,177200.0,MRPL.NS
1998-06-02,18.0,18.700000762939453,17.700000762939453,17.950000762939453,13.524883270263672,98100.0,MRPL.NS
1998-06-03,18.399999618530273,18.450000762939453,17.649999618530273,17.950000762939453,13.524883270263672,42700.0,MRPL.NS
1998-06-04,17.75,18.25,17.700000762939453,17.850000381469727,13.449539184570312,34800.0,MRPL.NS
1998-06-05,17.600000381469727,17.799999237060547,17.0,17.200000762939453,12.959778785705566,53500.0,MRPL.NS
1998-06-08,17.5,17.5,16.5,16.850000381469727,12.696061134338379,64900.0,MRPL.NS
1998-06-09,17.0,17.0,16.5,16.700000762939453,12.583041191101074,84700.0,MRPL.NS
1998-06-10,16.850000381469727,17.100000381469727,16.5,17.049999237060547,12.846755981445312,48500.0,MRPL.NS
1998-06-11,16.75,16.950000762939453,16.5,16.649999618530273,12.545365333557129,42900.0,MRPL.NS
1998-06-12,16.899999618530273,17.0,16.700000762939453,16.899999618530273,12.733734130859375,29100.0,MRPL.NS
1998-06-15,16.950000762939453,16.950000762939453,16.200000762939453,16.5,12.432343482971191,52000.0,MRPL.NS
1998-06-16,16.149999618530273,16.149999618530273,15.100000381469727,15.550000190734863,11.716543197631836,93300.0,MRPL.NS
1998-06-17,16.0,17.0,16.0,16.799999237060547,12.658385276794434,59200.0,MRPL.NS
1998-06-18,17.0,17.200000762939453,16.549999237060547,16.799999237060547,12.658385276794434,35800.0,MRPL.NS
1998-06-19,16.5,16.5,15.850000381469727,16.049999237060547,12.093279838562012,38200.0,MRPL.NS
1998-06-22,15.350000381469727,15.949999809265137,15.0,15.25,11.490499496459961,73600.0,MRPL.NS
1998-06-23,15.25,15.699999809265137,15.100000381469727,15.350000381469727,11.565847396850586,67100.0,MRPL.NS
1998-06-24,15.699999809265137,16.200000762939453,15.550000190734863,16.0,12.0556058883667,36300.0,MRPL.NS
1998-06-25,16.399999618530273,16.5,16.049999237060547,16.299999237060547,12.281647682189941,58000.0,MRPL.NS
1998-06-26,16.299999237060547,16.5,16.0,16.350000381469727,12.31932258605957,30900.0,MRPL.NS
1998-06-29,16.0,16.25,15.550000190734863,16.0,12.0556058883667,64300.0,MRPL.NS
1998-06-30,16.0,16.25,15.800000190734863,15.899999618530273,11.980257987976074,84000.0,MRPL.NS
1998-07-01,16.0,16.25,15.899999618530273,16.0,12.0556058883667,20100.0,MRPL.NS
1998-07-02,16.0,16.100000381469727,15.75,15.899999618530273,11.980257987976074,10900.0,MRPL.NS
1998-07-03,15.800000190734863,16.0,15.300000190734863,15.449999809265137,11.641193389892578,47300.0,MRPL.NS
1998-07-06,15.300000190734863,15.899999618530273,15.149999618530273,15.25,11.490499496459961,81400.0,MRPL.NS
1998-07-07,15.350000381469727,15.800000190734863,15.25,15.699999809265137,11.829564094543457,40400.0,MRPL.NS
1998-07-08,16.0,16.0,14.899999618530273,15.0,11.302131652832031,219000.0,MRPL.NS
1998-07-09,15.449999809265137,15.449999809265137,14.899999618530273,14.949999809265137,11.264457702636719,190400.0,MRPL.NS
1998-07-10,14.850000381469727,15.5,14.850000381469727,15.449999809265137,11.641193389892578,101700.0,MRPL.NS
1998-07-13,15.300000190734863,15.550000190734863,15.050000190734863,15.449999809265137,11.641193389892578,66500.0,MRPL.NS
1998-07-14,15.399999618530273,15.399999618530273,15.199999809265137,15.25,11.490499496459961,69700.0,MRPL.NS
1998-07-15,16.399999618530273,17.399999618530273,16.0,16.399999618530273,12.3569974899292,112600.0,MRPL.NS
1998-07-16,16.350000381469727,17.0,16.350000381469727,16.899999618530273,12.733734130859375,72400.0,MRPL.NS
1998-07-17,17.0,17.0,16.5,16.700000762939453,12.583041191101074,45900.0,MRPL.NS
1998-07-20,16.200000762939453,16.450000762939453,16.0,16.0,12.0556058883667,50300.0,MRPL.NS
1998-07-21,15.949999809265137,16.600000381469727,15.399999618530273,16.5,12.432343482971191,142200.0,MRPL.NS
1998-07-22,16.149999618530273,16.549999237060547,15.649999618530273,15.899999618530273,11.980257987976074,34700.0,MRPL.NS
1998-07-23,15.800000190734863,15.899999618530273,15.5,15.550000190734863,11.716543197631836,25100.0,MRPL.NS
1998-07-24,15.949999809265137,15.949999809265137,15.25,15.5,11.678868293762207,34100.0,MRPL.NS
1998-07-27,15.5,15.699999809265137,15.199999809265137,15.550000190734863,11.716543197631836,39800.0,MRPL.NS
1998-07-28,15.300000190734863,15.5,15.050000190734863,15.25,11.490499496459961,53200.0,MRPL.NS
1998-07-29,15.350000381469727,15.5,14.899999618530273,15.25,11.490499496459961,57400.0,MRPL.NS
1998-07-30,15.199999809265137,15.699999809265137,15.149999618530273,15.399999618530273,11.603521347045898,71000.0,MRPL.NS
1998-07-31,15.100000381469727,15.300000190734863,15.0,15.149999618530273,11.41515064239502,51600.0,MRPL.NS
1998-08-03,15.449999809265137,15.449999809265137,14.5,14.75,11.113761901855469,44900.0,MRPL.NS
1998-08-04,14.5,14.800000190734863,14.050000190734863,14.300000190734863,10.774697303771973,110100.0,MRPL.NS
1998-08-05,14.800000190734863,15.949999809265137,14.800000190734863,15.75,11.86723804473877,73900.0,MRPL.NS
1998-08-06,15.949999809265137,16.25,15.699999809265137,15.949999809265137,12.01793098449707,71000.0,MRPL.NS
1998-08-07,16.0,16.0,15.800000190734863,15.899999618530273,11.980257987976074,23000.0,MRPL.NS
1998-08-10,15.699999809265137,15.850000381469727,15.5,15.600000381469727,11.754216194152832,33300.0,MRPL.NS
1998-08-11,15.5,15.75,15.350000381469727,15.449999809265137,11.641193389892578,47500.0,MRPL.NS
1998-08-12,15.25,15.649999618530273,15.25,15.550000190734863,11.716543197631836,25700.0,MRPL.NS
1998-08-13,15.300000190734863,15.75,15.300000190734863,15.649999618530273,11.791890144348145,17200.0,MRPL.NS
1998-08-14,15.5,15.850000381469727,15.5,15.5,11.678868293762207,16000.0,MRPL.NS
1998-08-17,15.850000381469727,15.850000381469727,15.149999618530273,15.199999809265137,11.452825546264648,37300.0,MRPL.NS
1998-08-18,15.100000381469727,15.399999618530273,15.100000381469727,15.25,11.490499496459961,23400.0,MRPL.NS
1998-08-19,15.300000190734863,15.449999809265137,15.25,15.300000190734863,11.528172492980957,24100.0,MRPL.NS
1998-08-20,15.5,15.75,15.350000381469727,15.649999618530273,11.791890144348145,27100.0,MRPL.NS
1998-08-21,15.800000190734863,15.800000190734863,15.5,15.600000381469727,11.754216194152832,19700.0,MRPL.NS
1998-08-24,15.5,15.649999618530273,15.399999618530273,15.550000190734863,11.716543197631836,18900.0,MRPL.NS
1998-08-25,15.600000381469727,16.25,15.5,16.049999237060547,12.093279838562012,49700.0,MRPL.NS
1998-08-26,16.049999237060547,16.049999237060547,16.049999237060547,16.049999237060547,12.093279838562012,0.0,MRPL.NS
1998-08-27,15.75,16.450000762939453,15.5,15.949999809265137,12.01793098449707,25200.0,MRPL.NS
1998-08-28,15.649999618530273,15.899999618530273,15.600000381469727,15.75,11.86723804473877,19900.0,MRPL.NS
1998-08-31,15.949999809265137,16.0,15.5,15.550000190734863,11.716543197631836,36800.0,MRPL.NS
1998-09-01,15.5,15.699999809265137,15.050000190734863,15.149999618530273,11.41515064239502,40600.0,MRPL.NS
1998-09-02,15.199999809265137,15.350000381469727,15.0,15.300000190734863,11.528172492980957,25100.0,MRPL.NS
1998-09-03,15.25,15.399999618530273,15.0,15.149999618530273,11.41515064239502,29500.0,MRPL.NS
1998-09-04,15.149999618530273,15.25,15.0,15.149999618530273,11.41515064239502,38400.0,MRPL.NS
1998-09-07,15.0,15.25,14.899999618530273,14.949999809265137,11.264457702636719,57500.0,MRPL.NS
1998-09-08,14.899999618530273,15.199999809265137,14.850000381469727,15.149999618530273,11.41515064239502,52200.0,MRPL.NS
1998-09-09,15.449999809265137,15.949999809265137,15.050000190734863,15.5,11.678868293762207,61600.0,MRPL.NS
1998-09-10,15.399999618530273,15.649999618530273,15.350000381469727,15.5,11.678868293762207,19000.0,MRPL.NS
1998-09-11,15.399999618530273,15.600000381469727,15.300000190734863,15.350000381469727,11.565847396850586,15900.0,MRPL.NS
1998-09-14,15.149999618530273,15.5,15.100000381469727,15.399999618530273,11.603521347045898,15500.0,MRPL.NS
1998-09-15,15.5,15.600000381469727,15.050000190734863,15.199999809265137,11.452825546264648,33900.0,MRPL.NS
1998-09-16,15.149999618530273,15.399999618530273,15.100000381469727,15.199999809265137,11.452825546264648,27700.0,MRPL.NS
1998-09-17,15.050000190734863,15.25,15.0,15.149999618530273,11.41515064239502,16400.0,MRPL.NS
1998-09-18,14.949999809265137,15.199999809265137,14.949999809265137,15.149999618530273,11.41515064239502,14500.0,MRPL.NS
1998-09-21,15.100000381469727,16.850000381469727,14.899999618530273,14.949999809265137,11.264457702636719,23100.0,MRPL.NS
1998-09-22,15.0,15.399999618530273,14.949999809265137,15.050000190734863,11.339804649353027,37200.0,MRPL.NS
1998-09-23,15.100000381469727,15.199999809265137,15.0,15.050000190734863,11.339804649353027,14900.0,MRPL.NS
1998-09-24,15.149999618530273,15.5,15.050000190734863,15.100000381469727,11.377477645874023,60300.0,MRPL.NS
1998-09-25,15.050000190734863,15.199999809265137,14.949999809265137,14.949999809265137,11.264457702636719,35800.0,MRPL.NS
1998-09-28,15.0,15.149999618530273,14.75,14.800000190734863,11.151435852050781,15000.0,MRPL.NS
1998-09-29,14.800000190734863,15.0,14.149999618530273,14.25,10.73702335357666,50700.0,MRPL.NS
1998-09-30,14.300000190734863,14.5,14.100000381469727,14.25,10.73702335357666,36100.0,MRPL.NS
1998-10-01,14.25,14.25,14.25,14.25,10.73702335357666,0.0,MRPL.NS
1998-10-02,14.25,14.25,14.25,14.25,10.73702335357666,0.0,MRPL.NS
1998-10-05,14.0,14.0,13.0,13.050000190734863,9.832855224609375,43300.0,MRPL.NS
1998-10-06,13.949999809265137,14.0,12.949999809265137,13.050000190734863,9.832855224609375,75500.0,MRPL.NS
1998-10-07,13.199999809265137,13.699999809265137,13.149999618530273,13.25,9.983549118041992,73400.0,MRPL.NS
1998-10-08,13.449999809265137,13.449999809265137,13.0,13.050000190734863,9.832855224609375,48500.0,MRPL.NS
1998-10-09,13.199999809265137,13.449999809265137,13.0,13.25,9.983549118041992,27900.0,MRPL.NS
1998-10-12,13.5,13.5,13.0,13.100000381469727,9.870526313781738,20200.0,MRPL.NS
1998-10-13,13.050000190734863,13.149999618530273,12.899999618530273,12.949999809265137,9.75750732421875,32500.0,MRPL.NS
1998-10-14,13.350000381469727,13.5,13.050000190734863,13.449999809265137,10.134244918823242,17100.0,MRPL.NS
1998-10-15,13.25,13.699999809265137,13.25,13.399999618530273,10.096570014953613,15000.0,MRPL.NS
1998-10-16,13.25,13.649999618530273,13.100000381469727,13.449999809265137,10.134244918823242,21900.0,MRPL.NS
1998-10-19,15.600000381469727,15.600000381469727,13.149999618530273,13.199999809265137,9.945874214172363,13300.0,MRPL.NS
1998-10-20,13.050000190734863,13.25,12.800000190734863,12.949999809265137,9.75750732421875,28900.0,MRPL.NS
1998-10-21,12.949999809265137,12.949999809265137,12.949999809265137,12.949999809265137,9.75750732421875,0.0,MRPL.NS
1998-10-22,13.350000381469727,13.399999618530273,12.5,13.100000381469727,9.870526313781738,32700.0,MRPL.NS
1998-10-23,13.0,13.5,13.0,13.399999618530273,10.096570014953613,10000.0,MRPL.NS
1998-10-26,13.649999618530273,14.75,13.649999618530273,14.449999809265137,10.887718200683594,42300.0,MRPL.NS
1998-10-27,14.5,14.600000381469727,14.0,14.149999618530273,10.661676406860352,23000.0,MRPL.NS
1998-10-28,14.100000381469727,14.449999809265137,14.100000381469727,14.199999809265137,10.699350357055664,33600.0,MRPL.NS
1998-10-29,13.75,14.0,13.600000381469727,13.850000381469727,10.435635566711426,13900.0,MRPL.NS
1998-10-30,13.75,13.899999618530273,13.600000381469727,13.75,10.3602876663208,9800.0,MRPL.NS
1998-11-02,13.5,13.699999809265137,13.5,13.5,10.171916961669922,17200.0,MRPL.NS
1998-11-03,13.449999809265137,13.5,13.050000190734863,13.100000381469727,9.870526313781738,21500.0,MRPL.NS
1998-11-04,13.100000381469727,13.100000381469727,13.100000381469727,13.100000381469727,9.870526313781738,0.0,MRPL.NS
1998-11-05,13.050000190734863,13.449999809265137,13.050000190734863,13.300000190734863,10.021223068237305,8700.0,MRPL.NS
1998-11-06,14.5,14.5,13.149999618530273,13.449999809265137,10.134244918823242,12700.0,MRPL.NS
1998-11-09,13.600000381469727,13.649999618530273,13.350000381469727,13.449999809265137,10.134244918823242,25100.0,MRPL.NS
1998-11-10,13.300000190734863,13.649999618530273,13.300000190734863,13.649999618530273,10.284939765930176,16700.0,MRPL.NS
1998-11-11,13.699999809265137,14.0,13.600000381469727,13.850000381469727,10.435635566711426,32300.0,MRPL.NS
1998-11-12,13.75,13.75,13.100000381469727,13.25,9.983549118041992,42000.0,MRPL.NS
1998-11-13,13.5,13.75,13.300000190734863,13.5,10.171916961669922,15800.0,MRPL.NS
1998-11-16,13.050000190734863,13.399999618530273,13.050000190734863,13.199999809265137,9.945874214172363,12200.0,MRPL.NS
1998-11-17,13.25,13.5,13.25,13.399999618530273,10.096570014953613,18800.0,MRPL.NS
1998-11-18,13.649999618530273,13.800000190734863,13.25,13.5,10.171916961669922,17300.0,MRPL.NS
1998-11-19,13.5,13.600000381469727,13.350000381469727,13.5,10.171916961669922,21100.0,MRPL.NS
1998-11-20,13.449999809265137,13.5,13.25,13.399999618530273,10.096570014953613,13700.0,MRPL.NS
1998-11-23,13.300000190734863,13.300000190734863,13.050000190734863,13.149999618530273,9.908201217651367,11200.0,MRPL.NS
1998-11-24,13.050000190734863,13.149999618530273,12.899999618530273,13.0,9.795178413391113,38700.0,MRPL.NS
1998-11-25,13.0,13.0,13.0,13.0,9.795178413391113,0.0,MRPL.NS
1998-11-26,12.75,13.0,12.75,12.850000381469727,9.682159423828125,15500.0,MRPL.NS
1998-11-27,12.850000381469727,12.949999809265137,12.75,12.800000190734863,9.644486427307129,12800.0,MRPL.NS
1998-11-30,12.800000190734863,13.100000381469727,12.800000190734863,13.100000381469727,9.870526313781738,11400.0,MRPL.NS
1998-12-01,12.899999618530273,13.100000381469727,12.800000190734863,13.0,9.795178413391113,18600.0,MRPL.NS
1998-12-02,12.800000190734863,12.949999809265137,12.600000381469727,12.850000381469727,9.682159423828125,14800.0,MRPL.NS
1998-12-03,12.75,12.899999618530273,12.649999618530273,12.850000381469727,9.682159423828125,13600.0,MRPL.NS
1998-12-04,12.800000190734863,13.050000190734863,12.800000190734863,12.850000381469727,9.682159423828125,21400.0,MRPL.NS
1998-12-07,13.050000190734863,13.050000190734863,12.699999809265137,12.949999809265137,9.75750732421875,15600.0,MRPL.NS
1998-12-08,12.850000381469727,12.949999809265137,12.5,12.600000381469727,9.493790626525879,25800.0,MRPL.NS
1998-12-09,12.899999618530273,12.899999618530273,12.75,12.850000381469727,9.682159423828125,15500.0,MRPL.NS
1998-12-10,12.75,12.899999618530273,12.600000381469727,12.699999809265137,9.569137573242188,27900.0,MRPL.NS
1998-12-11,12.699999809265137,12.75,12.100000381469727,12.149999618530273,9.154726028442383,36200.0,MRPL.NS
1998-12-14,12.25,12.649999618530273,11.949999809265137,12.050000190734863,9.079379081726074,38700.0,MRPL.NS
1998-12-15,12.100000381469727,12.149999618530273,11.899999618530273,12.100000381469727,9.11705207824707,28500.0,MRPL.NS
1998-12-16,12.199999809265137,12.25,12.0,12.050000190734863,9.079379081726074,32600.0,MRPL.NS
1998-12-17,12.0,12.199999809265137,11.600000381469727,11.899999618530273,8.96635627746582,26800.0,MRPL.NS
1998-12-18,12.100000381469727,12.100000381469727,11.800000190734863,11.899999618530273,8.96635627746582,12800.0,MRPL.NS
1998-12-21,11.899999618530273,12.300000190734863,11.899999618530273,12.050000190734863,9.079379081726074,30900.0,MRPL.NS
1998-12-22,12.0,12.25,12.0,12.25,9.230073928833008,39100.0,MRPL.NS
1998-12-23,12.5,13.100000381469727,12.5,12.550000190734863,9.456114768981934,88800.0,MRPL.NS
1998-12-24,12.75,12.800000190734863,12.5,12.649999618530273,9.531464576721191,27500.0,MRPL.NS
1998-12-25,12.649999618530273,12.649999618530273,12.649999618530273,12.649999618530273,9.531464576721191,0.0,MRPL.NS
1998-12-28,12.850000381469727,13.0,12.649999618530273,12.75,9.606812477111816,28900.0,MRPL.NS
1998-12-29,12.649999618530273,12.899999618530273,12.550000190734863,12.75,9.606812477111816,40000.0,MRPL.NS
1998-12-30,13.199999809265137,13.25,12.850000381469727,13.0,9.795178413391113,52100.0,MRPL.NS
1998-12-31,13.25,13.300000190734863,12.800000190734863,12.850000381469727,9.682159423828125,43500.0,MRPL.NS
1999-01-01,12.899999618530273,13.0,12.800000190734863,13.0,9.795178413391113,15100.0,MRPL.NS
1999-01-04,13.0,13.649999618530273,13.0,13.25,9.983549118041992,39600.0,MRPL.NS
1999-01-05,13.25,13.399999618530273,12.800000190734863,13.149999618530273,9.908201217651367,50700.0,MRPL.NS
1999-01-06,13.100000381469727,13.649999618530273,13.100000381469727,13.300000190734863,10.021223068237305,41800.0,MRPL.NS
1999-01-07,13.5,13.600000381469727,13.199999809265137,13.449999809265137,10.134244918823242,42400.0,MRPL.NS
1999-01-08,13.5,14.0,13.399999618530273,14.0,10.54865550994873,83600.0,MRPL.NS
1999-01-11,14.050000190734863,14.649999618530273,13.699999809265137,13.899999618530273,10.473306655883789,120300.0,MRPL.NS
1999-01-12,13.75,13.949999809265137,13.5,13.600000381469727,10.24726676940918,59600.0,MRPL.NS
1999-01-13,13.75,13.899999618530273,13.600000381469727,13.649999618530273,10.284939765930176,31400.0,MRPL.NS
1999-01-14,13.550000190734863,13.649999618530273,13.25,13.5,10.171916961669922,21900.0,MRPL.NS
1999-01-15,13.100000381469727,13.449999809265137,13.050000190734863,13.149999618530273,9.908201217651367,20000.0,MRPL.NS
1999-01-18,12.600000381469727,13.050000190734863,12.600000381469727,12.699999809265137,9.569137573242188,21500.0,MRPL.NS
1999-01-19,12.649999618530273,12.800000190734863,12.5,12.600000381469727,9.493790626525879,31600.0,MRPL.NS
1999-01-20,12.600000381469727,12.600000381469727,12.600000381469727,12.600000381469727,9.493790626525879,0.0,MRPL.NS
1999-01-21,13.100000381469727,13.100000381469727,12.550000190734863,13.0,9.795178413391113,24900.0,MRPL.NS
1999-01-22,12.600000381469727,13.149999618530273,12.550000190734863,13.0,9.795178413391113,23400.0,MRPL.NS
1999-01-25,12.600000381469727,12.850000381469727,12.449999809265137,12.550000190734863,9.456114768981934,32900.0,MRPL.NS
1999-01-26,12.550000190734863,12.550000190734863,12.550000190734863,12.550000190734863,9.456114768981934,0.0,MRPL.NS
1999-01-27,13.0,13.100000381469727,12.5,12.850000381469727,9.682159423828125,47600.0,MRPL.NS
1999-01-28,12.5,13.0,12.300000190734863,12.75,9.606812477111816,48400.0,MRPL.NS
1999-01-29,13.0,13.199999809265137,12.5,12.600000381469727,9.493790626525879,92600.0,MRPL.NS
1999-02-01,12.350000381469727,12.949999809265137,12.050000190734863,12.100000381469727,9.11705207824707,57800.0,MRPL.NS
1999-02-02,11.899999618530273,12.399999618530273,11.899999618530273,12.0,9.041704177856445,55400.0,MRPL.NS
1999-02-03,12.399999618530273,12.5,12.0,12.050000190734863,9.079379081726074,38400.0,MRPL.NS
1999-02-04,12.25,12.5,12.0,12.100000381469727,9.11705207824707,25400.0,MRPL.NS
1999-02-05,12.25,12.25,11.899999618530273,12.100000381469727,9.11705207824707,20200.0,MRPL.NS
1999-02-08,11.75,12.0,11.5,11.550000190734863,8.70263957977295,22200.0,MRPL.NS
1999-02-09,11.5,11.75,11.25,11.399999618530273,8.589619636535645,40700.0,MRPL.NS
1999-02-10,11.399999618530273,14.199999809265137,11.350000381469727,12.550000190734863,9.456114768981934,42400.0,MRPL.NS
1999-02-11,13.75,13.75,11.800000190734863,11.949999809265137,9.00403118133545,40900.0,MRPL.NS
1999-02-12,11.75,12.050000190734863,11.75,12.050000190734863,9.079379081726074,31300.0,MRPL.NS
1999-02-15,12.0,12.0,11.300000190734863,11.399999618530273,8.589619636535645,53700.0,MRPL.NS
1999-02-16,11.449999809265137,11.649999618530273,11.149999618530273,11.300000190734863,8.51427173614502,57600.0,MRPL.NS
1999-02-17,11.300000190734863,12.0,11.149999618530273,11.350000381469727,8.551945686340332,32700.0,MRPL.NS
1999-02-18,11.550000190734863,12.0,11.100000381469727,11.75,8.853336334228516,36300.0,MRPL.NS
1999-02-19,11.75,12.0,11.5,11.699999809265137,8.815662384033203,29900.0,MRPL.NS
1999-02-22,12.0,12.0,11.5,11.850000381469727,8.92868423461914,35400.0,MRPL.NS
1999-02-23,12.0,12.0,11.300000190734863,11.300000190734863,8.51427173614502,44600.0,MRPL.NS
1999-02-24,11.550000190734863,12.100000381469727,11.550000190734863,12.100000381469727,9.11705207824707,36800.0,MRPL.NS
1999-02-25,12.350000381469727,12.5,11.800000190734863,11.899999618530273,8.96635627746582,48300.0,MRPL.NS
1999-02-26,12.149999618530273,13.850000381469727,12.149999618530273,13.850000381469727,10.435635566711426,147400.0,MRPL.NS
1999-03-01,12.300000190734863,12.949999809265137,11.699999809265137,12.199999809265137,9.192399024963379,115500.0,MRPL.NS
1999-03-02,12.199999809265137,12.199999809265137,12.199999809265137,12.199999809265137,9.192399024963379,0.0,MRPL.NS
1999-03-03,12.350000381469727,12.649999618530273,11.5,11.800000190734863,8.891011238098145,63300.0,MRPL.NS
1999-03-04,12.5,12.5,11.550000190734863,11.600000381469727,8.740314483642578,43100.0,MRPL.NS
1999-03-05,11.649999618530273,11.899999618530273,11.449999809265137,11.5,8.66496753692627,33600.0,MRPL.NS
1999-03-08,12.100000381469727,12.100000381469727,11.0,11.5,8.66496753692627,62000.0,MRPL.NS
1999-03-09,11.600000381469727,11.75,11.149999618530273,11.199999809265137,8.438922882080078,65000.0,MRPL.NS
1999-03-10,11.25,12.0,11.25,11.550000190734863,8.70263957977295,77300.0,MRPL.NS
1999-03-11,11.25,11.449999809265137,11.050000190734863,11.149999618530273,8.401249885559082,86600.0,MRPL.NS
1999-03-12,11.149999618530273,11.300000190734863,11.050000190734863,11.199999809265137,8.438922882080078,34300.0,MRPL.NS
1999-03-15,11.0,11.199999809265137,10.75,10.75,8.099862098693848,57800.0,MRPL.NS
1999-03-16,10.75,10.75,10.0,10.0,7.534753799438477,103200.0,MRPL.NS
1999-03-17,10.149999618530273,10.550000190734863,10.100000381469727,10.399999618530273,7.836143970489502,57000.0,MRPL.NS
1999-03-18,10.25,10.850000381469727,10.25,10.600000381469727,7.98684024810791,40500.0,MRPL.NS
1999-03-19,10.800000190734863,11.0,10.5,10.649999618530273,8.02451229095459,46400.0,MRPL.NS
1999-03-22,10.25,10.699999809265137,10.25,10.449999809265137,7.873815536499023,64100.0,MRPL.NS
1999-03-23,11.699999809265137,11.699999809265137,10.5,10.850000381469727,8.175209045410156,79100.0,MRPL.NS
1999-03-24,11.199999809265137,11.75,11.100000381469727,11.399999618530273,8.589619636535645,73900.0,MRPL.NS
1999-03-25,11.100000381469727,11.399999618530273,10.899999618530273,11.149999618530273,8.401249885559082,38100.0,MRPL.NS
1999-03-26,10.850000381469727,11.199999809265137,10.699999809265137,10.899999618530273,8.212881088256836,40900.0,MRPL.NS
1999-03-29,10.899999618530273,10.899999618530273,10.899999618530273,10.899999618530273,8.212881088256836,0.0,MRPL.NS
1999-03-30,10.75,10.75,10.0,10.0,7.534753799438477,68600.0,MRPL.NS
1999-03-31,10.050000190734863,10.75,10.050000190734863,10.399999618530273,7.836143970489502,43100.0,MRPL.NS
1999-04-01,10.5,10.699999809265137,10.300000190734863,10.699999809265137,8.062186241149902,30300.0,MRPL.NS
1999-04-02,10.699999809265137,10.699999809265137,10.699999809265137,10.699999809265137,8.062186241149902,0.0,MRPL.NS
1999-04-05,10.5,10.5,10.149999618530273,10.199999809265137,7.685449123382568,44000.0,MRPL.NS
1999-04-06,10.100000381469727,10.449999809265137,9.600000381469727,10.100000381469727,7.610100746154785,46600.0,MRPL.NS
1999-04-07,10.350000381469727,10.449999809265137,10.050000190734863,10.25,7.723121166229248,28800.0,MRPL.NS
1999-04-08,10.300000190734863,10.300000190734863,10.0,10.0,7.534753799438477,36100.0,MRPL.NS
1999-04-09,9.800000190734863,10.25,9.800000190734863,10.100000381469727,7.610100746154785,27500.0,MRPL.NS
1999-04-12,10.0,10.0,9.75,9.800000190734863,7.384060382843018,20200.0,MRPL.NS
1999-04-13,9.649999618530273,10.0,9.550000190734863,9.75,7.346385478973389,46100.0,MRPL.NS
1999-04-14,9.75,9.75,9.75,9.75,7.346385478973389,0.0,MRPL.NS
1999-04-15,10.300000190734863,10.300000190734863,9.699999809265137,9.899999618530273,7.45940637588501,22800.0,MRPL.NS
1999-04-16,9.949999809265137,11.100000381469727,9.899999618530273,10.75,8.099862098693848,50700.0,MRPL.NS
1999-04-19,9.350000381469727,10.0,9.350000381469727,9.899999618530273,7.45940637588501,21600.0,MRPL.NS
1999-04-20,10.0,10.0,9.699999809265137,9.850000381469727,7.4217329025268555,33000.0,MRPL.NS
1999-04-21,10.0,10.0,9.550000190734863,9.850000381469727,7.4217329025268555,22800.0,MRPL.NS
1999-04-22,9.600000381469727,9.899999618530273,9.600000381469727,9.800000190734863,7.384060382843018,24600.0,MRPL.NS
1999-04-23,9.800000190734863,10.0,9.600000381469727,9.850000381469727,7.4217329025268555,11100.0,MRPL.NS
1999-04-26,9.0,9.25,8.850000381469727,9.0,6.781278610229492,47500.0,MRPL.NS
1999-04-27,9.0,9.0,9.0,9.0,6.781278610229492,0.0,MRPL.NS
1999-04-28,9.800000190734863,9.800000190734863,8.899999618530273,9.449999809265137,7.1203413009643555,34700.0,MRPL.NS
1999-04-29,9.5,9.699999809265137,9.149999618530273,9.5,7.158017635345459,19900.0,MRPL.NS
1999-04-30,9.600000381469727,10.100000381469727,9.600000381469727,9.899999618530273,7.45940637588501,29500.0,MRPL.NS
1999-05-03,9.5,10.0,9.5,9.550000190734863,7.195690155029297,15800.0,MRPL.NS
1999-05-04,10.0,10.199999809265137,9.800000190734863,10.149999618530273,7.6477766036987305,69100.0,MRPL.NS
1999-05-05,10.5,10.5,10.0,10.100000381469727,7.610100746154785,42700.0,MRPL.NS
1999-05-06,9.75,10.149999618530273,9.75,10.050000190734863,7.572428226470947,29300.0,MRPL.NS
1999-05-07,10.050000190734863,10.25,9.800000190734863,10.0,7.534753799438477,32500.0,MRPL.NS
1999-05-10,9.949999809265137,10.199999809265137,9.850000381469727,10.149999618530273,7.6477766036987305,39800.0,MRPL.NS
1999-05-11,10.25,10.899999618530273,10.100000381469727,10.300000190734863,7.760796546936035,78400.0,MRPL.NS
1999-05-12,10.899999618530273,11.0,10.050000190734863,10.149999618530273,7.6477766036987305,52800.0,MRPL.NS
1999-05-13,10.100000381469727,10.25,9.899999618530273,10.100000381469727,7.610100746154785,47200.0,MRPL.NS
1999-05-14,10.399999618530273,10.75,10.0,10.100000381469727,7.610100746154785,75800.0,MRPL.NS
1999-05-17,10.0,10.5,9.800000190734863,10.050000190734863,7.572428226470947,99700.0,MRPL.NS
1999-05-18,10.100000381469727,10.399999618530273,10.0,10.300000190734863,7.760796546936035,120100.0,MRPL.NS
1999-05-19,10.550000190734863,12.899999618530273,10.550000190734863,12.899999618530273,9.719832420349121,296300.0,MRPL.NS
1999-05-20,14.449999809265137,15.0,13.050000190734863,13.25,9.983549118041992,415500.0,MRPL.NS
1999-05-21,13.0,13.0,11.75,11.850000381469727,8.92868423461914,142200.0,MRPL.NS
1999-05-24,11.600000381469727,11.899999618530273,10.800000190734863,11.25,8.47659683227539,211300.0,MRPL.NS
1999-05-25,10.949999809265137,11.449999809265137,10.550000190734863,11.100000381469727,8.36357593536377,340500.0,MRPL.NS
1999-05-26,13.899999618530273,13.899999618530273,12.399999618530273,12.850000381469727,9.682159423828125,133000.0,MRPL.NS
1999-05-27,12.0,12.850000381469727,11.899999618530273,12.100000381469727,9.11705207824707,67651.0,MRPL.NS
1999-05-28,11.600000381469727,12.350000381469727,11.600000381469727,12.0,9.041704177856445,50700.0,MRPL.NS
1999-05-31,12.199999809265137,12.75,12.199999809265137,12.5,9.418441772460938,43500.0,MRPL.NS
1999-06-01,12.899999618530273,12.899999618530273,12.199999809265137,12.899999618530273,9.719832420349121,82829.0,MRPL.NS
1999-06-02,12.5,12.5,12.0,12.199999809265137,9.192399024963379,21301.0,MRPL.NS
1999-06-03,12.050000190734863,12.899999618530273,12.050000190734863,12.899999618530273,9.719832420349121,42998.0,MRPL.NS
1999-06-04,12.899999618530273,14.550000190734863,12.600000381469727,14.050000190734863,10.586329460144043,135300.0,MRPL.NS
1999-06-07,14.100000381469727,17.600000381469727,13.75,17.600000381469727,13.261165618896484,230741.0,MRPL.NS
1999-06-08,18.899999618530273,22.0,18.799999237060547,22.0,16.576457977294922,394877.0,MRPL.NS
1999-06-09,22.0,22.0,20.25,20.25,15.257878303527832,215276.0,MRPL.NS
1999-06-10,19.149999618530273,19.799999237060547,18.649999618530273,18.649999618530273,14.052316665649414,127127.0,MRPL.NS
1999-06-11,19.0,19.0,16.700000762939453,17.25,12.99744987487793,118535.0,MRPL.NS
1999-06-14,16.0,17.5,14.0,17.200000762939453,12.959778785705566,148315.0,MRPL.NS
1999-06-15,17.0,18.0,16.950000762939453,17.25,12.99744987487793,115924.0,MRPL.NS
1999-06-16,18.0,18.450000762939453,16.25,18.200000762939453,13.71325397491455,70846.0,MRPL.NS
1999-06-17,18.5,19.0,18.100000381469727,18.299999237060547,13.788599967956543,58982.0,MRPL.NS
1999-06-18,18.399999618530273,18.450000762939453,17.049999237060547,17.850000381469727,13.449539184570312,44468.0,MRPL.NS
1999-06-21,17.450000762939453,18.950000762939453,17.399999618530273,18.700000762939453,14.08998966217041,46650.0,MRPL.NS
1999-06-22,19.25,20.700000762939453,18.899999618530273,20.450000762939453,15.4085693359375,161152.0,MRPL.NS
1999-06-23,20.899999618530273,20.899999618530273,19.549999237060547,19.75,14.88113784790039,92500.0,MRPL.NS
1999-06-24,19.200000762939453,20.200000762939453,19.100000381469727,19.75,14.88113784790039,65357.0,MRPL.NS
1999-06-25,19.649999618530273,19.950000762939453,18.75,19.200000762939453,14.466729164123535,89996.0,MRPL.NS
1999-06-28,19.799999237060547,20.0,19.399999618530273,19.549999237060547,14.73044204711914,73351.0,MRPL.NS
1999-06-29,20.0,20.0,19.25,19.549999237060547,14.73044204711914,70601.0,MRPL.NS
1999-06-30,18.899999618530273,19.299999237060547,18.700000762939453,18.950000762939453,14.278358459472656,46551.0,MRPL.NS
1999-07-01,18.100000381469727,19.100000381469727,18.100000381469727,18.549999237060547,13.976966857910156,44346.0,MRPL.NS
1999-07-02,18.899999618530273,18.950000762939453,18.549999237060547,18.649999618530273,14.052316665649414,35025.0,MRPL.NS
1999-07-05,19.0,19.799999237060547,18.850000381469727,19.149999618530273,14.429055213928223,40047.0,MRPL.NS
1999-07-06,19.100000381469727,19.399999618530273,18.799999237060547,18.950000762939453,14.278358459472656,58753.0,MRPL.NS
1999-07-07,19.399999618530273,19.399999618530273,19.0,19.200000762939453,14.466729164123535,44235.0,MRPL.NS
1999-07-08,19.299999237060547,19.299999237060547,18.75,18.799999237060547,14.1653413772583,32719.0,MRPL.NS
1999-07-09,19.149999618530273,19.149999618530273,18.700000762939453,18.850000381469727,14.203010559082031,38800.0,MRPL.NS
1999-07-12,19.0,19.75,19.0,19.600000381469727,14.768120765686035,83933.0,MRPL.NS
1999-07-13,19.600000381469727,20.299999237060547,19.399999618530273,19.600000381469727,14.768120765686035,136310.0,MRPL.NS
1999-07-14,20.700000762939453,20.700000762939453,19.549999237060547,19.899999618530273,14.994163513183594,98377.0,MRPL.NS
1999-07-15,20.25,21.149999618530273,19.549999237060547,19.799999237060547,14.91881275177002,148203.0,MRPL.NS
1999-07-16,16.399999618530273,19.950000762939453,16.399999618530273,19.200000762939453,14.466729164123535,55083.0,MRPL.NS
1999-07-19,20.25,22.25,19.899999618530273,21.549999237060547,16.237396240234375,213806.0,MRPL.NS
1999-07-20,22.5,22.5,21.049999237060547,21.25,16.0113525390625,128461.0,MRPL.NS
1999-07-21,21.399999618530273,21.899999618530273,20.700000762939453,21.0,15.822981834411621,91695.0,MRPL.NS
1999-07-22,21.5,21.5,20.149999618530273,20.25,15.257878303527832,53756.0,MRPL.NS
1999-07-23,20.149999618530273,20.649999618530273,19.75,19.950000762939453,15.031834602355957,51754.0,MRPL.NS
1999-07-26,20.600000381469727,20.600000381469727,19.450000762939453,19.600000381469727,14.768120765686035,53988.0,MRPL.NS
1999-07-27,19.850000381469727,20.5,16.950000762939453,17.450000762939453,13.14814567565918,178589.0,MRPL.NS
1999-07-28,18.0,19.0,17.700000762939453,18.850000381469727,14.203010559082031,149072.0,MRPL.NS
1999-07-29,17.5,19.5,17.5,17.649999618530273,13.298839569091797,136875.0,MRPL.NS
1999-07-30,18.0,18.0,17.25,17.399999618530273,13.110471725463867,74776.0,MRPL.NS
1999-08-02,17.0,17.0,15.5,16.25,12.243975639343262,156615.0,MRPL.NS
1999-08-03,16.399999618530273,18.0,16.0,17.549999237060547,13.223493576049805,139382.0,MRPL.NS
1999-08-04,17.5,18.25,17.25,17.450000762939453,13.14814567565918,83264.0,MRPL.NS
1999-08-05,17.25,18.100000381469727,17.25,17.350000381469727,13.072795867919922,50690.0,MRPL.NS
1999-08-06,17.5,17.549999237060547,17.25,17.450000762939453,13.14814567565918,25503.0,MRPL.NS
1999-08-09,17.25,17.649999618530273,17.100000381469727,17.200000762939453,12.959778785705566,56349.0,MRPL.NS
1999-08-10,17.299999237060547,17.649999618530273,17.100000381469727,17.149999618530273,12.922101974487305,98578.0,MRPL.NS
1999-08-11,17.899999618530273,18.899999618530273,17.299999237060547,18.100000381469727,13.637903213500977,241109.0,MRPL.NS
1999-08-12,19.25,19.25,17.399999618530273,17.5,13.185820579528809,121955.0,MRPL.NS
1999-08-13,18.0,18.0,17.5,17.950000762939453,13.524883270263672,116051.0,MRPL.NS
1999-08-16,18.25,19.25,18.25,18.850000381469727,14.203010559082031,244596.0,MRPL.NS
1999-08-17,18.850000381469727,20.0,18.850000381469727,19.850000381469727,14.956486701965332,250627.0,MRPL.NS
1999-08-18,20.850000381469727,23.0,20.399999618530273,22.149999618530273,16.68947982788086,580343.0,MRPL.NS
1999-08-19,22.799999237060547,23.899999618530273,21.5,21.649999618530273,16.312744140625,485891.0,MRPL.NS
1999-08-20,22.950000762939453,23.399999618530273,21.600000381469727,23.399999618530273,17.631324768066406,313018.0,MRPL.NS
1999-08-23,23.75,25.299999237060547,23.75,25.299999237060547,19.062929153442383,140615.0,MRPL.NS
1999-08-24,26.950000762939453,27.350000381469727,25.799999237060547,27.350000381469727,20.607555389404297,855468.0,MRPL.NS
1999-08-25,29.399999618530273,29.399999618530273,25.200000762939453,25.200000762939453,18.987581253051758,649746.0,MRPL.NS
1999-08-26,26.75,26.75,24.75,25.0,18.836883544921875,267780.0,MRPL.NS
1999-08-27,25.200000762939453,26.200000762939453,23.600000381469727,23.899999618530273,18.0080623626709,144822.0,MRPL.NS
1999-08-30,23.549999237060547,24.0,22.0,22.0,16.576457977294922,214536.0,MRPL.NS
1999-08-31,21.850000381469727,22.5,20.600000381469727,22.25,16.764827728271484,458564.0,MRPL.NS
1999-09-01,22.899999618530273,22.899999618530273,20.75,21.549999237060547,16.237396240234375,131405.0,MRPL.NS
1999-09-02,21.0,21.399999618530273,20.5,20.950000762939453,15.785309791564941,59121.0,MRPL.NS
1999-09-03,19.700000762939453,21.450000762939453,19.700000762939453,20.399999618530273,15.370898246765137,90730.0,MRPL.NS
1999-09-06,21.950000762939453,21.950000762939453,20.25,21.049999237060547,15.86065673828125,84853.0,MRPL.NS
1999-09-07,21.450000762939453,21.5,20.799999237060547,21.299999237060547,16.04902458190918,145467.0,MRPL.NS
1999-09-08,22.350000381469727,22.75,21.75,21.899999618530273,16.50111198425293,219651.0,MRPL.NS
1999-09-09,22.0,22.200000762939453,21.399999618530273,21.950000762939453,16.538785934448242,75020.0,MRPL.NS
1999-09-10,22.0,22.0,20.950000762939453,21.649999618530273,16.312744140625,109122.0,MRPL.NS
1999-09-13,21.649999618530273,21.649999618530273,21.649999618530273,21.649999618530273,16.312744140625,0.0,MRPL.NS
1999-09-14,21.5,21.700000762939453,20.5,20.600000381469727,15.52159309387207,163229.0,MRPL.NS
1999-09-15,20.75,21.549999237060547,20.600000381469727,20.799999237060547,15.672287940979004,110791.0,MRPL.NS
1999-09-16,20.799999237060547,21.100000381469727,20.100000381469727,20.5,15.446242332458496,68700.0,MRPL.NS
1999-09-17,20.149999618530273,21.0,19.5,20.350000381469727,15.333223342895508,56700.0,MRPL.NS
1999-09-20,20.75,20.799999237060547,20.049999237060547,20.149999618530273,15.182527542114258,73330.0,MRPL.NS
1999-09-21,20.799999237060547,21.799999237060547,20.799999237060547,21.799999237060547,16.425762176513672,178060.0,MRPL.NS
1999-09-22,23.5,23.549999237060547,22.5,22.700000762939453,17.103891372680664,376461.0,MRPL.NS
1999-09-23,23.5,24.5,21.5,21.75,16.388090133666992,108657.0,MRPL.NS
1999-09-24,22.0,22.450000762939453,21.200000762939453,21.350000381469727,16.086698532104492,79251.0,MRPL.NS
1999-09-27,21.899999618530273,22.0,21.0,21.25,16.0113525390625,99805.0,MRPL.NS
1999-09-28,21.700000762939453,21.75,20.100000381469727,20.350000381469727,15.333223342895508,148950.0,MRPL.NS
1999-09-29,21.0,21.450000762939453,20.5,21.299999237060547,16.04902458190918,110965.0,MRPL.NS
1999-09-30,21.5,22.950000762939453,21.049999237060547,21.399999618530273,16.124372482299805,76820.0,MRPL.NS
1999-10-01,20.700000762939453,21.450000762939453,20.700000762939453,21.25,16.0113525390625,61627.0,MRPL.NS
1999-10-04,21.0,21.399999618530273,20.649999618530273,20.799999237060547,15.672287940979004,55995.0,MRPL.NS
1999-10-05,20.700000762939453,20.899999618530273,20.299999237060547,20.549999237060547,15.483916282653809,145103.0,MRPL.NS
1999-10-06,21.25,22.200000762939453,21.25,21.799999237060547,16.425762176513672,235542.0,MRPL.NS
1999-10-07,22.200000762939453,22.950000762939453,21.75,21.950000762939453,16.538785934448242,173875.0,MRPL.NS
1999-10-08,22.5,22.5,21.5,21.850000381469727,16.463438034057617,148453.0,MRPL.NS
1999-10-11,22.200000762939453,22.5,21.25,21.799999237060547,16.425762176513672,130923.0,MRPL.NS
1999-10-12,22.0,22.0,21.25,21.5,16.199724197387695,202074.0,MRPL.NS
1999-10-13,21.5,22.0,21.299999237060547,21.899999618530273,16.50111198425293,178945.0,MRPL.NS
1999-10-14,22.299999237060547,22.5,21.549999237060547,21.600000381469727,16.275070190429688,100200.0,MRPL.NS
1999-10-15,21.600000381469727,21.600000381469727,20.299999237060547,20.450000762939453,15.4085693359375,149050.0,MRPL.NS
1999-10-18,20.649999618530273,21.200000762939453,20.0,20.700000762939453,15.596940040588379,178082.0,MRPL.NS
1999-10-19,20.700000762939453,20.700000762939453,20.700000762939453,20.700000762939453,15.596940040588379,0.0,MRPL.NS
1999-10-20,21.5,21.700000762939453,21.0,21.25,16.0113525390625,157910.0,MRPL.NS
1999-10-21,21.5,21.649999618530273,20.600000381469727,21.049999237060547,15.86065673828125,111721.0,MRPL.NS
1999-10-22,20.549999237060547,20.549999237060547,19.399999618530273,19.399999618530273,14.617422103881836,223917.0,MRPL.NS
1999-10-25,19.0,19.600000381469727,18.5,18.899999618530273,14.240682601928711,149987.0,MRPL.NS
1999-10-26,18.700000762939453,19.5,18.5,19.049999237060547,14.353705406188965,188234.0,MRPL.NS
1999-10-27,19.399999618530273,19.600000381469727,18.75,19.0,14.316035270690918,96970.0,MRPL.NS
1999-10-28,18.600000381469727,19.0,18.399999618530273,18.549999237060547,13.976966857910156,77730.0,MRPL.NS
1999-10-29,18.5,18.5,17.5,18.049999237060547,13.60023021697998,91760.0,MRPL.NS
1999-11-01,18.649999618530273,18.649999618530273,16.549999237060547,16.75,12.620711326599121,67200.0,MRPL.NS
1999-11-02,16.549999237060547,17.850000381469727,15.350000381469727,17.600000381469727,13.261165618896484,148341.0,MRPL.NS
1999-11-03,20.5,20.5,17.549999237060547,17.75,13.374189376831055,47530.0,MRPL.NS
1999-11-04,17.700000762939453,17.950000762939453,17.149999618530273,17.649999618530273,13.298839569091797,34440.0,MRPL.NS
1999-11-05,17.600000381469727,17.850000381469727,17.25,17.5,13.185820579528809,53175.0,MRPL.NS
1999-11-08,17.5,17.5,17.5,17.5,13.185820579528809,0.0,MRPL.NS
1999-11-09,17.0,17.75,17.0,17.549999237060547,13.223493576049805,58944.0,MRPL.NS
1999-11-10,17.799999237060547,17.899999618530273,17.549999237060547,17.649999618530273,13.298839569091797,40495.0,MRPL.NS
1999-11-11,17.5,17.649999618530273,17.25,17.350000381469727,13.072795867919922,41425.0,MRPL.NS
1999-11-12,15.050000190734863,17.450000762939453,15.050000190734863,17.25,12.99744987487793,41640.0,MRPL.NS
1999-11-15,17.0,17.5,16.75,16.899999618530273,12.733734130859375,54450.0,MRPL.NS
1999-11-16,16.950000762939453,17.100000381469727,16.649999618530273,16.950000762939453,12.771408081054688,51495.0,MRPL.NS
1999-11-17,17.0,17.049999237060547,16.450000762939453,16.5,12.432343482971191,70417.0,MRPL.NS
1999-11-18,16.450000762939453,16.700000762939453,16.299999237060547,16.5,12.432343482971191,37350.0,MRPL.NS
1999-11-19,16.649999618530273,16.850000381469727,16.100000381469727,16.200000762939453,12.20630168914795,77425.0,MRPL.NS
1999-11-22,16.200000762939453,16.850000381469727,16.149999618530273,16.649999618530273,12.545365333557129,56642.0,MRPL.NS
1999-11-23,16.649999618530273,16.649999618530273,16.649999618530273,16.649999618530273,12.545365333557129,0.0,MRPL.NS
1999-11-24,17.450000762939453,18.0,16.75,17.649999618530273,13.298839569091797,189576.0,MRPL.NS
1999-11-25,17.899999618530273,18.5,17.649999618530273,17.850000381469727,13.449539184570312,145765.0,MRPL.NS
1999-11-26,18.0,18.200000762939453,17.450000762939453,17.5,13.185820579528809,143501.0,MRPL.NS
1999-11-29,18.200000762939453,18.350000381469727,17.5,17.649999618530273,13.298839569091797,118360.0,MRPL.NS
1999-11-30,17.299999237060547,17.799999237060547,17.049999237060547,17.149999618530273,12.922101974487305,134394.0,MRPL.NS
1999-12-01,17.25,17.600000381469727,17.100000381469727,17.399999618530273,13.110471725463867,41050.0,MRPL.NS
1999-12-02,18.450000762939453,18.450000762939453,17.149999618530273,17.25,12.99744987487793,61788.0,MRPL.NS
1999-12-03,17.049999237060547,17.649999618530273,16.850000381469727,17.100000381469727,12.884429931640625,85955.0,MRPL.NS
1999-12-06,17.399999618530273,17.75,17.0,17.25,12.99744987487793,60772.0,MRPL.NS
1999-12-07,17.100000381469727,17.450000762939453,16.399999618530273,17.200000762939453,12.959778785705566,80590.0,MRPL.NS
1999-12-08,17.0,17.950000762939453,16.899999618530273,17.25,12.99744987487793,80503.0,MRPL.NS
1999-12-09,17.149999618530273,17.5,17.100000381469727,17.299999237060547,13.035124778747559,34247.0,MRPL.NS
1999-12-10,17.149999618530273,17.350000381469727,16.5,17.200000762939453,12.959778785705566,56495.0,MRPL.NS
1999-12-13,17.0,17.0,16.5,16.700000762939453,12.583041191101074,66518.0,MRPL.NS
1999-12-14,16.600000381469727,16.850000381469727,16.0,16.100000381469727,12.130952835083008,94221.0,MRPL.NS
1999-12-15,16.0,17.5,16.0,16.5,12.432343482971191,65903.0,MRPL.NS
1999-12-16,16.0,16.850000381469727,15.75,16.200000762939453,12.20630168914795,121125.0,MRPL.NS
1999-12-17,15.100000381469727,16.600000381469727,15.100000381469727,15.800000190734863,11.904911041259766,122046.0,MRPL.NS
1999-12-20,15.550000190734863,16.25,15.5,16.049999237060547,12.093279838562012,100444.0,MRPL.NS
1999-12-21,15.899999618530273,16.5,15.5,15.899999618530273,11.980257987976074,172435.0,MRPL.NS
1999-12-22,16.200000762939453,16.950000762939453,16.200000762939453,16.5,12.432343482971191,254500.0,MRPL.NS
1999-12-23,16.600000381469727,18.399999618530273,16.399999618530273,16.600000381469727,12.507691383361816,63494.0,MRPL.NS
1999-12-24,18.0,18.0,16.25,16.399999618530273,12.3569974899292,76851.0,MRPL.NS
1999-12-27,16.25,16.899999618530273,16.049999237060547,16.100000381469727,12.130952835083008,66910.0,MRPL.NS
1999-12-28,16.299999237060547,16.399999618530273,15.800000190734863,16.0,12.0556058883667,91621.0,MRPL.NS
1999-12-29,15.899999618530273,16.299999237060547,15.850000381469727,16.049999237060547,12.093279838562012,49435.0,MRPL.NS
1999-12-30,16.049999237060547,16.75,15.800000190734863,16.5,12.432343482971191,47060.0,MRPL.NS
1999-12-31,16.5,16.5,16.5,16.5,12.432343482971191,0.0,MRPL.NS
2000-01-03,19.75,19.799999237060547,16.399999618530273,16.950000762939453,12.771408081054688,219950.0,MRPL.NS
2000-01-04,17.399999618530273,17.899999618530273,16.600000381469727,17.299999237060547,13.035124778747559,244830.0,MRPL.NS
2000-01-05,16.950000762939453,17.5,16.649999618530273,17.0,12.80908203125,159320.0,MRPL.NS
2000-01-06,17.5,18.25,17.0,17.350000381469727,13.072795867919922,213370.0,MRPL.NS
2000-01-07,17.399999618530273,17.850000381469727,17.100000381469727,17.350000381469727,13.072795867919922,133475.0,MRPL.NS
2000-01-10,17.700000762939453,18.5,17.649999618530273,17.899999618530273,13.487208366394043,168998.0,MRPL.NS
2000-01-11,18.0,18.0,16.75,17.049999237060547,12.846755981445312,256279.0,MRPL.NS
2000-01-12,17.149999618530273,17.549999237060547,17.0,17.149999618530273,12.922101974487305,70450.0,MRPL.NS
2000-01-13,17.049999237060547,17.950000762939453,17.049999237060547,17.350000381469727,13.072795867919922,69350.0,MRPL.NS
2000-01-14,17.299999237060547,17.399999618530273,17.100000381469727,17.350000381469727,13.072795867919922,27300.0,MRPL.NS
2000-01-17,17.350000381469727,17.450000762939453,16.649999618530273,16.75,12.620711326599121,78385.0,MRPL.NS
2000-01-18,16.549999237060547,16.850000381469727,16.399999618530273,16.5,12.432343482971191,124365.0,MRPL.NS
2000-01-19,16.75,17.0,16.450000762939453,16.549999237060547,12.470016479492188,92750.0,MRPL.NS
2000-01-20,16.600000381469727,16.799999237060547,15.850000381469727,15.949999809265137,12.01793098449707,109725.0,MRPL.NS
2000-01-21,16.299999237060547,16.350000381469727,15.899999618530273,16.0,12.0556058883667,70950.0,MRPL.NS
2000-01-24,15.550000190734863,16.049999237060547,15.550000190734863,15.649999618530273,11.791890144348145,75193.0,MRPL.NS
2000-01-25,15.100000381469727,15.800000190734863,15.050000190734863,15.550000190734863,11.716543197631836,89650.0,MRPL.NS
2000-01-26,15.550000190734863,15.550000190734863,15.550000190734863,15.550000190734863,11.716543197631836,0.0,MRPL.NS
2000-01-27,15.899999618530273,15.899999618530273,15.399999618530273,15.5,11.678868293762207,122670.0,MRPL.NS
2000-01-28,15.550000190734863,15.75,15.300000190734863,15.449999809265137,11.641193389892578,78265.0,MRPL.NS
2000-01-31,15.449999809265137,15.449999809265137,14.550000190734863,14.800000190734863,11.151435852050781,111401.0,MRPL.NS
2000-02-01,14.699999809265137,15.0,14.050000190734863,14.649999618530273,11.038414001464844,109857.0,MRPL.NS
2000-02-02,14.25,15.050000190734863,14.050000190734863,14.649999618530273,11.038414001464844,220670.0,MRPL.NS
2000-02-03,14.850000381469727,15.0,14.25,14.5,10.925393104553223,161335.0,MRPL.NS
2000-02-04,14.699999809265137,14.75,14.199999809265137,14.399999618530273,10.850045204162598,99189.0,MRPL.NS
2000-02-07,14.699999809265137,14.699999809265137,14.100000381469727,14.199999809265137,10.699350357055664,103850.0,MRPL.NS
2000-02-08,14.149999618530273,14.5,13.600000381469727,13.899999618530273,10.473306655883789,161038.0,MRPL.NS
2000-02-09,14.149999618530273,14.399999618530273,13.449999809265137,13.550000190734863,10.209590911865234,156561.0,MRPL.NS
2000-02-10,13.25,13.899999618530273,13.25,13.649999618530273,10.284939765930176,108456.0,MRPL.NS
2000-02-11,13.850000381469727,13.850000381469727,13.399999618530273,13.649999618530273,10.284939765930176,55349.0,MRPL.NS
2000-02-14,13.5,13.699999809265137,13.300000190734863,13.550000190734863,10.209590911865234,81626.0,MRPL.NS
2000-02-15,13.5,13.800000190734863,13.199999809265137,13.399999618530273,10.096570014953613,95494.0,MRPL.NS
2000-02-16,13.399999618530273,14.800000190734863,13.25,13.600000381469727,10.24726676940918,100620.0,MRPL.NS
2000-02-17,13.75,14.399999618530273,13.75,14.100000381469727,10.624003410339355,51077.0,MRPL.NS
2000-02-18,16.0,16.0,14.0,14.399999618530273,10.850045204162598,56808.0,MRPL.NS
2000-02-21,14.25,15.300000190734863,14.25,14.600000381469727,11.000741958618164,91700.0,MRPL.NS
2000-02-22,14.399999618530273,14.800000190734863,13.899999618530273,14.050000190734863,10.586329460144043,136341.0,MRPL.NS
2000-02-23,14.449999809265137,15.0,13.75,13.949999809265137,10.510982513427734,98251.0,MRPL.NS
2000-02-24,14.399999618530273,14.399999618530273,13.800000190734863,13.899999618530273,10.473306655883789,56010.0,MRPL.NS
2000-02-25,14.100000381469727,14.100000381469727,13.300000190734863,13.449999809265137,10.134244918823242,53485.0,MRPL.NS
2000-02-28,13.699999809265137,15.5,13.300000190734863,15.0,11.302131652832031,122225.0,MRPL.NS
2000-02-29,15.300000190734863,16.200000762939453,13.5,13.800000190734863,10.397960662841797,235199.0,MRPL.NS
2000-03-01,14.5,15.0,14.0,14.649999618530273,11.038414001464844,48300.0,MRPL.NS
2000-03-02,14.5,14.800000190734863,13.75,13.949999809265137,10.510982513427734,74835.0,MRPL.NS
2000-03-03,14.199999809265137,14.199999809265137,13.0,13.449999809265137,10.134244918823242,70140.0,MRPL.NS
2000-03-06,13.899999618530273,13.899999618530273,12.300000190734863,12.699999809265137,9.569137573242188,81400.0,MRPL.NS
2000-03-07,12.699999809265137,12.699999809265137,11.0,11.850000381469727,8.92868423461914,144260.0,MRPL.NS
2000-03-08,12.399999618530273,12.399999618530273,11.25,11.699999809265137,8.815662384033203,70300.0,MRPL.NS
2000-03-09,12.0,12.0,11.300000190734863,11.699999809265137,8.815662384033203,64184.0,MRPL.NS
2000-03-10,11.5,12.5,11.399999618530273,12.149999618530273,9.154726028442383,43270.0,MRPL.NS
2000-03-13,12.050000190734863,12.5,11.25,11.800000190734863,8.891011238098145,72767.0,MRPL.NS
2000-03-14,11.199999809265137,12.0,10.899999618530273,11.75,8.853336334228516,115483.0,MRPL.NS
2000-03-15,11.300000190734863,13.5,11.300000190734863,12.550000190734863,9.456114768981934,65951.0,MRPL.NS
2000-03-16,12.5,12.699999809265137,11.75,12.25,9.230073928833008,39070.0,MRPL.NS
2000-03-17,12.25,12.25,12.25,12.25,9.230073928833008,0.0,MRPL.NS
2000-03-20,12.25,12.25,12.25,12.25,9.230073928833008,0.0,MRPL.NS
2000-03-21,12.0,12.5,11.5,11.699999809265137,8.815662384033203,99101.0,MRPL.NS
2000-03-22,11.699999809265137,11.699999809265137,11.699999809265137,11.699999809265137,8.815662384033203,0.0,MRPL.NS
2000-03-23,11.699999809265137,11.699999809265137,11.699999809265137,11.699999809265137,8.815662384033203,0.0,MRPL.NS
2000-03-24,11.699999809265137,11.699999809265137,11.699999809265137,11.699999809265137,8.815662384033203,0.0,MRPL.NS
2000-03-27,11.699999809265137,11.699999809265137,11.699999809265137,11.699999809265137,8.815662384033203,0.0,MRPL.NS
2000-03-28,11.699999809265137,11.699999809265137,11.699999809265137,11.699999809265137,8.815662384033203,0.0,MRPL.NS
2000-03-29,11.699999809265137,11.699999809265137,11.699999809265137,11.699999809265137,8.815662384033203,0.0,MRPL.NS
2000-03-30,11.699999809265137,11.699999809265137,11.699999809265137,11.699999809265137,8.815662384033203,0.0,MRPL.NS
2000-03-31,11.699999809265137,11.699999809265137,11.699999809265137,11.699999809265137,8.815662384033203,0.0,MRPL.NS
2000-04-03,11.699999809265137,11.699999809265137,11.699999809265137,11.699999809265137,8.815662384033203,0.0,MRPL.NS
2000-04-04,11.699999809265137,11.699999809265137,11.699999809265137,11.699999809265137,8.815662384033203,0.0,MRPL.NS
2000-04-05,11.699999809265137,11.699999809265137,11.699999809265137,11.699999809265137,8.815662384033203,0.0,MRPL.NS
2000-04-06,11.699999809265137,11.699999809265137,11.699999809265137,11.699999809265137,8.815662384033203,0.0,MRPL.NS
2000-04-07,11.699999809265137,11.699999809265137,11.699999809265137,11.699999809265137,8.815662384033203,0.0,MRPL.NS
2000-04-10,11.699999809265137,11.699999809265137,11.699999809265137,11.699999809265137,8.815662384033203,0.0,MRPL.NS
2000-04-11,11.699999809265137,11.699999809265137,11.699999809265137,11.699999809265137,8.815662384033203,0.0,MRPL.NS
2000-04-12,11.699999809265137,11.699999809265137,11.699999809265137,11.699999809265137,8.815662384033203,0.0,MRPL.NS
2000-04-13,11.699999809265137,11.699999809265137,11.699999809265137,11.699999809265137,8.815662384033203,0.0,MRPL.NS
2000-04-14,11.699999809265137,11.699999809265137,11.699999809265137,11.699999809265137,8.815662384033203,0.0,MRPL.NS
2000-04-17,11.699999809265137,11.699999809265137,11.699999809265137,11.699999809265137,8.815662384033203,0.0,MRPL.NS
2000-04-18,11.699999809265137,11.699999809265137,11.699999809265137,11.699999809265137,8.815662384033203,0.0,MRPL.NS
2000-04-19,11.699999809265137,11.699999809265137,11.699999809265137,11.699999809265137,8.815662384033203,0.0,MRPL.NS
2000-04-20,11.699999809265137,11.699999809265137,11.699999809265137,11.699999809265137,8.815662384033203,0.0,MRPL.NS
2000-04-21,11.699999809265137,11.699999809265137,11.699999809265137,11.699999809265137,8.815662384033203,0.0,MRPL.NS
2000-04-24,11.699999809265137,11.699999809265137,11.699999809265137,11.699999809265137,8.815662384033203,0.0,MRPL.NS
2000-04-25,11.699999809265137,11.699999809265137,11.699999809265137,11.699999809265137,8.815662384033203,0.0,MRPL.NS
2000-04-26,11.699999809265137,11.699999809265137,11.699999809265137,11.699999809265137,8.815662384033203,0.0,MRPL.NS
2000-04-27,11.699999809265137,11.699999809265137,11.699999809265137,11.699999809265137,8.815662384033203,0.0,MRPL.NS
2000-04-28,11.699999809265137,11.699999809265137,11.699999809265137,11.699999809265137,8.815662384033203,0.0,MRPL.NS
2000-05-01,11.699999809265137,11.699999809265137,11.699999809265137,11.699999809265137,8.815662384033203,0.0,MRPL.NS
2000-05-02,11.699999809265137,11.699999809265137,11.699999809265137,11.699999809265137,8.815662384033203,0.0,MRPL.NS
2000-05-03,11.699999809265137,11.699999809265137,11.699999809265137,11.699999809265137,8.815662384033203,0.0,MRPL.NS
2000-05-04,11.699999809265137,11.699999809265137,11.699999809265137,11.699999809265137,8.815662384033203,0.0,MRPL.NS
2000-05-05,11.699999809265137,11.699999809265137,11.699999809265137,11.699999809265137,8.815662384033203,0.0,MRPL.NS
2000-05-08,11.699999809265137,11.699999809265137,11.699999809265137,11.699999809265137,8.815662384033203,0.0,MRPL.NS
2000-05-09,11.699999809265137,11.699999809265137,11.699999809265137,11.699999809265137,8.815662384033203,0.0,MRPL.NS
2000-05-10,11.699999809265137,11.699999809265137,11.699999809265137,11.699999809265137,8.815662384033203,0.0,MRPL.NS
2000-05-11,11.699999809265137,11.699999809265137,11.699999809265137,11.699999809265137,8.815662384033203,0.0,MRPL.NS
2000-05-12,11.699999809265137,11.699999809265137,11.699999809265137,11.699999809265137,8.815662384033203,0.0,MRPL.NS
2000-05-15,11.699999809265137,11.699999809265137,11.699999809265137,11.699999809265137,8.815662384033203,0.0,MRPL.NS
2000-05-16,11.699999809265137,11.699999809265137,11.699999809265137,11.699999809265137,8.815662384033203,0.0,MRPL.NS
2000-05-17,11.699999809265137,11.699999809265137,11.699999809265137,11.699999809265137,8.815662384033203,0.0,MRPL.NS
2000-05-18,11.699999809265137,11.699999809265137,11.699999809265137,11.699999809265137,8.815662384033203,0.0,MRPL.NS
2000-05-19,11.699999809265137,11.699999809265137,11.699999809265137,11.699999809265137,8.815662384033203,0.0,MRPL.NS
2000-05-22,11.699999809265137,11.699999809265137,11.699999809265137,11.699999809265137,8.815662384033203,0.0,MRPL.NS
2000-05-23,11.699999809265137,11.699999809265137,11.699999809265137,11.699999809265137,8.815662384033203,0.0,MRPL.NS
2000-05-24,11.699999809265137,11.699999809265137,11.699999809265137,11.699999809265137,8.815662384033203,0.0,MRPL.NS
2000-05-25,11.699999809265137,11.699999809265137,11.699999809265137,11.699999809265137,8.815662384033203,0.0,MRPL.NS
2000-05-26,11.699999809265137,11.699999809265137,11.699999809265137,11.699999809265137,8.815662384033203,0.0,MRPL.NS
2000-05-29,11.699999809265137,11.699999809265137,11.699999809265137,11.699999809265137,8.815662384033203,0.0,MRPL.NS
2000-05-30,11.699999809265137,11.699999809265137,11.699999809265137,11.699999809265137,8.815662384033203,0.0,MRPL.NS
2000-05-31,11.699999809265137,11.699999809265137,11.699999809265137,11.699999809265137,8.815662384033203,0.0,MRPL.NS
2000-06-01,11.699999809265137,11.699999809265137,11.699999809265137,11.699999809265137,8.815662384033203,0.0,MRPL.NS
2000-06-02,11.699999809265137,11.699999809265137,11.699999809265137,11.699999809265137,8.815662384033203,0.0,MRPL.NS
2000-06-05,11.699999809265137,11.699999809265137,11.699999809265137,11.699999809265137,8.815662384033203,0.0,MRPL.NS
2000-06-06,11.699999809265137,11.699999809265137,11.699999809265137,11.699999809265137,8.815662384033203,0.0,MRPL.NS
2000-06-07,11.699999809265137,11.699999809265137,11.699999809265137,11.699999809265137,8.815662384033203,0.0,MRPL.NS
2000-06-08,11.699999809265137,11.699999809265137,11.699999809265137,11.699999809265137,8.815662384033203,0.0,MRPL.NS
2000-06-09,11.699999809265137,11.699999809265137,11.699999809265137,11.699999809265137,8.815662384033203,0.0,MRPL.NS
2000-06-12,11.699999809265137,11.699999809265137,11.699999809265137,11.699999809265137,8.815662384033203,0.0,MRPL.NS
2000-06-13,11.699999809265137,11.699999809265137,11.699999809265137,11.699999809265137,8.815662384033203,0.0,MRPL.NS
2000-06-14,11.699999809265137,11.699999809265137,11.699999809265137,11.699999809265137,8.815662384033203,0.0,MRPL.NS
2000-06-15,11.699999809265137,11.699999809265137,11.699999809265137,11.699999809265137,8.815662384033203,0.0,MRPL.NS
2000-06-16,11.699999809265137,11.699999809265137,11.699999809265137,11.699999809265137,8.815662384033203,0.0,MRPL.NS
2000-06-19,11.699999809265137,11.699999809265137,11.699999809265137,11.699999809265137,8.815662384033203,0.0,MRPL.NS
2000-06-20,11.699999809265137,11.699999809265137,11.699999809265137,11.699999809265137,8.815662384033203,0.0,MRPL.NS
2000-06-21,11.699999809265137,11.699999809265137,11.699999809265137,11.699999809265137,8.815662384033203,0.0,MRPL.NS
2000-06-22,11.699999809265137,11.699999809265137,11.699999809265137,11.699999809265137,8.815662384033203,0.0,MRPL.NS
2000-06-23,11.699999809265137,11.699999809265137,11.699999809265137,11.699999809265137,8.815662384033203,0.0,MRPL.NS
2000-06-26,11.699999809265137,11.699999809265137,11.699999809265137,11.699999809265137,8.815662384033203,0.0,MRPL.NS
2000-06-27,11.699999809265137,11.699999809265137,11.699999809265137,11.699999809265137,8.815662384033203,0.0,MRPL.NS
2000-06-28,11.699999809265137,11.699999809265137,11.699999809265137,11.699999809265137,8.815662384033203,0.0,MRPL.NS
2000-06-29,11.699999809265137,11.699999809265137,11.699999809265137,11.699999809265137,8.815662384033203,0.0,MRPL.NS
2000-06-30,11.699999809265137,11.699999809265137,11.699999809265137,11.699999809265137,8.815662384033203,0.0,MRPL.NS
2000-07-03,11.699999809265137,11.699999809265137,11.699999809265137,11.699999809265137,8.815662384033203,0.0,MRPL.NS
2000-07-04,11.699999809265137,11.699999809265137,11.699999809265137,11.699999809265137,8.815662384033203,0.0,MRPL.NS
2000-07-05,11.699999809265137,11.699999809265137,11.699999809265137,11.699999809265137,8.815662384033203,0.0,MRPL.NS
2000-07-06,11.699999809265137,11.699999809265137,11.699999809265137,11.699999809265137,8.815662384033203,0.0,MRPL.NS
2000-07-07,11.699999809265137,11.699999809265137,11.699999809265137,11.699999809265137,8.815662384033203,0.0,MRPL.NS
2000-07-10,11.699999809265137,11.699999809265137,11.699999809265137,11.699999809265137,8.815662384033203,0.0,MRPL.NS
2000-07-11,11.699999809265137,11.699999809265137,11.699999809265137,11.699999809265137,8.815662384033203,0.0,MRPL.NS
2000-07-12,11.699999809265137,11.699999809265137,11.699999809265137,11.699999809265137,8.815662384033203,0.0,MRPL.NS
2000-07-13,11.699999809265137,11.699999809265137,11.699999809265137,11.699999809265137,8.815662384033203,0.0,MRPL.NS
2000-07-14,11.699999809265137,11.699999809265137,11.699999809265137,11.699999809265137,8.815662384033203,0.0,MRPL.NS
2000-07-17,11.699999809265137,11.699999809265137,11.699999809265137,11.699999809265137,8.815662384033203,0.0,MRPL.NS
2000-07-18,11.699999809265137,11.699999809265137,11.699999809265137,11.699999809265137,8.815662384033203,0.0,MRPL.NS
2000-07-19,11.699999809265137,11.699999809265137,11.699999809265137,11.699999809265137,8.815662384033203,0.0,MRPL.NS
2000-07-20,11.699999809265137,11.699999809265137,11.699999809265137,11.699999809265137,8.815662384033203,0.0,MRPL.NS
2000-07-21,11.699999809265137,11.699999809265137,11.699999809265137,11.699999809265137,8.815662384033203,0.0,MRPL.NS
2000-07-24,11.699999809265137,11.699999809265137,11.699999809265137,11.699999809265137,8.815662384033203,0.0,MRPL.NS
2000-07-25,11.699999809265137,11.699999809265137,11.699999809265137,11.699999809265137,8.815662384033203,0.0,MRPL.NS
2000-07-26,11.699999809265137,11.699999809265137,11.699999809265137,11.699999809265137,8.815662384033203,0.0,MRPL.NS
2000-07-27,11.699999809265137,11.699999809265137,11.699999809265137,11.699999809265137,8.815662384033203,0.0,MRPL.NS
2000-07-28,11.699999809265137,11.699999809265137,11.699999809265137,11.699999809265137,8.815662384033203,0.0,MRPL.NS
2000-07-31,11.699999809265137,11.699999809265137,11.699999809265137,11.699999809265137,8.815662384033203,0.0,MRPL.NS
2000-08-01,11.699999809265137,11.699999809265137,11.699999809265137,11.699999809265137,8.815662384033203,0.0,MRPL.NS
2000-08-02,11.699999809265137,11.699999809265137,11.699999809265137,11.699999809265137,8.815662384033203,0.0,MRPL.NS
2000-08-03,11.699999809265137,11.699999809265137,11.699999809265137,11.699999809265137,8.815662384033203,0.0,MRPL.NS
2000-08-04,11.699999809265137,11.699999809265137,11.699999809265137,11.699999809265137,8.815662384033203,0.0,MRPL.NS
2000-08-07,11.699999809265137,11.699999809265137,11.699999809265137,11.699999809265137,8.815662384033203,0.0,MRPL.NS
2000-08-08,11.699999809265137,11.699999809265137,11.699999809265137,11.699999809265137,8.815662384033203,0.0,MRPL.NS
2000-08-09,11.699999809265137,11.699999809265137,11.699999809265137,11.699999809265137,8.815662384033203,0.0,MRPL.NS
2000-08-10,11.699999809265137,11.699999809265137,11.699999809265137,11.699999809265137,8.815662384033203,0.0,MRPL.NS
2000-08-11,11.699999809265137,11.699999809265137,11.699999809265137,11.699999809265137,8.815662384033203,0.0,MRPL.NS
2000-08-14,11.699999809265137,11.699999809265137,11.699999809265137,11.699999809265137,8.815662384033203,0.0,MRPL.NS
2000-08-15,11.699999809265137,11.699999809265137,11.699999809265137,11.699999809265137,8.815662384033203,0.0,MRPL.NS
2000-08-16,11.699999809265137,11.699999809265137,11.699999809265137,11.699999809265137,8.815662384033203,0.0,MRPL.NS
2000-08-17,11.699999809265137,11.699999809265137,11.699999809265137,11.699999809265137,8.815662384033203,0.0,MRPL.NS
2000-08-18,11.699999809265137,11.699999809265137,11.699999809265137,11.699999809265137,8.815662384033203,0.0,MRPL.NS
2000-08-21,11.699999809265137,11.699999809265137,11.699999809265137,11.699999809265137,8.815662384033203,0.0,MRPL.NS
2000-08-22,11.699999809265137,11.699999809265137,11.699999809265137,11.699999809265137,8.815662384033203,0.0,MRPL.NS
2000-08-23,11.699999809265137,11.699999809265137,11.699999809265137,11.699999809265137,8.815662384033203,0.0,MRPL.NS
2000-08-24,11.699999809265137,11.699999809265137,11.699999809265137,11.699999809265137,8.815662384033203,0.0,MRPL.NS
2000-08-25,11.699999809265137,11.699999809265137,11.699999809265137,11.699999809265137,8.815662384033203,0.0,MRPL.NS
2000-08-28,11.699999809265137,11.699999809265137,11.699999809265137,11.699999809265137,8.815662384033203,0.0,MRPL.NS
2000-08-29,11.699999809265137,11.699999809265137,11.699999809265137,11.699999809265137,8.815662384033203,0.0,MRPL.NS
2000-08-30,11.699999809265137,11.699999809265137,11.699999809265137,11.699999809265137,8.815662384033203,0.0,MRPL.NS
2000-08-31,11.699999809265137,11.699999809265137,11.699999809265137,11.699999809265137,8.815662384033203,0.0,MRPL.NS
2000-09-01,11.699999809265137,11.699999809265137,11.699999809265137,11.699999809265137,8.815662384033203,0.0,MRPL.NS
2000-09-04,11.699999809265137,11.699999809265137,11.699999809265137,11.699999809265137,8.815662384033203,0.0,MRPL.NS
2000-09-05,11.699999809265137,11.699999809265137,11.699999809265137,11.699999809265137,8.815662384033203,0.0,MRPL.NS
2000-09-06,11.699999809265137,11.699999809265137,11.699999809265137,11.699999809265137,8.815662384033203,0.0,MRPL.NS
2000-09-07,11.699999809265137,11.699999809265137,11.699999809265137,11.699999809265137,8.815662384033203,0.0,MRPL.NS
2000-09-08,11.699999809265137,11.699999809265137,11.699999809265137,11.699999809265137,8.815662384033203,0.0,MRPL.NS
2000-09-11,11.699999809265137,11.699999809265137,11.699999809265137,11.699999809265137,8.815662384033203,0.0,MRPL.NS
2000-09-12,11.699999809265137,11.699999809265137,11.699999809265137,11.699999809265137,8.815662384033203,0.0,MRPL.NS
2000-09-13,11.699999809265137,11.699999809265137,11.699999809265137,11.699999809265137,8.815662384033203,0.0,MRPL.NS
2000-09-14,11.699999809265137,11.699999809265137,11.699999809265137,11.699999809265137,8.815662384033203,0.0,MRPL.NS
2000-09-15,11.699999809265137,11.699999809265137,11.699999809265137,11.699999809265137,8.815662384033203,0.0,MRPL.NS
2000-09-18,11.699999809265137,11.699999809265137,11.699999809265137,11.699999809265137,8.815662384033203,0.0,MRPL.NS
2000-09-19,11.699999809265137,11.699999809265137,11.699999809265137,11.699999809265137,8.815662384033203,0.0,MRPL.NS
2000-09-20,11.699999809265137,11.699999809265137,11.699999809265137,11.699999809265137,8.815662384033203,0.0,MRPL.NS
2000-09-21,11.699999809265137,11.699999809265137,11.699999809265137,11.699999809265137,8.815662384033203,0.0,MRPL.NS
2000-09-22,11.699999809265137,11.699999809265137,11.699999809265137,11.699999809265137,8.815662384033203,0.0,MRPL.NS
2000-09-25,11.699999809265137,11.699999809265137,11.699999809265137,11.699999809265137,8.815662384033203,0.0,MRPL.NS
2000-09-26,11.699999809265137,11.699999809265137,11.699999809265137,11.699999809265137,8.815662384033203,0.0,MRPL.NS
2000-09-27,11.699999809265137,11.699999809265137,11.699999809265137,11.699999809265137,8.815662384033203,0.0,MRPL.NS
2000-09-28,11.699999809265137,11.699999809265137,11.699999809265137,11.699999809265137,8.815662384033203,0.0,MRPL.NS
2000-09-29,11.699999809265137,11.699999809265137,11.699999809265137,11.699999809265137,8.815662384033203,0.0,MRPL.NS
2000-10-02,11.699999809265137,11.699999809265137,11.699999809265137,11.699999809265137,8.815662384033203,0.0,MRPL.NS
2000-10-03,11.699999809265137,11.699999809265137,11.699999809265137,11.699999809265137,8.815662384033203,0.0,MRPL.NS
2000-10-04,11.699999809265137,11.699999809265137,11.699999809265137,11.699999809265137,8.815662384033203,0.0,MRPL.NS
2000-10-05,11.699999809265137,11.699999809265137,11.699999809265137,11.699999809265137,8.815662384033203,0.0,MRPL.NS
2000-10-06,11.699999809265137,11.699999809265137,11.699999809265137,11.699999809265137,8.815662384033203,0.0,MRPL.NS
2000-10-09,11.699999809265137,11.699999809265137,11.699999809265137,11.699999809265137,8.815662384033203,0.0,MRPL.NS
2000-10-10,11.699999809265137,11.699999809265137,11.699999809265137,11.699999809265137,8.815662384033203,0.0,MRPL.NS
2000-10-11,11.699999809265137,11.699999809265137,11.699999809265137,11.699999809265137,8.815662384033203,0.0,MRPL.NS
2000-10-12,11.699999809265137,11.699999809265137,11.699999809265137,11.699999809265137,8.815662384033203,0.0,MRPL.NS
2000-10-13,11.699999809265137,11.699999809265137,11.699999809265137,11.699999809265137,8.815662384033203,0.0,MRPL.NS
2000-10-16,11.699999809265137,11.699999809265137,11.699999809265137,11.699999809265137,8.815662384033203,0.0,MRPL.NS
2000-10-17,11.699999809265137,11.699999809265137,11.699999809265137,11.699999809265137,8.815662384033203,0.0,MRPL.NS
2000-10-18,11.699999809265137,11.699999809265137,11.699999809265137,11.699999809265137,8.815662384033203,0.0,MRPL.NS
2000-10-19,11.699999809265137,11.699999809265137,11.699999809265137,11.699999809265137,8.815662384033203,0.0,MRPL.NS
2000-10-20,11.699999809265137,11.699999809265137,11.699999809265137,11.699999809265137,8.815662384033203,0.0,MRPL.NS
2000-10-23,11.699999809265137,11.699999809265137,11.699999809265137,11.699999809265137,8.815662384033203,0.0,MRPL.NS
2000-10-24,11.699999809265137,11.699999809265137,11.699999809265137,11.699999809265137,8.815662384033203,0.0,MRPL.NS
2000-10-25,11.699999809265137,11.699999809265137,11.699999809265137,11.699999809265137,8.815662384033203,0.0,MRPL.NS
2000-10-26,11.699999809265137,11.699999809265137,11.699999809265137,11.699999809265137,8.815662384033203,0.0,MRPL.NS
2000-10-27,11.699999809265137,11.699999809265137,11.699999809265137,11.699999809265137,8.815662384033203,0.0,MRPL.NS
2000-10-30,11.699999809265137,11.699999809265137,11.699999809265137,11.699999809265137,8.815662384033203,0.0,MRPL.NS
2000-10-31,11.699999809265137,11.699999809265137,11.699999809265137,11.699999809265137,8.815662384033203,0.0,MRPL.NS
2000-11-01,11.699999809265137,11.699999809265137,11.699999809265137,11.699999809265137,8.815662384033203,0.0,MRPL.NS
2000-11-02,11.699999809265137,11.699999809265137,11.699999809265137,11.699999809265137,8.815662384033203,0.0,MRPL.NS
2000-11-03,11.699999809265137,11.699999809265137,11.699999809265137,11.699999809265137,8.815662384033203,0.0,MRPL.NS
2000-11-06,11.699999809265137,11.699999809265137,11.699999809265137,11.699999809265137,8.815662384033203,0.0,MRPL.NS
2000-11-07,11.699999809265137,11.699999809265137,11.699999809265137,11.699999809265137,8.815662384033203,0.0,MRPL.NS
2000-11-08,11.699999809265137,11.699999809265137,11.699999809265137,11.699999809265137,8.815662384033203,0.0,MRPL.NS
2000-11-09,11.699999809265137,11.699999809265137,11.699999809265137,11.699999809265137,8.815662384033203,0.0,MRPL.NS
2000-11-10,11.699999809265137,11.699999809265137,11.699999809265137,11.699999809265137,8.815662384033203,0.0,MRPL.NS
2000-11-13,11.699999809265137,11.699999809265137,11.699999809265137,11.699999809265137,8.815662384033203,0.0,MRPL.NS
2000-11-14,11.699999809265137,11.699999809265137,11.699999809265137,11.699999809265137,8.815662384033203,0.0,MRPL.NS
2000-11-15,11.699999809265137,11.699999809265137,11.699999809265137,11.699999809265137,8.815662384033203,0.0,MRPL.NS
2000-11-16,11.699999809265137,11.699999809265137,11.699999809265137,11.699999809265137,8.815662384033203,0.0,MRPL.NS
2000-11-17,11.699999809265137,11.699999809265137,11.699999809265137,11.699999809265137,8.815662384033203,0.0,MRPL.NS
2000-11-20,11.699999809265137,11.699999809265137,11.699999809265137,11.699999809265137,8.815662384033203,0.0,MRPL.NS
2000-11-21,11.699999809265137,11.699999809265137,11.699999809265137,11.699999809265137,8.815662384033203,0.0,MRPL.NS
2000-11-22,11.699999809265137,11.699999809265137,11.699999809265137,11.699999809265137,8.815662384033203,0.0,MRPL.NS
2000-11-23,11.699999809265137,11.699999809265137,11.699999809265137,11.699999809265137,8.815662384033203,0.0,MRPL.NS
2000-11-24,11.699999809265137,11.699999809265137,11.699999809265137,11.699999809265137,8.815662384033203,0.0,MRPL.NS
2000-11-27,11.699999809265137,11.699999809265137,11.699999809265137,11.699999809265137,8.815662384033203,0.0,MRPL.NS
2000-11-28,11.699999809265137,11.699999809265137,11.699999809265137,11.699999809265137,8.815662384033203,0.0,MRPL.NS
2000-11-29,11.699999809265137,11.699999809265137,11.699999809265137,11.699999809265137,8.815662384033203,0.0,MRPL.NS
2000-11-30,11.699999809265137,11.699999809265137,11.699999809265137,11.699999809265137,8.815662384033203,0.0,MRPL.NS
2000-12-01,11.699999809265137,11.699999809265137,11.699999809265137,11.699999809265137,8.815662384033203,0.0,MRPL.NS
2000-12-04,11.699999809265137,11.699999809265137,11.699999809265137,11.699999809265137,8.815662384033203,0.0,MRPL.NS
2000-12-05,11.699999809265137,11.699999809265137,11.699999809265137,11.699999809265137,8.815662384033203,0.0,MRPL.NS
2000-12-06,11.699999809265137,11.699999809265137,11.699999809265137,11.699999809265137,8.815662384033203,0.0,MRPL.NS
2000-12-07,11.699999809265137,11.699999809265137,11.699999809265137,11.699999809265137,8.815662384033203,0.0,MRPL.NS
2000-12-08,11.699999809265137,11.699999809265137,11.699999809265137,11.699999809265137,8.815662384033203,0.0,MRPL.NS
2000-12-11,11.699999809265137,11.699999809265137,11.699999809265137,11.699999809265137,8.815662384033203,0.0,MRPL.NS
2000-12-12,11.699999809265137,11.699999809265137,11.699999809265137,11.699999809265137,8.815662384033203,0.0,MRPL.NS
2000-12-13,11.699999809265137,11.699999809265137,11.699999809265137,11.699999809265137,8.815662384033203,0.0,MRPL.NS
2000-12-14,11.699999809265137,11.699999809265137,11.699999809265137,11.699999809265137,8.815662384033203,0.0,MRPL.NS
2000-12-15,11.699999809265137,11.699999809265137,11.699999809265137,11.699999809265137,8.815662384033203,0.0,MRPL.NS
2000-12-18,11.699999809265137,11.699999809265137,11.699999809265137,11.699999809265137,8.815662384033203,0.0,MRPL.NS
2000-12-19,11.699999809265137,11.699999809265137,11.699999809265137,11.699999809265137,8.815662384033203,0.0,MRPL.NS
2000-12-20,11.699999809265137,11.699999809265137,11.699999809265137,11.699999809265137,8.815662384033203,0.0,MRPL.NS
2000-12-21,11.699999809265137,11.699999809265137,11.699999809265137,11.699999809265137,8.815662384033203,0.0,MRPL.NS
2000-12-22,11.699999809265137,11.699999809265137,11.699999809265137,11.699999809265137,8.815662384033203,0.0,MRPL.NS
2000-12-25,11.699999809265137,11.699999809265137,11.699999809265137,11.699999809265137,8.815662384033203,0.0,MRPL.NS
2000-12-26,11.699999809265137,11.699999809265137,11.699999809265137,11.699999809265137,8.815662384033203,0.0,MRPL.NS
2000-12-27,11.699999809265137,11.699999809265137,11.699999809265137,11.699999809265137,8.815662384033203,0.0,MRPL.NS
2000-12-28,11.699999809265137,11.699999809265137,11.699999809265137,11.699999809265137,8.815662384033203,0.0,MRPL.NS
2000-12-29,11.699999809265137,11.699999809265137,11.699999809265137,11.699999809265137,8.815662384033203,0.0,MRPL.NS
2001-01-01,11.699999809265137,11.699999809265137,11.699999809265137,11.699999809265137,8.815662384033203,0.0,MRPL.NS
2001-01-02,11.699999809265137,11.699999809265137,11.699999809265137,11.699999809265137,8.815662384033203,0.0,MRPL.NS
2001-01-03,11.699999809265137,11.699999809265137,11.699999809265137,11.699999809265137,8.815662384033203,0.0,MRPL.NS
2001-01-04,11.699999809265137,11.699999809265137,11.699999809265137,11.699999809265137,8.815662384033203,0.0,MRPL.NS
2001-01-05,11.699999809265137,11.699999809265137,11.699999809265137,11.699999809265137,8.815662384033203,0.0,MRPL.NS
2001-01-08,11.699999809265137,11.699999809265137,11.699999809265137,11.699999809265137,8.815662384033203,0.0,MRPL.NS
2001-01-09,11.699999809265137,11.699999809265137,11.699999809265137,11.699999809265137,8.815662384033203,0.0,MRPL.NS
2001-01-10,11.699999809265137,11.699999809265137,11.699999809265137,11.699999809265137,8.815662384033203,0.0,MRPL.NS
2001-01-11,11.699999809265137,11.699999809265137,11.699999809265137,11.699999809265137,8.815662384033203,0.0,MRPL.NS
2001-01-12,11.699999809265137,11.699999809265137,11.699999809265137,11.699999809265137,8.815662384033203,0.0,MRPL.NS
2001-01-15,11.699999809265137,11.699999809265137,11.699999809265137,11.699999809265137,8.815662384033203,0.0,MRPL.NS
2001-01-16,11.699999809265137,11.699999809265137,11.699999809265137,11.699999809265137,8.815662384033203,0.0,MRPL.NS
2001-01-17,11.699999809265137,11.699999809265137,11.699999809265137,11.699999809265137,8.815662384033203,0.0,MRPL.NS
2001-01-18,11.699999809265137,11.699999809265137,11.699999809265137,11.699999809265137,8.815662384033203,0.0,MRPL.NS
2001-01-19,11.699999809265137,11.699999809265137,11.699999809265137,11.699999809265137,8.815662384033203,0.0,MRPL.NS
2001-01-22,11.699999809265137,11.699999809265137,11.699999809265137,11.699999809265137,8.815662384033203,0.0,MRPL.NS
2001-01-23,11.699999809265137,11.699999809265137,11.699999809265137,11.699999809265137,8.815662384033203,0.0,MRPL.NS
2001-01-24,11.699999809265137,11.699999809265137,11.699999809265137,11.699999809265137,8.815662384033203,0.0,MRPL.NS
2001-01-25,11.699999809265137,11.699999809265137,11.699999809265137,11.699999809265137,8.815662384033203,0.0,MRPL.NS
2001-01-26,11.699999809265137,11.699999809265137,11.699999809265137,11.699999809265137,8.815662384033203,0.0,MRPL.NS
2001-01-29,11.699999809265137,11.699999809265137,11.699999809265137,11.699999809265137,8.815662384033203,0.0,MRPL.NS
2001-01-30,11.699999809265137,11.699999809265137,11.699999809265137,11.699999809265137,8.815662384033203,0.0,MRPL.NS
2001-01-31,11.699999809265137,11.699999809265137,11.699999809265137,11.699999809265137,8.815662384033203,0.0,MRPL.NS
2001-02-01,11.699999809265137,11.699999809265137,11.699999809265137,11.699999809265137,8.815662384033203,0.0,MRPL.NS
2001-02-02,11.699999809265137,11.699999809265137,11.699999809265137,11.699999809265137,8.815662384033203,0.0,MRPL.NS
2001-02-05,11.699999809265137,11.699999809265137,11.699999809265137,11.699999809265137,8.815662384033203,0.0,MRPL.NS
2001-02-06,11.699999809265137,11.699999809265137,11.699999809265137,11.699999809265137,8.815662384033203,0.0,MRPL.NS
2001-02-07,11.699999809265137,11.699999809265137,11.699999809265137,11.699999809265137,8.815662384033203,0.0,MRPL.NS
2001-02-08,11.699999809265137,11.699999809265137,11.699999809265137,11.699999809265137,8.815662384033203,0.0,MRPL.NS
2001-02-09,11.699999809265137,11.699999809265137,11.699999809265137,11.699999809265137,8.815662384033203,0.0,MRPL.NS
2001-02-12,11.699999809265137,11.699999809265137,11.699999809265137,11.699999809265137,8.815662384033203,0.0,MRPL.NS
2001-02-13,11.699999809265137,11.699999809265137,11.699999809265137,11.699999809265137,8.815662384033203,0.0,MRPL.NS
2001-02-14,11.699999809265137,11.699999809265137,11.699999809265137,11.699999809265137,8.815662384033203,0.0,MRPL.NS
2001-02-15,11.699999809265137,11.699999809265137,11.699999809265137,11.699999809265137,8.815662384033203,0.0,MRPL.NS
2001-02-16,11.699999809265137,11.699999809265137,11.699999809265137,11.699999809265137,8.815662384033203,0.0,MRPL.NS
2001-02-19,11.699999809265137,11.699999809265137,11.699999809265137,11.699999809265137,8.815662384033203,0.0,MRPL.NS
2001-02-20,11.699999809265137,11.699999809265137,11.699999809265137,11.699999809265137,8.815662384033203,0.0,MRPL.NS
2001-02-21,11.699999809265137,11.699999809265137,11.699999809265137,11.699999809265137,8.815662384033203,0.0,MRPL.NS
2001-02-22,11.699999809265137,11.699999809265137,11.699999809265137,11.699999809265137,8.815662384033203,0.0,MRPL.NS
2001-02-23,11.699999809265137,11.699999809265137,11.699999809265137,11.699999809265137,8.815662384033203,0.0,MRPL.NS
2001-02-26,11.699999809265137,11.699999809265137,11.699999809265137,11.699999809265137,8.815662384033203,0.0,MRPL.NS
2001-02-27,11.699999809265137,11.699999809265137,11.699999809265137,11.699999809265137,8.815662384033203,0.0,MRPL.NS
2001-02-28,11.699999809265137,11.699999809265137,11.699999809265137,11.699999809265137,8.815662384033203,0.0,MRPL.NS
2001-03-01,11.699999809265137,11.699999809265137,11.699999809265137,11.699999809265137,8.815662384033203,0.0,MRPL.NS
2001-03-02,11.699999809265137,11.699999809265137,11.699999809265137,11.699999809265137,8.815662384033203,0.0,MRPL.NS
2001-03-05,11.699999809265137,11.699999809265137,11.699999809265137,11.699999809265137,8.815662384033203,0.0,MRPL.NS
2001-03-06,11.699999809265137,11.699999809265137,11.699999809265137,11.699999809265137,8.815662384033203,0.0,MRPL.NS
2001-03-07,11.699999809265137,11.699999809265137,11.699999809265137,11.699999809265137,8.815662384033203,0.0,MRPL.NS
2001-03-08,11.699999809265137,11.699999809265137,11.699999809265137,11.699999809265137,8.815662384033203,0.0,MRPL.NS
2001-03-09,11.699999809265137,11.699999809265137,11.699999809265137,11.699999809265137,8.815662384033203,0.0,MRPL.NS
2001-03-12,11.699999809265137,11.699999809265137,11.699999809265137,11.699999809265137,8.815662384033203,0.0,MRPL.NS
2001-03-13,11.699999809265137,11.699999809265137,11.699999809265137,11.699999809265137,8.815662384033203,0.0,MRPL.NS
2001-03-14,11.699999809265137,11.699999809265137,11.699999809265137,11.699999809265137,8.815662384033203,0.0,MRPL.NS
2001-03-15,11.699999809265137,11.699999809265137,11.699999809265137,11.699999809265137,8.815662384033203,0.0,MRPL.NS
2001-03-16,11.699999809265137,11.699999809265137,11.699999809265137,11.699999809265137,8.815662384033203,0.0,MRPL.NS
2001-03-19,11.699999809265137,11.699999809265137,11.699999809265137,11.699999809265137,8.815662384033203,0.0,MRPL.NS
2001-03-20,11.699999809265137,11.699999809265137,11.699999809265137,11.699999809265137,8.815662384033203,0.0,MRPL.NS
2001-03-21,11.699999809265137,11.699999809265137,11.699999809265137,11.699999809265137,8.815662384033203,0.0,MRPL.NS
2001-03-22,11.699999809265137,11.699999809265137,11.699999809265137,11.699999809265137,8.815662384033203,0.0,MRPL.NS
2001-03-23,11.699999809265137,11.699999809265137,11.699999809265137,11.699999809265137,8.815662384033203,0.0,MRPL.NS
2001-03-26,11.699999809265137,11.699999809265137,11.699999809265137,11.699999809265137,8.815662384033203,0.0,MRPL.NS
2001-03-27,11.699999809265137,11.699999809265137,11.699999809265137,11.699999809265137,8.815662384033203,0.0,MRPL.NS
2001-03-28,11.699999809265137,11.699999809265137,11.699999809265137,11.699999809265137,8.815662384033203,0.0,MRPL.NS
2001-03-29,11.699999809265137,11.699999809265137,11.699999809265137,11.699999809265137,8.815662384033203,0.0,MRPL.NS
2001-03-30,11.699999809265137,11.699999809265137,11.699999809265137,11.699999809265137,8.815662384033203,0.0,MRPL.NS
2001-04-02,11.699999809265137,11.699999809265137,11.699999809265137,11.699999809265137,8.815662384033203,0.0,MRPL.NS
2001-04-03,11.699999809265137,11.699999809265137,11.699999809265137,11.699999809265137,8.815662384033203,0.0,MRPL.NS
2001-04-04,11.699999809265137,11.699999809265137,11.699999809265137,11.699999809265137,8.815662384033203,0.0,MRPL.NS
2001-04-05,11.699999809265137,11.699999809265137,11.699999809265137,11.699999809265137,8.815662384033203,0.0,MRPL.NS
2001-04-06,11.699999809265137,11.699999809265137,11.699999809265137,11.699999809265137,8.815662384033203,0.0,MRPL.NS
2001-04-09,11.699999809265137,11.699999809265137,11.699999809265137,11.699999809265137,8.815662384033203,0.0,MRPL.NS
2001-04-10,11.699999809265137,11.699999809265137,11.699999809265137,11.699999809265137,8.815662384033203,0.0,MRPL.NS
2001-04-11,11.699999809265137,11.699999809265137,11.699999809265137,11.699999809265137,8.815662384033203,0.0,MRPL.NS
2001-04-12,11.699999809265137,11.699999809265137,11.699999809265137,11.699999809265137,8.815662384033203,0.0,MRPL.NS
2001-04-13,11.699999809265137,11.699999809265137,11.699999809265137,11.699999809265137,8.815662384033203,0.0,MRPL.NS
2001-04-16,11.699999809265137,11.699999809265137,11.699999809265137,11.699999809265137,8.815662384033203,0.0,MRPL.NS
2001-04-17,11.699999809265137,11.699999809265137,11.699999809265137,11.699999809265137,8.815662384033203,0.0,MRPL.NS
2001-04-18,11.699999809265137,11.699999809265137,11.699999809265137,11.699999809265137,8.815662384033203,0.0,MRPL.NS
2001-04-19,11.699999809265137,11.699999809265137,11.699999809265137,11.699999809265137,8.815662384033203,0.0,MRPL.NS
2001-04-20,11.699999809265137,11.699999809265137,11.699999809265137,11.699999809265137,8.815662384033203,0.0,MRPL.NS
2001-04-23,11.699999809265137,11.699999809265137,11.699999809265137,11.699999809265137,8.815662384033203,0.0,MRPL.NS
2001-04-24,11.699999809265137,11.699999809265137,11.699999809265137,11.699999809265137,8.815662384033203,0.0,MRPL.NS
2001-04-25,11.699999809265137,11.699999809265137,11.699999809265137,11.699999809265137,8.815662384033203,0.0,MRPL.NS
2001-04-26,11.699999809265137,11.699999809265137,11.699999809265137,11.699999809265137,8.815662384033203,0.0,MRPL.NS
2001-04-27,11.699999809265137,11.699999809265137,11.699999809265137,11.699999809265137,8.815662384033203,0.0,MRPL.NS
2001-04-30,11.699999809265137,11.699999809265137,11.699999809265137,11.699999809265137,8.815662384033203,0.0,MRPL.NS
2001-05-01,11.699999809265137,11.699999809265137,11.699999809265137,11.699999809265137,8.815662384033203,0.0,MRPL.NS
2001-05-02,11.699999809265137,11.699999809265137,11.699999809265137,11.699999809265137,8.815662384033203,0.0,MRPL.NS
2001-05-03,11.699999809265137,11.699999809265137,11.699999809265137,11.699999809265137,8.815662384033203,0.0,MRPL.NS
2001-05-04,11.699999809265137,11.699999809265137,11.699999809265137,11.699999809265137,8.815662384033203,0.0,MRPL.NS
2001-05-07,11.699999809265137,11.699999809265137,11.699999809265137,11.699999809265137,8.815662384033203,0.0,MRPL.NS
2001-05-08,11.699999809265137,11.699999809265137,11.699999809265137,11.699999809265137,8.815662384033203,0.0,MRPL.NS
2001-05-09,11.699999809265137,11.699999809265137,11.699999809265137,11.699999809265137,8.815662384033203,0.0,MRPL.NS
2001-05-10,11.699999809265137,11.699999809265137,11.699999809265137,11.699999809265137,8.815662384033203,0.0,MRPL.NS
2001-05-11,11.699999809265137,11.699999809265137,11.699999809265137,11.699999809265137,8.815662384033203,0.0,MRPL.NS
2001-05-14,11.699999809265137,11.699999809265137,11.699999809265137,11.699999809265137,8.815662384033203,0.0,MRPL.NS
2001-05-15,11.699999809265137,11.699999809265137,11.699999809265137,11.699999809265137,8.815662384033203,0.0,MRPL.NS
2001-05-16,11.699999809265137,11.699999809265137,11.699999809265137,11.699999809265137,8.815662384033203,0.0,MRPL.NS
2001-05-17,11.699999809265137,11.699999809265137,11.699999809265137,11.699999809265137,8.815662384033203,0.0,MRPL.NS
2001-05-18,11.699999809265137,11.699999809265137,11.699999809265137,11.699999809265137,8.815662384033203,0.0,MRPL.NS
2001-05-21,11.699999809265137,11.699999809265137,11.699999809265137,11.699999809265137,8.815662384033203,0.0,MRPL.NS
2001-05-22,11.699999809265137,11.699999809265137,11.699999809265137,11.699999809265137,8.815662384033203,0.0,MRPL.NS
2001-05-23,11.699999809265137,11.699999809265137,11.699999809265137,11.699999809265137,8.815662384033203,0.0,MRPL.NS
2001-05-24,11.699999809265137,11.699999809265137,11.699999809265137,11.699999809265137,8.815662384033203,0.0,MRPL.NS
2001-05-25,11.699999809265137,11.699999809265137,11.699999809265137,11.699999809265137,8.815662384033203,0.0,MRPL.NS
2001-05-28,11.699999809265137,11.699999809265137,11.699999809265137,11.699999809265137,8.815662384033203,0.0,MRPL.NS
2001-05-29,11.699999809265137,11.699999809265137,11.699999809265137,11.699999809265137,8.815662384033203,0.0,MRPL.NS
2001-05-30,11.699999809265137,11.699999809265137,11.699999809265137,11.699999809265137,8.815662384033203,0.0,MRPL.NS
2001-05-31,11.699999809265137,11.699999809265137,11.699999809265137,11.699999809265137,8.815662384033203,0.0,MRPL.NS
2001-06-01,11.699999809265137,11.699999809265137,11.699999809265137,11.699999809265137,8.815662384033203,0.0,MRPL.NS
2001-06-04,11.699999809265137,11.699999809265137,11.699999809265137,11.699999809265137,8.815662384033203,0.0,MRPL.NS
2001-06-05,11.699999809265137,11.699999809265137,11.699999809265137,11.699999809265137,8.815662384033203,0.0,MRPL.NS
2001-06-06,11.699999809265137,11.699999809265137,11.699999809265137,11.699999809265137,8.815662384033203,0.0,MRPL.NS
2001-06-07,11.699999809265137,11.699999809265137,11.699999809265137,11.699999809265137,8.815662384033203,0.0,MRPL.NS
2001-06-08,11.699999809265137,11.699999809265137,11.699999809265137,11.699999809265137,8.815662384033203,0.0,MRPL.NS
2001-06-11,11.699999809265137,11.699999809265137,11.699999809265137,11.699999809265137,8.815662384033203,0.0,MRPL.NS
2001-06-12,11.699999809265137,11.699999809265137,11.699999809265137,11.699999809265137,8.815662384033203,0.0,MRPL.NS
2001-06-13,11.699999809265137,11.699999809265137,11.699999809265137,11.699999809265137,8.815662384033203,0.0,MRPL.NS
2001-06-14,11.699999809265137,11.699999809265137,11.699999809265137,11.699999809265137,8.815662384033203,0.0,MRPL.NS
2001-06-15,11.699999809265137,11.699999809265137,11.699999809265137,11.699999809265137,8.815662384033203,0.0,MRPL.NS
2001-06-18,11.699999809265137,11.699999809265137,11.699999809265137,11.699999809265137,8.815662384033203,0.0,MRPL.NS
2001-06-19,11.699999809265137,11.699999809265137,11.699999809265137,11.699999809265137,8.815662384033203,0.0,MRPL.NS
2001-06-20,11.699999809265137,11.699999809265137,11.699999809265137,11.699999809265137,8.815662384033203,0.0,MRPL.NS
2001-06-21,11.699999809265137,11.699999809265137,11.699999809265137,11.699999809265137,8.815662384033203,0.0,MRPL.NS
2001-06-22,11.699999809265137,11.699999809265137,11.699999809265137,11.699999809265137,8.815662384033203,0.0,MRPL.NS
2001-06-25,11.699999809265137,11.699999809265137,11.699999809265137,11.699999809265137,8.815662384033203,0.0,MRPL.NS
2001-06-26,11.699999809265137,11.699999809265137,11.699999809265137,11.699999809265137,8.815662384033203,0.0,MRPL.NS
2001-06-27,11.699999809265137,11.699999809265137,11.699999809265137,11.699999809265137,8.815662384033203,0.0,MRPL.NS
2001-06-28,11.699999809265137,11.699999809265137,11.699999809265137,11.699999809265137,8.815662384033203,0.0,MRPL.NS
2001-06-29,11.699999809265137,11.699999809265137,11.699999809265137,11.699999809265137,8.815662384033203,0.0,MRPL.NS
2001-07-02,7.199999809265137,7.199999809265137,6.75,7.0,5.274327754974365,4227.0,MRPL.NS
2001-07-03,7.0,7.0,6.849999904632568,6.900000095367432,5.198980331420898,9649.0,MRPL.NS
2001-07-04,6.800000190734863,7.0,6.599999904632568,6.949999809265137,5.2366533279418945,14019.0,MRPL.NS
2001-07-05,6.599999904632568,6.849999904632568,6.5,6.699999809265137,5.048285007476807,8800.0,MRPL.NS
2001-07-06,7.0,7.0,6.5,6.550000190734863,4.935263156890869,32369.0,MRPL.NS
2001-07-09,6.599999904632568,6.800000190734863,6.5,6.650000095367432,5.010611534118652,12995.0,MRPL.NS
2001-07-10,6.550000190734863,6.800000190734863,6.550000190734863,6.550000190734863,4.935263156890869,15300.0,MRPL.NS
2001-07-11,6.900000095367432,6.900000095367432,6.650000095367432,6.75,5.085958480834961,10200.0,MRPL.NS
2001-07-12,6.650000095367432,6.900000095367432,6.650000095367432,6.75,5.085958480834961,12501.0,MRPL.NS
2001-07-13,6.550000190734863,6.75,6.5,6.5,4.897589206695557,15569.0,MRPL.NS
2001-07-16,6.75,6.75,6.449999809265137,6.5,4.897589206695557,12406.0,MRPL.NS
2001-07-17,6.599999904632568,6.650000095367432,6.449999809265137,6.5,4.897589206695557,12200.0,MRPL.NS
2001-07-18,6.400000095367432,6.550000190734863,6.349999904632568,6.400000095367432,4.8222432136535645,9510.0,MRPL.NS
2001-07-19,6.25,6.5,6.150000095367432,6.199999809265137,4.671546936035156,12645.0,MRPL.NS
2001-07-20,6.25,6.5,6.150000095367432,6.199999809265137,4.671546936035156,22850.0,MRPL.NS
2001-07-23,6.25,6.849999904632568,6.25,6.25,4.709220886230469,400.0,MRPL.NS
2001-07-24,6.25,6.900000095367432,6.0,6.050000190734863,4.558526039123535,20829.0,MRPL.NS
2001-07-25,6.0,6.25,5.949999809265137,6.0,4.520852088928223,25170.0,MRPL.NS
2001-07-26,6.0,6.25,5.900000095367432,6.0,4.520852088928223,18850.0,MRPL.NS
2001-07-27,6.099999904632568,6.199999809265137,5.900000095367432,6.099999904632568,4.5961995124816895,13460.0,MRPL.NS
2001-07-30,6.150000095367432,6.300000190734863,6.050000190734863,6.25,4.709220886230469,31151.0,MRPL.NS
2001-07-31,6.150000095367432,6.349999904632568,6.0,6.050000190734863,4.558526039123535,24962.0,MRPL.NS
2001-08-01,6.25,6.25,5.5,5.949999809265137,4.48317813873291,35460.0,MRPL.NS
2001-08-02,6.0,6.0,5.0,5.849999904632568,4.407831192016602,38689.0,MRPL.NS
2001-08-03,5.75,6.099999904632568,5.75,6.0,4.520852088928223,29900.0,MRPL.NS
2001-08-06,6.050000190734863,6.050000190734863,5.75,5.800000190734863,4.370157241821289,22550.0,MRPL.NS
2001-08-07,5.800000190734863,6.099999904632568,5.800000190734863,6.050000190734863,4.558526039123535,12000.0,MRPL.NS
2001-08-08,6.099999904632568,6.150000095367432,5.900000095367432,6.0,4.520852088928223,34926.0,MRPL.NS
2001-08-09,6.199999809265137,6.199999809265137,6.0,6.150000095367432,4.633872985839844,37100.0,MRPL.NS
2001-08-10,6.099999904632568,6.25,6.050000190734863,6.150000095367432,4.633872985839844,43135.0,MRPL.NS
2001-08-13,6.099999904632568,6.25,6.099999904632568,6.25,4.709220886230469,12201.0,MRPL.NS
2001-08-14,6.050000190734863,6.25,6.050000190734863,6.150000095367432,4.633872985839844,10800.0,MRPL.NS
2001-08-15,6.150000095367432,6.150000095367432,6.150000095367432,6.150000095367432,4.633872985839844,0.0,MRPL.NS
2001-08-16,6.050000190734863,6.449999809265137,6.050000190734863,6.199999809265137,4.671546936035156,26181.0,MRPL.NS
2001-08-17,6.099999904632568,6.349999904632568,6.099999904632568,6.199999809265137,4.671546936035156,22611.0,MRPL.NS
2001-08-20,6.349999904632568,6.400000095367432,6.099999904632568,6.150000095367432,4.633872985839844,24182.0,MRPL.NS
2001-08-21,6.199999809265137,6.25,6.099999904632568,6.150000095367432,4.633872985839844,13852.0,MRPL.NS
2001-08-22,6.150000095367432,6.150000095367432,6.150000095367432,6.150000095367432,4.633872985839844,0.0,MRPL.NS
2001-08-23,6.099999904632568,6.25,6.050000190734863,6.199999809265137,4.671546936035156,16440.0,MRPL.NS
2001-08-24,6.099999904632568,6.25,6.099999904632568,6.150000095367432,4.633872985839844,12200.0,MRPL.NS
2001-08-27,6.199999809265137,6.199999809265137,5.949999809265137,6.0,4.520852088928223,80640.0,MRPL.NS
2001-08-28,6.150000095367432,6.150000095367432,6.0,6.099999904632568,4.5961995124816895,15875.0,MRPL.NS
2001-08-29,6.050000190734863,6.099999904632568,5.949999809265137,6.050000190734863,4.558526039123535,36200.0,MRPL.NS
2001-08-30,5.900000095367432,6.050000190734863,5.650000095367432,5.699999809265137,4.294809818267822,68250.0,MRPL.NS
2001-08-31,5.849999904632568,5.900000095367432,5.699999809265137,5.699999809265137,4.294809818267822,15013.0,MRPL.NS
2001-09-03,5.900000095367432,6.0,5.699999809265137,5.949999809265137,4.48317813873291,49180.0,MRPL.NS
2001-09-04,6.0,7.150000095367432,6.0,6.900000095367432,5.198980331420898,110499.0,MRPL.NS
2001-09-05,7.0,7.949999809265137,7.0,7.099999904632568,5.349675178527832,201069.0,MRPL.NS
2001-09-06,7.300000190734863,7.349999904632568,6.849999904632568,6.949999809265137,5.2366533279418945,57747.0,MRPL.NS
2001-09-07,6.800000190734863,6.949999809265137,6.550000190734863,6.75,5.085958480834961,35651.0,MRPL.NS
2001-09-10,6.5,6.800000190734863,6.5,6.650000095367432,5.010611534118652,18884.0,MRPL.NS
2001-09-11,6.75,7.099999904632568,6.550000190734863,6.550000190734863,4.935263156890869,14851.0,MRPL.NS
2001-09-12,6.0,6.5,5.900000095367432,6.099999904632568,4.5961995124816895,45257.0,MRPL.NS
2001-09-13,6.099999904632568,6.25,6.0,6.0,4.520852088928223,34240.0,MRPL.NS
2001-09-14,5.900000095367432,5.949999809265137,5.650000095367432,5.800000190734863,4.370157241821289,32690.0,MRPL.NS
2001-09-17,5.849999904632568,5.849999904632568,4.849999904632568,5.099999904632568,3.842724561691284,41784.0,MRPL.NS
2001-09-18,5.150000095367432,5.900000095367432,5.150000095367432,5.349999904632568,4.031093120574951,21600.0,MRPL.NS
2001-09-19,5.349999904632568,5.699999809265137,5.349999904632568,5.599999904632568,4.219461441040039,23540.0,MRPL.NS
2001-09-20,5.449999809265137,5.75,5.349999904632568,5.400000095367432,4.068767547607422,17498.0,MRPL.NS
2001-09-21,5.050000190734863,5.449999809265137,5.0,5.25,3.9557454586029053,37300.0,MRPL.NS
2001-09-24,5.400000095367432,6.300000190734863,5.400000095367432,5.849999904632568,4.407831192016602,65666.0,MRPL.NS
2001-09-25,6.0,6.900000095367432,5.949999809265137,6.199999809265137,4.671546936035156,42872.0,MRPL.NS
2001-09-26,6.050000190734863,6.150000095367432,5.900000095367432,6.050000190734863,4.558526039123535,15400.0,MRPL.NS
2001-09-27,6.199999809265137,6.199999809265137,5.849999904632568,5.900000095367432,4.445505619049072,16252.0,MRPL.NS
2001-09-28,6.800000190734863,7.0,6.099999904632568,6.25,4.709220886230469,21911.0,MRPL.NS
2001-10-01,6.099999904632568,6.349999904632568,6.0,6.199999809265137,4.671546936035156,14900.0,MRPL.NS
2001-10-02,6.199999809265137,6.199999809265137,6.199999809265137,6.199999809265137,4.671546936035156,0.0,MRPL.NS
2001-10-03,6.050000190734863,6.349999904632568,6.0,6.0,4.520852088928223,19726.0,MRPL.NS
2001-10-04,6.0,6.150000095367432,5.949999809265137,6.099999904632568,4.5961995124816895,12967.0,MRPL.NS
2001-10-05,6.050000190734863,6.300000190734863,6.050000190734863,6.099999904632568,4.5961995124816895,13525.0,MRPL.NS
2001-10-08,5.800000190734863,6.25,5.800000190734863,6.199999809265137,4.671546936035156,14565.0,MRPL.NS
2001-10-09,6.150000095367432,6.25,6.099999904632568,6.150000095367432,4.633872985839844,18084.0,MRPL.NS
2001-10-10,6.099999904632568,6.099999904632568,6.0,6.0,4.520852088928223,12600.0,MRPL.NS
2001-10-11,6.199999809265137,6.199999809265137,5.900000095367432,6.0,4.520852088928223,17150.0,MRPL.NS
2001-10-12,6.0,6.150000095367432,5.849999904632568,5.900000095367432,4.445505619049072,22238.0,MRPL.NS
2001-10-15,7.0,7.099999904632568,6.400000095367432,7.050000190734863,5.312001705169678,115729.0,MRPL.NS
2001-10-16,7.150000095367432,7.5,6.900000095367432,6.949999809265137,5.2366533279418945,94620.0,MRPL.NS
2001-10-17,7.0,7.199999809265137,6.699999809265137,6.75,5.085958480834961,24152.0,MRPL.NS
2001-10-18,7.0,7.050000190734863,6.800000190734863,6.849999904632568,5.161306858062744,18361.0,MRPL.NS
2001-10-19,7.0,7.0,6.599999904632568,6.699999809265137,5.048285007476807,20550.0,MRPL.NS
2001-10-22,6.5,6.849999904632568,6.400000095367432,6.5,4.897589206695557,32287.0,MRPL.NS
2001-10-23,6.449999809265137,6.449999809265137,6.050000190734863,6.25,4.709220886230469,20900.0,MRPL.NS
2001-10-24,6.900000095367432,7.5,6.5,6.949999809265137,5.2366533279418945,87505.0,MRPL.NS
2001-10-25,7.199999809265137,7.650000095367432,7.099999904632568,7.300000190734863,5.500370979309082,103877.0,MRPL.NS
2001-10-26,7.300000190734863,7.300000190734863,7.300000190734863,7.300000190734863,5.500370979309082,0.0,MRPL.NS
2001-10-29,7.050000190734863,7.449999809265137,7.050000190734863,7.150000095367432,5.387348651885986,36628.0,MRPL.NS
2001-10-30,6.75,7.199999809265137,6.75,7.050000190734863,5.312001705169678,14551.0,MRPL.NS
2001-10-31,6.800000190734863,7.050000190734863,6.800000190734863,7.0,5.274327754974365,22575.0,MRPL.NS
2001-11-01,7.25,7.25,6.75,6.800000190734863,5.12363338470459,15263.0,MRPL.NS
2001-11-02,6.900000095367432,7.099999904632568,6.75,6.849999904632568,5.161306858062744,22495.0,MRPL.NS
2001-11-05,6.75,6.900000095367432,6.699999809265137,6.800000190734863,5.12363338470459,21549.0,MRPL.NS
2001-11-06,6.449999809265137,6.800000190734863,6.449999809265137,6.5,4.897589206695557,36850.0,MRPL.NS
2001-11-07,6.599999904632568,6.699999809265137,6.550000190734863,6.550000190734863,4.935263156890869,16931.0,MRPL.NS
2001-11-08,6.699999809265137,7.0,6.550000190734863,6.900000095367432,5.198980331420898,51359.0,MRPL.NS
2001-11-09,7.0,7.599999904632568,6.849999904632568,7.0,5.274327754974365,72595.0,MRPL.NS
2001-11-12,7.099999904632568,7.300000190734863,6.900000095367432,6.949999809265137,5.2366533279418945,32775.0,MRPL.NS
2001-11-13,7.0,7.0,6.800000190734863,6.900000095367432,5.198980331420898,10951.0,MRPL.NS
2001-11-14,7.0,7.349999904632568,7.0,7.25,5.462696552276611,26882.0,MRPL.NS
2001-11-15,7.050000190734863,7.349999904632568,7.0,7.25,5.462696552276611,49964.0,MRPL.NS
2001-11-16,7.25,7.25,7.25,7.25,5.462696552276611,0.0,MRPL.NS
2001-11-19,7.300000190734863,7.599999904632568,7.150000095367432,7.300000190734863,5.500370979309082,81224.0,MRPL.NS
2001-11-20,7.599999904632568,7.900000095367432,7.349999904632568,7.400000095367432,5.575717926025391,141316.0,MRPL.NS
2001-11-21,7.599999904632568,8.25,7.599999904632568,8.0,6.02780294418335,206417.0,MRPL.NS
2001-11-22,8.25,8.25,7.800000190734863,8.149999618530273,6.140823841094971,125427.0,MRPL.NS
2001-11-23,8.0,8.449999809265137,7.900000095367432,8.0,6.02780294418335,98730.0,MRPL.NS
2001-11-26,8.350000381469727,8.449999809265137,7.849999904632568,7.949999809265137,5.990128993988037,59965.0,MRPL.NS
2001-11-27,8.199999809265137,8.199999809265137,7.550000190734863,7.949999809265137,5.990128993988037,52262.0,MRPL.NS
2001-11-28,8.199999809265137,8.199999809265137,7.699999809265137,8.0,6.02780294418335,76834.0,MRPL.NS
2001-11-29,8.100000381469727,8.149999618530273,7.949999809265137,8.0,6.02780294418335,81310.0,MRPL.NS
2001-11-30,8.0,8.0,8.0,8.0,6.02780294418335,0.0,MRPL.NS
2001-12-03,7.949999809265137,8.449999809265137,7.949999809265137,8.350000381469727,6.291520595550537,98480.0,MRPL.NS
2001-12-04,8.25,8.449999809265137,8.199999809265137,8.300000190734863,6.253845691680908,45365.0,MRPL.NS
2001-12-05,8.0,8.300000190734863,7.650000095367432,8.199999809265137,6.1784987449646,109562.0,MRPL.NS
2001-12-06,8.050000190734863,8.300000190734863,7.949999809265137,8.050000190734863,6.065476417541504,101361.0,MRPL.NS
2001-12-07,7.5,8.0,7.0,7.900000095367432,5.952455520629883,72509.0,MRPL.NS
2001-12-10,7.599999904632568,8.199999809265137,7.599999904632568,7.800000190734863,5.877108097076416,37357.0,MRPL.NS
2001-12-11,8.0,8.25,7.800000190734863,8.100000381469727,6.103150844573975,63364.0,MRPL.NS
2001-12-12,7.900000095367432,8.0,7.699999809265137,7.849999904632568,5.9147820472717285,48075.0,MRPL.NS
2001-12-13,7.800000190734863,7.900000095367432,7.349999904632568,7.800000190734863,5.877108097076416,38674.0,MRPL.NS
2001-12-14,7.400000095367432,7.800000190734863,7.400000095367432,7.650000095367432,5.7640862464904785,34610.0,MRPL.NS
2001-12-17,7.650000095367432,7.650000095367432,7.650000095367432,7.650000095367432,5.7640862464904785,0.0,MRPL.NS
2001-12-18,7.699999809265137,7.699999809265137,7.099999904632568,7.199999809265137,5.425022602081299,51601.0,MRPL.NS
2001-12-19,7.150000095367432,7.150000095367432,7.0,7.050000190734863,5.312001705169678,38295.0,MRPL.NS
2001-12-20,7.0,7.050000190734863,6.699999809265137,7.0,5.274327754974365,54491.0,MRPL.NS
2001-12-21,7.0,7.099999904632568,6.75,6.900000095367432,5.198980331420898,31676.0,MRPL.NS
2001-12-24,6.5,6.800000190734863,6.400000095367432,6.599999904632568,4.972937107086182,55740.0,MRPL.NS
2001-12-25,6.599999904632568,6.599999904632568,6.599999904632568,6.599999904632568,4.972937107086182,0.0,MRPL.NS
2001-12-26,6.900000095367432,6.900000095367432,6.699999809265137,6.800000190734863,5.12363338470459,12045.0,MRPL.NS
2001-12-27,6.699999809265137,6.800000190734863,6.5,6.550000190734863,4.935263156890869,21290.0,MRPL.NS
2001-12-28,7.5,7.5,6.400000095367432,6.699999809265137,5.048285007476807,44200.0,MRPL.NS
2001-12-31,7.0,7.199999809265137,6.650000095367432,7.0,5.274327754974365,30080.0,MRPL.NS
2002-01-01,6.650000095367432,7.099999904632568,5.849999904632568,6.849999904632568,5.161306858062744,33350.0,MRPL.NS
2002-01-02,6.800000190734863,6.800000190734863,6.5,6.5,4.897589206695557,15521.0,MRPL.NS
2002-01-03,6.199999809265137,6.75,6.199999809265137,6.599999904632568,4.972937107086182,12602.0,MRPL.NS
2002-01-04,6.349999904632568,6.849999904632568,6.300000190734863,6.599999904632568,4.972937107086182,26071.0,MRPL.NS
2002-01-07,6.5,6.800000190734863,6.5,6.550000190734863,4.935263156890869,26351.0,MRPL.NS
2002-01-08,6.400000095367432,6.599999904632568,6.400000095367432,6.400000095367432,4.8222432136535645,29239.0,MRPL.NS
2002-01-09,6.25,6.400000095367432,6.199999809265137,6.300000190734863,4.7468953132629395,19595.0,MRPL.NS
2002-01-10,6.199999809265137,6.5,6.199999809265137,6.300000190734863,4.7468953132629395,12497.0,MRPL.NS
2002-01-11,6.400000095367432,6.5,6.199999809265137,6.25,4.709220886230469,32860.0,MRPL.NS
2002-01-14,6.150000095367432,6.599999904632568,6.150000095367432,6.25,4.709220886230469,42280.0,MRPL.NS
2002-01-15,6.599999904632568,7.300000190734863,6.550000190734863,6.949999809265137,5.2366533279418945,99166.0,MRPL.NS
2002-01-16,7.199999809265137,7.699999809265137,7.199999809265137,7.449999809265137,5.613391399383545,85778.0,MRPL.NS
2002-01-17,7.5,7.75,7.150000095367432,7.300000190734863,5.500370979309082,83301.0,MRPL.NS
2002-01-18,7.349999904632568,7.400000095367432,7.050000190734863,7.199999809265137,5.425022602081299,22650.0,MRPL.NS
2002-01-21,7.150000095367432,7.25,6.900000095367432,7.0,5.274327754974365,26959.0,MRPL.NS
2002-01-22,7.0,7.099999904632568,6.849999904632568,6.900000095367432,5.198980331420898,18961.0,MRPL.NS
2002-01-23,6.949999809265137,7.150000095367432,6.900000095367432,7.099999904632568,5.349675178527832,30550.0,MRPL.NS
2002-01-24,7.0,7.0,6.75,6.849999904632568,5.161306858062744,23046.0,MRPL.NS
2002-01-25,7.0,7.300000190734863,6.75,6.900000095367432,5.198980331420898,53655.0,MRPL.NS
2002-01-28,7.050000190734863,7.25,6.849999904632568,6.949999809265137,5.2366533279418945,22373.0,MRPL.NS
2002-01-29,6.800000190734863,7.0,6.75,6.800000190734863,5.12363338470459,15135.0,MRPL.NS
2002-01-30,6.75,7.0,6.550000190734863,6.650000095367432,5.010611534118652,15865.0,MRPL.NS
2002-01-31,6.599999904632568,6.900000095367432,6.599999904632568,6.75,5.085958480834961,19518.0,MRPL.NS
2002-02-01,6.699999809265137,6.800000190734863,6.550000190734863,6.75,5.085958480834961,30900.0,MRPL.NS
2002-02-04,6.550000190734863,6.75,6.449999809265137,6.599999904632568,4.972937107086182,37295.0,MRPL.NS
2002-02-05,6.300000190734863,7.0,6.300000190734863,6.75,5.085958480834961,41920.0,MRPL.NS
2002-02-06,7.0,8.0,7.0,7.75,5.8394341468811035,170226.0,MRPL.NS
2002-02-07,8.25,8.449999809265137,7.199999809265137,7.349999904632568,5.538044452667236,122989.0,MRPL.NS
2002-02-08,7.5,8.0,7.150000095367432,7.75,5.8394341468811035,133181.0,MRPL.NS
2002-02-11,7.75,7.800000190734863,7.5,7.599999904632568,5.726412773132324,103917.0,MRPL.NS
2002-02-12,8.0,9.0,7.5,7.650000095367432,5.7640862464904785,64125.0,MRPL.NS
2002-02-13,7.75,7.900000095367432,7.650000095367432,7.75,5.8394341468811035,65230.0,MRPL.NS
2002-02-14,7.300000190734863,8.0,7.300000190734863,7.800000190734863,5.877108097076416,62050.0,MRPL.NS
2002-02-15,7.900000095367432,8.0,7.349999904632568,7.800000190734863,5.877108097076416,64100.0,MRPL.NS
2002-02-18,8.0,8.699999809265137,7.800000190734863,8.0,6.02780294418335,112305.0,MRPL.NS
2002-02-19,8.199999809265137,8.5,7.75,7.949999809265137,5.990128993988037,69450.0,MRPL.NS
2002-02-20,7.800000190734863,8.0,7.650000095367432,7.75,5.8394341468811035,39260.0,MRPL.NS
2002-02-21,8.050000190734863,8.050000190734863,7.75,7.849999904632568,5.9147820472717285,49571.0,MRPL.NS
2002-02-22,8.0,8.050000190734863,7.599999904632568,7.75,5.8394341468811035,26042.0,MRPL.NS
2002-02-25,7.599999904632568,8.649999618530273,7.599999904632568,8.5,6.404541015625,221500.0,MRPL.NS
2002-02-26,8.5,8.899999618530273,8.399999618530273,8.649999618530273,6.517562389373779,172940.0,MRPL.NS
2002-02-27,8.850000381469727,8.899999618530273,8.300000190734863,8.5,6.404541015625,153988.0,MRPL.NS
2002-02-28,9.949999809265137,9.949999809265137,8.0,8.050000190734863,6.065476417541504,306467.0,MRPL.NS
2002-03-01,8.600000381469727,8.699999809265137,8.0,8.449999809265137,6.3668670654296875,77163.0,MRPL.NS
2002-03-04,8.699999809265137,9.75,8.5,9.550000190734863,7.195690155029297,292477.0,MRPL.NS
2002-03-05,9.600000381469727,9.899999618530273,9.050000190734863,9.149999618530273,6.8942999839782715,162926.0,MRPL.NS
2002-03-06,9.199999809265137,9.350000381469727,8.550000190734863,8.75,6.592910289764404,88200.0,MRPL.NS
2002-03-07,8.600000381469727,8.850000381469727,8.399999618530273,8.550000190734863,6.4422149658203125,81103.0,MRPL.NS
2002-03-08,9.75,10.300000190734863,8.5,10.199999809265137,7.685449123382568,554226.0,MRPL.NS
2002-03-11,11.550000190734863,11.550000190734863,8.5,9.300000190734863,7.007321357727051,237485.0,MRPL.NS
2002-03-12,9.399999618530273,9.5,8.75,8.800000190734863,6.630582809448242,111258.0,MRPL.NS
2002-03-13,8.0,9.0,8.0,8.699999809265137,6.555235862731934,100771.0,MRPL.NS
2002-03-14,8.949999809265137,9.050000190734863,8.600000381469727,8.75,6.592910289764404,51874.0,MRPL.NS
2002-03-15,9.050000190734863,9.350000381469727,8.75,9.050000190734863,6.818951606750488,79203.0,MRPL.NS
2002-03-18,9.350000381469727,9.449999809265137,8.899999618530273,8.949999809265137,6.7436041831970215,114140.0,MRPL.NS
2002-03-19,8.75,9.0,8.399999618530273,8.449999809265137,6.3668670654296875,128708.0,MRPL.NS
2002-03-20,8.649999618530273,8.850000381469727,8.199999809265137,8.25,6.216171741485596,69020.0,MRPL.NS
2002-03-21,8.449999809265137,8.600000381469727,8.050000190734863,8.100000381469727,6.103150844573975,63977.0,MRPL.NS
2002-03-22,8.350000381469727,8.350000381469727,7.949999809265137,8.100000381469727,6.103150844573975,129235.0,MRPL.NS
2002-03-25,8.100000381469727,8.100000381469727,8.100000381469727,8.100000381469727,6.103150844573975,0.0,MRPL.NS
2002-03-26,8.100000381469727,8.25,8.100000381469727,8.199999809265137,6.1784987449646,40651.0,MRPL.NS
2002-03-27,9.850000381469727,9.850000381469727,8.0,8.050000190734863,6.065476417541504,56631.0,MRPL.NS
2002-03-28,8.149999618530273,8.199999809265137,6.75,6.949999809265137,5.2366533279418945,401041.0,MRPL.NS
2002-03-29,6.949999809265137,6.949999809265137,6.949999809265137,6.949999809265137,5.2366533279418945,0.0,MRPL.NS
2002-04-01,7.449999809265137,8.350000381469727,7.199999809265137,7.550000190734863,5.688738822937012,416286.0,MRPL.NS
2002-04-02,8.050000190734863,8.149999618530273,7.199999809265137,7.349999904632568,5.538044452667236,356730.0,MRPL.NS
2002-04-03,7.300000190734863,7.849999904632568,7.300000190734863,7.75,5.8394341468811035,92503.0,MRPL.NS
2002-04-04,7.900000095367432,8.350000381469727,7.75,8.0,6.02780294418335,271005.0,MRPL.NS
2002-04-05,8.399999618530273,8.399999618530273,8.0,8.199999809265137,6.1784987449646,133134.0,MRPL.NS
2002-04-08,8.350000381469727,8.399999618530273,8.100000381469727,8.149999618530273,6.140823841094971,125830.0,MRPL.NS
2002-04-09,8.300000190734863,8.300000190734863,8.050000190734863,8.199999809265137,6.1784987449646,65992.0,MRPL.NS
2002-04-10,8.300000190734863,8.300000190734863,8.0,8.050000190734863,6.065476417541504,65070.0,MRPL.NS
2002-04-11,8.199999809265137,8.199999809265137,7.849999904632568,7.849999904632568,5.9147820472717285,48420.0,MRPL.NS
2002-04-12,7.800000190734863,8.0,7.699999809265137,7.75,5.8394341468811035,58044.0,MRPL.NS
2002-04-15,9.0,9.199999809265137,8.0,8.100000381469727,6.103150844573975,324904.0,MRPL.NS
2002-04-16,8.100000381469727,8.300000190734863,8.050000190734863,8.25,6.216171741485596,81701.0,MRPL.NS
2002-04-17,8.5,8.5,7.900000095367432,7.949999809265137,5.990128993988037,94531.0,MRPL.NS
2002-04-18,8.100000381469727,8.100000381469727,7.650000095367432,7.699999809265137,5.801760673522949,95339.0,MRPL.NS
2002-04-19,7.75,7.900000095367432,7.449999809265137,7.550000190734863,5.688738822937012,97425.0,MRPL.NS
2002-04-22,8.0,8.0,7.300000190734863,7.400000095367432,5.575717926025391,43077.0,MRPL.NS
2002-04-23,7.5,7.650000095367432,7.300000190734863,7.349999904632568,5.538044452667236,60230.0,MRPL.NS
2002-04-24,7.349999904632568,7.550000190734863,7.300000190734863,7.400000095367432,5.575717926025391,40782.0,MRPL.NS
2002-04-25,7.5,7.5,7.349999904632568,7.400000095367432,5.575717926025391,31385.0,MRPL.NS
2002-04-26,7.349999904632568,7.5,7.300000190734863,7.349999904632568,5.538044452667236,39765.0,MRPL.NS
2002-04-29,7.349999904632568,7.599999904632568,7.300000190734863,7.400000095367432,5.575717926025391,39482.0,MRPL.NS
2002-04-30,7.349999904632568,7.400000095367432,7.150000095367432,7.25,5.462696552276611,64872.0,MRPL.NS
2002-05-01,7.25,7.25,7.25,7.25,5.462696552276611,0.0,MRPL.NS
2002-05-02,7.25,7.5,7.150000095367432,7.25,5.462696552276611,66750.0,MRPL.NS
2002-05-03,7.400000095367432,7.599999904632568,7.300000190734863,7.349999904632568,5.538044452667236,98170.0,MRPL.NS
2002-05-06,7.550000190734863,7.800000190734863,7.5,7.699999809265137,5.801760673522949,112963.0,MRPL.NS
2002-05-07,7.900000095367432,7.900000095367432,7.599999904632568,7.650000095367432,5.7640862464904785,80615.0,MRPL.NS
2002-05-08,8.550000190734863,8.550000190734863,7.650000095367432,7.699999809265137,5.801760673522949,43680.0,MRPL.NS
2002-05-09,7.699999809265137,7.75,7.599999904632568,7.599999904632568,5.726412773132324,56992.0,MRPL.NS
2002-05-10,9.0,9.0,7.5,7.550000190734863,5.688738822937012,51233.0,MRPL.NS
2002-05-13,7.550000190734863,7.650000095367432,7.449999809265137,7.5,5.651065826416016,74712.0,MRPL.NS
2002-05-14,7.900000095367432,7.900000095367432,7.449999809265137,7.599999904632568,5.726412773132324,112241.0,MRPL.NS
2002-05-15,7.699999809265137,7.949999809265137,7.5,7.650000095367432,5.7640862464904785,172103.0,MRPL.NS
2002-05-16,7.75,7.849999904632568,7.550000190734863,7.599999904632568,5.726412773132324,127900.0,MRPL.NS
2002-05-17,7.599999904632568,7.75,7.5,7.550000190734863,5.688738822937012,61512.0,MRPL.NS
2002-05-20,7.5,7.5,7.25,7.25,5.462696552276611,61261.0,MRPL.NS
2002-05-21,7.449999809265137,7.449999809265137,6.650000095367432,6.800000190734863,5.12363338470459,66667.0,MRPL.NS
2002-05-22,6.800000190734863,7.050000190734863,6.75,6.849999904632568,5.161306858062744,47437.0,MRPL.NS
2002-05-23,6.800000190734863,7.199999809265137,6.800000190734863,6.900000095367432,5.198980331420898,55102.0,MRPL.NS
2002-05-24,7.0,7.199999809265137,6.949999809265137,7.050000190734863,5.312001705169678,247144.0,MRPL.NS
2002-05-27,7.199999809265137,8.5,7.199999809265137,8.449999809265137,6.3668670654296875,817877.0,MRPL.NS
2002-05-28,8.399999618530273,9.350000381469727,7.800000190734863,8.149999618530273,6.140823841094971,706735.0,MRPL.NS
2002-05-29,8.5,8.550000190734863,8.050000190734863,8.350000381469727,6.291520595550537,242023.0,MRPL.NS
2002-05-30,8.5,9.25,8.350000381469727,8.649999618530273,6.517562389373779,602570.0,MRPL.NS
2002-05-31,8.649999618530273,8.850000381469727,8.300000190734863,8.5,6.404541015625,273183.0,MRPL.NS
2002-06-03,8.75,10.0,8.75,9.75,7.346385478973389,1142224.0,MRPL.NS
2002-06-04,8.350000381469727,11.25,8.350000381469727,10.800000190734863,8.137535095214844,1804095.0,MRPL.NS
2002-06-05,11.899999618530273,12.5,11.100000381469727,11.25,8.47659683227539,2520162.0,MRPL.NS
2002-06-06,11.5,11.899999618530273,10.100000381469727,10.5,7.9114909172058105,903067.0,MRPL.NS
2002-06-07,11.0,11.0,9.5,9.600000381469727,7.233364582061768,442180.0,MRPL.NS
2002-06-10,9.899999618530273,10.300000190734863,9.600000381469727,9.899999618530273,7.45940637588501,230331.0,MRPL.NS
2002-06-11,10.050000190734863,10.300000190734863,9.800000190734863,9.899999618530273,7.45940637588501,236244.0,MRPL.NS
2002-06-12,10.050000190734863,10.199999809265137,9.600000381469727,9.75,7.346385478973389,199483.0,MRPL.NS
2002-06-13,9.800000190734863,10.100000381469727,9.600000381469727,9.600000381469727,7.233364582061768,115849.0,MRPL.NS
2002-06-14,9.800000190734863,10.199999809265137,9.649999618530273,9.949999809265137,7.497081756591797,253979.0,MRPL.NS
2002-06-17,10.0,10.75,10.0,10.399999618530273,7.836143970489502,337554.0,MRPL.NS
2002-06-18,10.75,11.0,10.25,10.300000190734863,7.760796546936035,381467.0,MRPL.NS
2002-06-19,9.899999618530273,10.550000190734863,9.850000381469727,9.899999618530273,7.45940637588501,169916.0,MRPL.NS
2002-06-20,10.649999618530273,10.899999618530273,10.199999809265137,10.25,7.723121166229248,328637.0,MRPL.NS
2002-06-21,10.399999618530273,10.449999809265137,10.100000381469727,10.149999618530273,7.6477766036987305,157346.0,MRPL.NS
2002-06-24,10.5,10.5,10.0,10.050000190734863,7.572428226470947,116343.0,MRPL.NS
2002-06-25,10.399999618530273,10.399999618530273,9.5,9.550000190734863,7.195690155029297,136663.0,MRPL.NS
2002-06-26,9.699999809265137,9.699999809265137,9.100000381469727,9.149999618530273,6.8942999839782715,96996.0,MRPL.NS
2002-06-27,9.149999618530273,9.399999618530273,9.149999618530273,9.199999809265137,6.931973457336426,63097.0,MRPL.NS
2002-06-28,9.399999618530273,10.149999618530273,9.350000381469727,10.0,7.534753799438477,270846.0,MRPL.NS
2002-07-01,10.25,11.199999809265137,10.25,10.949999809265137,8.250555992126465,701895.0,MRPL.NS
2002-07-02,10.899999618530273,12.199999809265137,10.899999618530273,11.899999618530273,8.96635627746582,1352873.0,MRPL.NS
2002-07-03,12.5,12.75,11.600000381469727,11.800000190734863,8.891011238098145,1500986.0,MRPL.NS
2002-07-04,12.050000190734863,12.300000190734863,11.350000381469727,11.5,8.66496753692627,397340.0,MRPL.NS
2002-07-05,11.100000381469727,11.600000381469727,10.899999618530273,11.0,8.288228988647461,390910.0,MRPL.NS
2002-07-08,11.100000381469727,12.800000190734863,10.5,11.949999809265137,9.00403118133545,2499710.0,MRPL.NS
2002-07-09,11.899999618530273,12.5,11.399999618530273,11.550000190734863,8.70263957977295,1128956.0,MRPL.NS
2002-07-10,11.899999618530273,12.0,11.0,11.100000381469727,8.36357593536377,362876.0,MRPL.NS
2002-07-11,11.149999618530273,11.449999809265137,10.699999809265137,10.800000190734863,8.137535095214844,240857.0,MRPL.NS
2002-07-12,11.199999809265137,11.199999809265137,10.600000381469727,10.75,8.099862098693848,154173.0,MRPL.NS
2002-07-15,10.5,10.899999618530273,8.899999618530273,10.399999618530273,7.836143970489502,173207.0,MRPL.NS
2002-07-16,9.5,9.5,8.550000190734863,8.800000190734863,6.630582809448242,1001825.0,MRPL.NS
2002-07-17,8.5,8.699999809265137,8.199999809265137,8.600000381469727,6.479889392852783,545286.0,MRPL.NS
2002-07-18,8.25,9.399999618530273,8.25,9.0,6.781278610229492,407452.0,MRPL.NS
2002-07-19,9.199999809265137,9.600000381469727,9.050000190734863,9.199999809265137,6.931973457336426,417394.0,MRPL.NS
2002-07-22,9.199999809265137,9.199999809265137,8.399999618530273,8.75,6.592910289764404,216392.0,MRPL.NS
2002-07-23,7.599999904632568,9.0,7.599999904632568,8.600000381469727,6.479889392852783,382165.0,MRPL.NS
2002-07-24,8.399999618530273,8.600000381469727,8.100000381469727,8.199999809265137,6.1784987449646,199472.0,MRPL.NS
2002-07-25,8.600000381469727,9.0,8.199999809265137,8.25,6.216171741485596,231919.0,MRPL.NS
2002-07-26,8.350000381469727,8.800000190734863,8.149999618530273,8.600000381469727,6.479889392852783,450439.0,MRPL.NS
2002-07-29,9.5,9.5,8.5,8.699999809265137,6.555235862731934,583787.0,MRPL.NS
2002-07-30,9.300000190734863,9.300000190734863,8.199999809265137,8.449999809265137,6.3668670654296875,221987.0,MRPL.NS
2002-07-31,8.350000381469727,8.600000381469727,8.050000190734863,8.449999809265137,6.3668670654296875,249445.0,MRPL.NS
2002-08-01,8.5,8.850000381469727,8.050000190734863,8.399999618530273,6.329192638397217,493104.0,MRPL.NS
2002-08-02,8.5,8.5,7.900000095367432,8.300000190734863,6.253845691680908,307931.0,MRPL.NS
2002-08-05,8.550000190734863,8.699999809265137,8.300000190734863,8.449999809265137,6.3668670654296875,190718.0,MRPL.NS
2002-08-06,8.399999618530273,8.5,8.300000190734863,8.350000381469727,6.291520595550537,91505.0,MRPL.NS
2002-08-07,8.5,8.600000381469727,8.100000381469727,8.350000381469727,6.291520595550537,105011.0,MRPL.NS
2002-08-08,8.5,8.5,8.199999809265137,8.25,6.216171741485596,75474.0,MRPL.NS
2002-08-09,8.300000190734863,8.350000381469727,8.0,8.199999809265137,6.1784987449646,82750.0,MRPL.NS
2002-08-12,8.25,8.5,8.050000190734863,8.100000381469727,6.103150844573975,99244.0,MRPL.NS
2002-08-13,8.100000381469727,8.149999618530273,7.800000190734863,7.949999809265137,5.990128993988037,76649.0,MRPL.NS
2002-08-14,8.100000381469727,8.100000381469727,7.849999904632568,7.949999809265137,5.990128993988037,95915.0,MRPL.NS
2002-08-15,7.949999809265137,7.949999809265137,7.949999809265137,7.949999809265137,5.990128993988037,0.0,MRPL.NS
2002-08-16,7.949999809265137,8.050000190734863,7.800000190734863,7.849999904632568,5.9147820472717285,46838.0,MRPL.NS
2002-08-19,7.75,8.0,7.75,7.800000190734863,5.877108097076416,56630.0,MRPL.NS
2002-08-20,7.900000095367432,8.199999809265137,7.800000190734863,8.0,6.02780294418335,75424.0,MRPL.NS
2002-08-21,7.900000095367432,8.149999618530273,7.849999904632568,7.949999809265137,5.990128993988037,65779.0,MRPL.NS
2002-08-22,7.800000190734863,8.050000190734863,7.800000190734863,7.949999809265137,5.990128993988037,46417.0,MRPL.NS
2002-08-23,7.800000190734863,8.399999618530273,7.800000190734863,7.849999904632568,5.9147820472717285,52124.0,MRPL.NS
2002-08-26,7.75,7.949999809265137,7.75,7.900000095367432,5.952455520629883,58745.0,MRPL.NS
2002-08-27,7.699999809265137,8.0,7.5,7.800000190734863,5.877108097076416,89149.0,MRPL.NS
2002-08-28,7.650000095367432,7.800000190734863,7.650000095367432,7.699999809265137,5.801760673522949,43069.0,MRPL.NS
2002-08-29,7.900000095367432,7.949999809265137,7.75,7.849999904632568,5.9147820472717285,54340.0,MRPL.NS
2002-08-30,7.199999809265137,7.900000095367432,7.199999809265137,7.650000095367432,5.7640862464904785,62971.0,MRPL.NS
2002-09-02,7.599999904632568,7.900000095367432,7.599999904632568,7.699999809265137,5.801760673522949,49428.0,MRPL.NS
2002-09-03,7.650000095367432,7.800000190734863,7.599999904632568,7.699999809265137,5.801760673522949,34161.0,MRPL.NS
2002-09-04,7.650000095367432,7.800000190734863,7.599999904632568,7.699999809265137,5.801760673522949,31133.0,MRPL.NS
2002-09-05,7.650000095367432,7.699999809265137,7.5,7.550000190734863,5.688738822937012,70105.0,MRPL.NS
2002-09-06,7.5,7.550000190734863,7.349999904632568,7.400000095367432,5.575717926025391,71933.0,MRPL.NS
2002-09-09,7.0,7.300000190734863,7.0,7.050000190734863,5.312001705169678,52291.0,MRPL.NS
2002-09-10,7.050000190734863,7.050000190734863,7.050000190734863,7.050000190734863,5.312001705169678,0.0,MRPL.NS
2002-09-11,6.849999904632568,7.199999809265137,6.449999809265137,6.849999904632568,5.161306858062744,122720.0,MRPL.NS
2002-09-12,6.400000095367432,7.0,6.400000095367432,6.75,5.085958480834961,69766.0,MRPL.NS
2002-09-13,6.5,6.949999809265137,6.5,6.900000095367432,5.198980331420898,50910.0,MRPL.NS
2002-09-16,7.099999904632568,7.300000190734863,7.0,7.150000095367432,5.387348651885986,74173.0,MRPL.NS
2002-09-17,7.25,7.449999809265137,7.150000095367432,7.300000190734863,5.500370979309082,69326.0,MRPL.NS
2002-09-18,7.400000095367432,7.400000095367432,7.0,7.099999904632568,5.349675178527832,60451.0,MRPL.NS
2002-09-19,6.900000095367432,7.099999904632568,6.849999904632568,6.900000095367432,5.198980331420898,34268.0,MRPL.NS
2002-09-20,7.0,8.300000190734863,6.849999904632568,8.300000190734863,6.253845691680908,276716.0,MRPL.NS
2002-09-23,8.899999618530273,9.300000190734863,8.100000381469727,8.199999809265137,6.1784987449646,614853.0,MRPL.NS
2002-09-24,8.449999809265137,8.449999809265137,8.050000190734863,8.149999618530273,6.140823841094971,103293.0,MRPL.NS
2002-09-25,7.800000190734863,8.0,7.699999809265137,7.849999904632568,5.9147820472717285,76472.0,MRPL.NS
2002-09-26,7.400000095367432,8.949999809265137,7.400000095367432,7.900000095367432,5.952455520629883,61276.0,MRPL.NS
2002-09-27,8.199999809265137,8.199999809265137,7.800000190734863,7.800000190734863,5.877108097076416,41878.0,MRPL.NS
2002-09-30,7.550000190734863,8.0,7.550000190734863,7.650000095367432,5.7640862464904785,56733.0,MRPL.NS
2002-10-01,7.599999904632568,7.75,7.25,7.300000190734863,5.500370979309082,84700.0,MRPL.NS
2002-10-02,7.300000190734863,7.300000190734863,7.300000190734863,7.300000190734863,5.500370979309082,0.0,MRPL.NS
2002-10-03,7.400000095367432,7.449999809265137,7.099999904632568,7.150000095367432,5.387348651885986,70038.0,MRPL.NS
2002-10-04,7.199999809265137,7.25,7.099999904632568,7.150000095367432,5.387348651885986,43373.0,MRPL.NS
2002-10-07,7.5,7.75,7.150000095367432,7.199999809265137,5.425022602081299,86621.0,MRPL.NS
2002-10-08,7.199999809265137,7.400000095367432,7.199999809265137,7.349999904632568,5.538044452667236,49010.0,MRPL.NS
2002-10-09,7.300000190734863,7.400000095367432,7.199999809265137,7.199999809265137,5.425022602081299,34206.0,MRPL.NS
2002-10-10,7.25,7.25,7.050000190734863,7.150000095367432,5.387348651885986,24225.0,MRPL.NS
2002-10-11,7.150000095367432,7.25,7.099999904632568,7.099999904632568,5.349675178527832,33169.0,MRPL.NS
2002-10-14,7.199999809265137,7.199999809265137,7.0,7.050000190734863,5.312001705169678,31456.0,MRPL.NS
2002-10-15,7.050000190734863,7.050000190734863,7.050000190734863,7.050000190734863,5.312001705169678,0.0,MRPL.NS
2002-10-16,7.0,7.199999809265137,7.0,7.099999904632568,5.349675178527832,40768.0,MRPL.NS
2002-10-17,7.099999904632568,7.199999809265137,7.0,7.0,5.274327754974365,38092.0,MRPL.NS
2002-10-18,7.0,7.300000190734863,7.0,7.25,5.462696552276611,30856.0,MRPL.NS
2002-10-21,7.25,7.349999904632568,7.150000095367432,7.300000190734863,5.500370979309082,54698.0,MRPL.NS
2002-10-22,7.199999809265137,7.300000190734863,7.150000095367432,7.199999809265137,5.425022602081299,26695.0,MRPL.NS
2002-10-23,7.099999904632568,7.199999809265137,7.050000190734863,7.050000190734863,5.312001705169678,66264.0,MRPL.NS
2002-10-24,7.099999904632568,7.099999904632568,6.849999904632568,6.900000095367432,5.198980331420898,42762.0,MRPL.NS
2002-10-25,6.949999809265137,7.099999904632568,6.800000190734863,6.849999904632568,5.161306858062744,44186.0,MRPL.NS
2002-10-28,7.0,7.0,6.650000095367432,6.800000190734863,5.12363338470459,56094.0,MRPL.NS
2002-10-29,6.949999809265137,6.949999809265137,6.800000190734863,6.900000095367432,5.198980331420898,28607.0,MRPL.NS
2002-10-30,6.800000190734863,8.300000190734863,6.800000190734863,7.5,5.651065826416016,150190.0,MRPL.NS
2002-10-31,7.550000190734863,7.949999809265137,7.25,7.300000190734863,5.500370979309082,74814.0,MRPL.NS
2002-11-01,7.300000190734863,7.5,7.150000095367432,7.199999809265137,5.425022602081299,58494.0,MRPL.NS
2002-11-04,7.599999904632568,7.599999904632568,7.150000095367432,7.25,5.462696552276611,18973.0,MRPL.NS
2002-11-05,7.300000190734863,7.349999904632568,7.150000095367432,7.199999809265137,5.425022602081299,17312.0,MRPL.NS
2002-11-06,7.199999809265137,7.199999809265137,7.199999809265137,7.199999809265137,5.425022602081299,0.0,MRPL.NS
2002-11-07,7.199999809265137,7.25,7.150000095367432,7.150000095367432,5.387348651885986,35551.0,MRPL.NS
2002-11-08,7.150000095367432,7.25,7.0,7.050000190734863,5.312001705169678,66505.0,MRPL.NS
2002-11-11,7.349999904632568,7.349999904632568,6.900000095367432,7.0,5.274327754974365,42003.0,MRPL.NS
2002-11-12,7.099999904632568,7.099999904632568,6.949999809265137,7.0,5.274327754974365,46209.0,MRPL.NS
2002-11-13,7.050000190734863,7.099999904632568,7.0,7.0,5.274327754974365,30502.0,MRPL.NS
2002-11-14,7.0,7.099999904632568,7.0,7.050000190734863,5.312001705169678,27456.0,MRPL.NS
2002-11-15,7.050000190734863,7.099999904632568,7.0,7.050000190734863,5.312001705169678,32101.0,MRPL.NS
2002-11-18,7.199999809265137,7.199999809265137,7.0,7.050000190734863,5.312001705169678,20989.0,MRPL.NS
2002-11-19,7.050000190734863,7.050000190734863,7.050000190734863,7.050000190734863,5.312001705169678,0.0,MRPL.NS
2002-11-20,7.099999904632568,7.199999809265137,7.0,7.0,5.274327754974365,46366.0,MRPL.NS
2002-11-21,7.050000190734863,7.150000095367432,7.0,7.0,5.274327754974365,40005.0,MRPL.NS
2002-11-22,7.099999904632568,7.099999904632568,7.0,7.0,5.274327754974365,44624.0,MRPL.NS
2002-11-25,7.0,7.099999904632568,6.949999809265137,7.050000190734863,5.312001705169678,49156.0,MRPL.NS
2002-11-26,7.0,7.150000095367432,7.0,7.050000190734863,5.312001705169678,62025.0,MRPL.NS
2002-11-27,7.199999809265137,7.400000095367432,7.0,7.150000095367432,5.387348651885986,81198.0,MRPL.NS
2002-11-28,8.449999809265137,8.449999809265137,7.199999809265137,7.900000095367432,5.952455520629883,301777.0,MRPL.NS
2002-11-29,6.599999904632568,8.399999618530273,6.599999904632568,7.900000095367432,5.952455520629883,175149.0,MRPL.NS
2002-12-02,8.0,8.25,7.900000095367432,8.050000190734863,6.065476417541504,170725.0,MRPL.NS
2002-12-03,8.050000190734863,8.399999618530273,7.75,7.800000190734863,5.877108097076416,138646.0,MRPL.NS
2002-12-04,8.100000381469727,8.100000381469727,7.650000095367432,7.699999809265137,5.801760673522949,53157.0,MRPL.NS
2002-12-05,6.599999904632568,7.75,6.599999904632568,7.599999904632568,5.726412773132324,48103.0,MRPL.NS
2002-12-06,7.900000095367432,8.25,7.849999904632568,7.900000095367432,5.952455520629883,162593.0,MRPL.NS
2002-12-09,8.0,8.100000381469727,7.699999809265137,7.75,5.8394341468811035,103940.0,MRPL.NS
2002-12-10,7.650000095367432,7.849999904632568,7.5,7.599999904632568,5.726412773132324,77536.0,MRPL.NS
2002-12-11,7.849999904632568,7.849999904632568,7.550000190734863,7.599999904632568,5.726412773132324,43429.0,MRPL.NS
2002-12-12,7.699999809265137,7.699999809265137,7.550000190734863,7.550000190734863,5.688738822937012,32776.0,MRPL.NS
2002-12-13,7.800000190734863,7.800000190734863,7.550000190734863,7.599999904632568,5.726412773132324,54982.0,MRPL.NS
2002-12-16,7.550000190734863,7.699999809265137,7.400000095367432,7.449999809265137,5.613391399383545,71445.0,MRPL.NS
2002-12-17,7.400000095367432,7.599999904632568,7.25,7.349999904632568,5.538044452667236,44738.0,MRPL.NS
2002-12-18,7.099999904632568,7.5,7.099999904632568,7.25,5.462696552276611,57070.0,MRPL.NS
2002-12-19,7.199999809265137,7.349999904632568,7.150000095367432,7.199999809265137,5.425022602081299,52892.0,MRPL.NS
2002-12-20,7.0,7.25,7.0,7.199999809265137,5.425022602081299,40432.0,MRPL.NS
2002-12-23,7.099999904632568,7.199999809265137,7.050000190734863,7.050000190734863,5.312001705169678,43470.0,MRPL.NS
2002-12-24,7.199999809265137,7.400000095367432,7.150000095367432,7.199999809265137,5.425022602081299,76652.0,MRPL.NS
2002-12-25,7.199999809265137,7.199999809265137,7.199999809265137,7.199999809265137,5.425022602081299,0.0,MRPL.NS
2002-12-26,7.199999809265137,7.349999904632568,7.099999904632568,7.150000095367432,5.387348651885986,60538.0,MRPL.NS
2002-12-27,7.25,7.400000095367432,7.199999809265137,7.300000190734863,5.500370979309082,53780.0,MRPL.NS
2002-12-30,7.0,7.199999809265137,7.0,7.099999904632568,5.349675178527832,75316.0,MRPL.NS
2002-12-31,7.050000190734863,7.150000095367432,7.0,7.099999904632568,5.349675178527832,45453.0,MRPL.NS
2003-01-01,7.050000190734863,7.150000095367432,7.0,7.099999904632568,5.349675178527832,73098.0,MRPL.NS
2003-01-02,7.150000095367432,7.300000190734863,7.050000190734863,7.150000095367432,5.387348651885986,77424.0,MRPL.NS
2003-01-03,7.150000095367432,7.25,7.0,7.099999904632568,5.349675178527832,284914.0,MRPL.NS
2003-01-06,7.0,7.099999904632568,6.949999809265137,7.0,5.274327754974365,58588.0,MRPL.NS
2003-01-07,7.0,7.0,6.849999904632568,6.900000095367432,5.198980331420898,64570.0,MRPL.NS
2003-01-08,6.900000095367432,7.0,6.900000095367432,6.900000095367432,5.198980331420898,61266.0,MRPL.NS
2003-01-09,7.199999809265137,7.199999809265137,6.949999809265137,7.0,5.274327754974365,125039.0,MRPL.NS
2003-01-10,7.150000095367432,7.25,7.0,7.199999809265137,5.425022602081299,185513.0,MRPL.NS
2003-01-13,7.199999809265137,7.25,7.0,7.050000190734863,5.312001705169678,79754.0,MRPL.NS
2003-01-14,7.050000190734863,7.150000095367432,7.050000190734863,7.050000190734863,5.312001705169678,28293.0,MRPL.NS
2003-01-15,7.050000190734863,7.099999904632568,6.949999809265137,7.0,5.274327754974365,76116.0,MRPL.NS
2003-01-16,7.0,7.150000095367432,6.949999809265137,6.949999809265137,5.2366533279418945,73816.0,MRPL.NS
2003-01-17,7.0,7.050000190734863,6.949999809265137,7.0,5.274327754974365,95994.0,MRPL.NS
2003-01-20,6.949999809265137,7.099999904632568,6.949999809265137,6.949999809265137,5.2366533279418945,86167.0,MRPL.NS
2003-01-21,6.949999809265137,7.050000190734863,6.75,6.949999809265137,5.2366533279418945,90290.0,MRPL.NS
2003-01-22,6.900000095367432,7.849999904632568,6.900000095367432,7.650000095367432,5.7640862464904785,352168.0,MRPL.NS
2003-01-23,8.600000381469727,8.949999809265137,7.849999904632568,8.699999809265137,6.555235862731934,1215598.0,MRPL.NS
2003-01-24,9.0,9.25,8.5,8.550000190734863,6.4422149658203125,546453.0,MRPL.NS
2003-01-27,8.600000381469727,8.699999809265137,7.75,7.849999904632568,5.9147820472717285,263023.0,MRPL.NS
2003-01-28,7.949999809265137,7.949999809265137,7.5,7.849999904632568,5.9147820472717285,177013.0,MRPL.NS
2003-01-29,7.949999809265137,8.0,7.699999809265137,7.800000190734863,5.877108097076416,108943.0,MRPL.NS
2003-01-30,7.949999809265137,7.949999809265137,7.650000095367432,7.699999809265137,5.801760673522949,51745.0,MRPL.NS
2003-01-31,7.650000095367432,7.650000095367432,7.199999809265137,7.550000190734863,5.688738822937012,246093.0,MRPL.NS
2003-02-03,8.050000190734863,8.25,7.599999904632568,8.149999618530273,6.140823841094971,162273.0,MRPL.NS
2003-02-04,8.899999618530273,8.899999618530273,7.75,7.949999809265137,5.990128993988037,239227.0,MRPL.NS
2003-02-05,7.900000095367432,8.149999618530273,7.849999904632568,8.050000190734863,6.065476417541504,74023.0,MRPL.NS
2003-02-06,8.0,8.0,7.75,7.800000190734863,5.877108097076416,59889.0,MRPL.NS
2003-02-07,7.75,7.900000095367432,7.699999809265137,7.800000190734863,5.877108097076416,42910.0,MRPL.NS
2003-02-10,7.550000190734863,7.849999904632568,7.550000190734863,7.650000095367432,5.7640862464904785,67838.0,MRPL.NS
2003-02-11,7.599999904632568,7.849999904632568,7.599999904632568,7.800000190734863,5.877108097076416,99570.0,MRPL.NS
2003-02-12,7.800000190734863,8.100000381469727,7.699999809265137,8.050000190734863,6.065476417541504,142985.0,MRPL.NS
2003-02-13,8.050000190734863,8.050000190734863,8.050000190734863,8.050000190734863,6.065476417541504,0.0,MRPL.NS
2003-02-14,7.699999809265137,8.100000381469727,7.650000095367432,7.699999809265137,5.801760673522949,82826.0,MRPL.NS
2003-02-17,7.800000190734863,8.100000381469727,7.800000190734863,8.0,6.02780294418335,122113.0,MRPL.NS
2003-02-18,8.0,8.149999618530273,7.849999904632568,8.050000190734863,6.065476417541504,108158.0,MRPL.NS
2003-02-19,8.399999618530273,8.850000381469727,8.199999809265137,8.75,6.592910289764404,425162.0,MRPL.NS
2003-02-20,9.300000190734863,9.300000190734863,8.5,8.600000381469727,6.479889392852783,300695.0,MRPL.NS
2003-02-21,8.800000190734863,9.0,8.649999618530273,8.75,6.592910289764404,356553.0,MRPL.NS
2003-02-24,8.699999809265137,8.899999618530273,8.600000381469727,8.649999618530273,6.517562389373779,86947.0,MRPL.NS
2003-02-25,8.899999618530273,8.899999618530273,8.300000190734863,8.350000381469727,6.291520595550537,120402.0,MRPL.NS
2003-02-26,8.550000190734863,8.600000381469727,8.100000381469727,8.199999809265137,6.1784987449646,95233.0,MRPL.NS
2003-02-27,8.300000190734863,8.399999618530273,8.149999618530273,8.350000381469727,6.291520595550537,49420.0,MRPL.NS
2003-02-28,8.399999618530273,8.449999809265137,8.050000190734863,8.100000381469727,6.103150844573975,129568.0,MRPL.NS
2003-03-03,8.25,8.5,8.0,8.0,6.02780294418335,86111.0,MRPL.NS
2003-03-04,8.5,8.800000190734863,8.100000381469727,8.149999618530273,6.140823841094971,131279.0,MRPL.NS
2003-03-05,8.149999618530273,9.5,8.100000381469727,9.149999618530273,6.8942999839782715,738125.0,MRPL.NS
2003-03-06,9.850000381469727,9.850000381469727,8.850000381469727,9.050000190734863,6.818951606750488,392359.0,MRPL.NS
2003-03-07,8.699999809265137,9.0,8.600000381469727,8.649999618530273,6.517562389373779,210908.0,MRPL.NS
2003-03-10,8.550000190734863,8.699999809265137,8.350000381469727,8.449999809265137,6.3668670654296875,141417.0,MRPL.NS
2003-03-11,8.350000381469727,8.600000381469727,8.25,8.550000190734863,6.4422149658203125,134652.0,MRPL.NS
2003-03-12,8.75,9.050000190734863,8.5,8.550000190734863,6.4422149658203125,302954.0,MRPL.NS
2003-03-13,8.600000381469727,8.800000190734863,8.550000190734863,8.600000381469727,6.479889392852783,91902.0,MRPL.NS
2003-03-14,8.600000381469727,8.600000381469727,8.600000381469727,8.600000381469727,6.479889392852783,0.0,MRPL.NS
2003-03-17,8.649999618530273,8.649999618530273,8.350000381469727,8.5,6.404541015625,103565.0,MRPL.NS
2003-03-18,8.5,8.5,8.5,8.5,6.404541015625,0.0,MRPL.NS
2003-03-19,8.550000190734863,8.899999618530273,8.399999618530273,8.449999809265137,6.3668670654296875,101865.0,MRPL.NS
2003-03-20,8.199999809265137,8.550000190734863,8.0,8.399999618530273,6.329192638397217,126566.0,MRPL.NS
2003-03-21,8.5,8.600000381469727,8.199999809265137,8.399999618530273,6.329192638397217,96283.0,MRPL.NS
2003-03-24,8.649999618530273,8.649999618530273,8.25,8.300000190734863,6.253845691680908,92784.0,MRPL.NS
2003-03-25,8.25,8.350000381469727,8.149999618530273,8.149999618530273,6.140823841094971,101742.0,MRPL.NS
2003-03-26,8.449999809265137,8.449999809265137,8.050000190734863,8.100000381469727,6.103150844573975,105353.0,MRPL.NS
2003-03-27,8.100000381469727,8.199999809265137,8.100000381469727,8.149999618530273,6.140823841094971,69406.0,MRPL.NS
2003-03-28,8.199999809265137,8.199999809265137,8.0,8.100000381469727,6.103150844573975,73112.0,MRPL.NS
2003-03-31,8.5,8.5,8.100000381469727,8.199999809265137,6.1784987449646,135129.0,MRPL.NS
2003-04-01,8.350000381469727,8.5,8.25,8.399999618530273,6.329192638397217,69266.0,MRPL.NS
2003-04-02,8.5,8.649999618530273,8.399999618530273,8.600000381469727,6.479889392852783,80586.0,MRPL.NS
2003-04-03,8.600000381469727,8.699999809265137,8.399999618530273,8.399999618530273,6.329192638397217,82213.0,MRPL.NS
2003-04-04,8.5,8.600000381469727,8.449999809265137,8.550000190734863,6.4422149658203125,83936.0,MRPL.NS
2003-04-07,8.550000190734863,8.899999618530273,8.550000190734863,8.800000190734863,6.630582809448242,115934.0,MRPL.NS
2003-04-08,8.75,9.0,8.699999809265137,8.899999618530273,6.705930233001709,120761.0,MRPL.NS
2003-04-09,8.949999809265137,9.050000190734863,8.850000381469727,8.949999809265137,6.7436041831970215,121187.0,MRPL.NS
2003-04-10,9.0,9.050000190734863,8.5,8.600000381469727,6.479889392852783,184985.0,MRPL.NS
2003-04-11,8.5,8.800000190734863,8.100000381469727,8.600000381469727,6.479889392852783,137913.0,MRPL.NS
2003-04-14,,,,,,,MRPL.NS
2003-04-15,8.800000190734863,9.25,8.600000381469727,9.100000381469727,6.856626987457275,198278.0,MRPL.NS
2003-04-16,9.100000381469727,9.399999618530273,9.100000381469727,9.199999809265137,6.931973457336426,132396.0,MRPL.NS
2003-04-17,9.0,9.300000190734863,9.0,9.100000381469727,6.856626987457275,132844.0,MRPL.NS
2003-04-18,9.100000381469727,9.100000381469727,9.100000381469727,9.100000381469727,6.856626987457275,0.0,MRPL.NS
2003-04-21,9.199999809265137,9.399999618530273,9.100000381469727,9.350000381469727,7.044994831085205,146785.0,MRPL.NS
2003-04-22,9.350000381469727,9.699999809265137,9.25,9.600000381469727,7.233364582061768,206749.0,MRPL.NS
2003-04-23,9.550000190734863,10.399999618530273,9.550000190734863,10.050000190734863,7.572428226470947,466253.0,MRPL.NS
2003-04-24,10.25,10.5,10.050000190734863,10.100000381469727,7.610100746154785,251398.0,MRPL.NS
2003-04-25,10.0,10.25,9.949999809265137,10.0,7.534753799438477,233061.0,MRPL.NS
2003-04-28,10.100000381469727,10.100000381469727,9.850000381469727,9.850000381469727,7.4217329025268555,152755.0,MRPL.NS
2003-04-29,10.149999618530273,10.149999618530273,9.600000381469727,9.649999618530273,7.271035671234131,120344.0,MRPL.NS
2003-04-30,9.550000190734863,9.699999809265137,9.5,9.550000190734863,7.195690155029297,99988.0,MRPL.NS
2003-05-01,9.550000190734863,9.550000190734863,9.550000190734863,9.550000190734863,7.195690155029297,0.0,MRPL.NS
2003-05-02,9.699999809265137,10.149999618530273,9.699999809265137,9.899999618530273,7.45940637588501,313058.0,MRPL.NS
2003-05-05,10.300000190734863,10.399999618530273,9.949999809265137,10.199999809265137,7.685449123382568,329561.0,MRPL.NS
2003-05-06,10.100000381469727,10.399999618530273,10.100000381469727,10.199999809265137,7.685449123382568,190443.0,MRPL.NS
2003-05-07,10.199999809265137,10.449999809265137,10.149999618530273,10.300000190734863,7.760796546936035,273863.0,MRPL.NS
2003-05-08,10.199999809265137,10.25,10.0,10.100000381469727,7.610100746154785,164832.0,MRPL.NS
2003-05-09,10.199999809265137,10.300000190734863,10.0,10.149999618530273,7.6477766036987305,180319.0,MRPL.NS
2003-05-12,10.5,10.5,10.199999809265137,10.300000190734863,7.760796546936035,260702.0,MRPL.NS
2003-05-13,10.350000381469727,10.649999618530273,10.149999618530273,10.550000190734863,7.949164867401123,308924.0,MRPL.NS
2003-05-14,10.550000190734863,11.800000190734863,10.550000190734863,11.699999809265137,8.815662384033203,807201.0,MRPL.NS
2003-05-15,11.899999618530273,14.050000190734863,11.899999618530273,14.050000190734863,10.586329460144043,2279805.0,MRPL.NS
2003-05-16,14.899999618530273,16.899999618530273,14.899999618530273,16.899999618530273,12.733734130859375,3140484.0,MRPL.NS
2003-05-19,18.5,20.100000381469727,17.299999237060547,17.399999618530273,13.110471725463867,5410083.0,MRPL.NS
2003-05-20,17.25,17.399999618530273,16.200000762939453,17.049999237060547,12.846755981445312,2372999.0,MRPL.NS
2003-05-21,17.700000762939453,18.799999237060547,17.200000762939453,18.350000381469727,13.826272964477539,3288356.0,MRPL.NS
2003-05-22,18.700000762939453,19.700000762939453,18.0,18.600000381469727,14.014642715454102,3090236.0,MRPL.NS
2003-05-23,18.950000762939453,19.149999618530273,17.950000762939453,18.299999237060547,13.788599967956543,1635255.0,MRPL.NS
2003-05-26,18.950000762939453,19.0,17.899999618530273,18.450000762939453,13.901618957519531,1186412.0,MRPL.NS
2003-05-27,18.75,18.75,17.299999237060547,17.450000762939453,13.14814567565918,1294082.0,MRPL.NS
2003-05-28,17.799999237060547,18.200000762939453,17.200000762939453,17.350000381469727,13.072795867919922,657069.0,MRPL.NS
2003-05-29,17.25,18.200000762939453,17.100000381469727,17.850000381469727,13.449539184570312,1188801.0,MRPL.NS
2003-05-30,18.0,19.649999618530273,17.5,19.149999618530273,14.429055213928223,3644464.0,MRPL.NS
2003-06-02,19.700000762939453,21.700000762939453,18.549999237060547,20.700000762939453,15.596940040588379,5652667.0,MRPL.NS
2003-06-03,21.25,21.5,19.649999618530273,20.299999237060547,15.295553207397461,3444744.0,MRPL.NS
2003-06-04,20.5,21.25,20.299999237060547,20.549999237060547,15.483916282653809,2077811.0,MRPL.NS
2003-06-05,20.799999237060547,21.25,19.799999237060547,20.049999237060547,15.107181549072266,1467378.0,MRPL.NS
2003-06-06,20.049999237060547,20.25,19.049999237060547,19.399999618530273,14.617422103881836,1108433.0,MRPL.NS
2003-06-09,19.75,20.0,19.299999237060547,19.850000381469727,14.956486701965332,973089.0,MRPL.NS
2003-06-10,20.0,20.25,19.0,19.049999237060547,14.353705406188965,750059.0,MRPL.NS
2003-06-11,19.649999618530273,21.0,19.399999618530273,19.950000762939453,15.031834602355957,2017168.0,MRPL.NS
2003-06-12,20.5,20.899999618530273,20.049999237060547,20.600000381469727,15.52159309387207,1672848.0,MRPL.NS
2003-06-13,20.700000762939453,23.399999618530273,20.549999237060547,22.950000762939453,17.292259216308594,9554339.0,MRPL.NS
2003-06-16,22.5,24.350000381469727,22.0,23.25,17.5183048248291,4844874.0,MRPL.NS
2003-06-17,23.75,24.0,23.100000381469727,23.25,17.5183048248291,1620942.0,MRPL.NS
2003-06-18,23.450000762939453,23.600000381469727,22.700000762939453,22.799999237060547,17.17923927307129,1155189.0,MRPL.NS
2003-06-19,21.5,24.100000381469727,21.5,23.350000381469727,17.593652725219727,2433078.0,MRPL.NS
2003-06-20,23.100000381469727,23.399999618530273,22.700000762939453,22.799999237060547,17.17923927307129,1028001.0,MRPL.NS
2003-06-23,23.399999618530273,24.5,23.200000762939453,23.799999237060547,17.93271255493164,2815181.0,MRPL.NS
2003-06-24,23.600000381469727,25.200000762939453,23.5,24.649999618530273,18.573165893554688,3193837.0,MRPL.NS
2003-06-25,25.0,25.399999618530273,24.799999237060547,24.850000381469727,18.72386360168457,1697534.0,MRPL.NS
2003-06-26,25.299999237060547,25.5,24.100000381469727,24.25,18.27177619934082,1255825.0,MRPL.NS
2003-06-27,24.600000381469727,24.950000762939453,24.0,24.399999618530273,18.384798049926758,1070155.0,MRPL.NS
2003-06-30,24.75,24.75,23.850000381469727,23.950000762939453,18.045734405517578,977499.0,MRPL.NS
2003-07-01,24.0,24.299999237060547,23.5,23.549999237060547,17.74434471130371,803043.0,MRPL.NS
2003-07-02,23.600000381469727,23.799999237060547,22.899999618530273,23.0,17.32993507385254,884000.0,MRPL.NS
2003-07-03,23.450000762939453,23.850000381469727,22.549999237060547,23.149999618530273,17.442955017089844,1305138.0,MRPL.NS
2003-07-04,23.600000381469727,24.399999618530273,22.850000381469727,23.799999237060547,17.93271255493164,2308886.0,MRPL.NS
2003-07-07,24.0,24.75,23.799999237060547,24.0,18.08340835571289,1306690.0,MRPL.NS
2003-07-08,24.5,24.5,23.5,23.549999237060547,17.74434471130371,582378.0,MRPL.NS
2003-07-09,23.450000762939453,23.850000381469727,22.899999618530273,23.0,17.32993507385254,570779.0,MRPL.NS
2003-07-10,23.200000762939453,23.200000762939453,22.5,22.799999237060547,17.17923927307129,624205.0,MRPL.NS
2003-07-11,22.399999618530273,23.100000381469727,22.399999618530273,22.600000381469727,17.02854347229004,528943.0,MRPL.NS
2003-07-14,22.799999237060547,23.0,22.25,22.399999618530273,16.877845764160156,670884.0,MRPL.NS
2003-07-15,22.899999618530273,22.899999618530273,21.5,21.700000762939453,16.350418090820312,717790.0,MRPL.NS
2003-07-16,22.399999618530273,22.399999618530273,21.299999237060547,22.049999237060547,16.614133834838867,574282.0,MRPL.NS
2003-07-17,22.0,22.5,21.5,21.600000381469727,16.275070190429688,512777.0,MRPL.NS
2003-07-18,21.5,21.5,20.600000381469727,20.75,15.634614944458008,666797.0,MRPL.NS
2003-07-21,20.950000762939453,20.950000762939453,19.5,19.549999237060547,14.73044204711914,692496.0,MRPL.NS
2003-07-22,19.100000381469727,19.5,18.799999237060547,18.950000762939453,14.278358459472656,578439.0,MRPL.NS
2003-07-23,19.049999237060547,20.049999237060547,18.899999618530273,19.700000762939453,14.843465805053711,561856.0,MRPL.NS
2003-07-24,20.200000762939453,21.600000381469727,19.799999237060547,21.149999618530273,15.936002731323242,1109977.0,MRPL.NS
2003-07-25,21.200000762939453,21.450000762939453,20.850000381469727,21.200000762939453,15.97368049621582,769292.0,MRPL.NS
2003-07-28,21.350000381469727,22.0,21.200000762939453,21.649999618530273,16.312744140625,760034.0,MRPL.NS
2003-07-29,22.0,22.0,21.299999237060547,21.450000762939453,16.16204833984375,365665.0,MRPL.NS
2003-07-30,21.5,22.0,21.5,21.600000381469727,16.275070190429688,527847.0,MRPL.NS
2003-07-31,21.850000381469727,24.75,21.75,24.350000381469727,18.347124099731445,4726912.0,MRPL.NS
2003-08-01,24.5,24.899999618530273,23.399999618530273,23.950000762939453,18.045734405517578,4102012.0,MRPL.NS
2003-08-04,23.399999618530273,24.649999618530273,23.399999618530273,24.450000762939453,18.42247200012207,2264891.0,MRPL.NS
2003-08-05,24.100000381469727,24.899999618530273,22.75,23.549999237060547,17.74434471130371,1737240.0,MRPL.NS
2003-08-06,23.399999618530273,24.5,23.100000381469727,23.75,17.89504051208496,1337265.0,MRPL.NS
2003-08-07,23.600000381469727,24.5,23.600000381469727,24.399999618530273,18.384798049926758,1901240.0,MRPL.NS
2003-08-08,24.799999237060547,27.350000381469727,24.5,27.049999237060547,20.381507873535156,10623371.0,MRPL.NS
2003-08-11,27.5,30.5,26.200000762939453,29.649999618530273,22.340547561645508,8879797.0,MRPL.NS
2003-08-12,30.399999618530273,32.5,30.100000381469727,30.799999237060547,23.207042694091797,6058227.0,MRPL.NS
2003-08-13,31.350000381469727,32.099998474121094,29.799999237060547,31.850000381469727,23.998193740844727,5143265.0,MRPL.NS
2003-08-14,32.29999923706055,32.79999923706055,31.700000762939453,32.04999923706055,24.148883819580078,3366206.0,MRPL.NS
2003-08-15,32.04999923706055,32.04999923706055,32.04999923706055,32.04999923706055,24.148883819580078,0.0,MRPL.NS
2003-08-18,32.400001525878906,38.5,32.400001525878906,38.099998474121094,28.70741081237793,10483435.0,MRPL.NS
2003-08-19,40.29999923706055,42.900001525878906,32.150001525878906,35.95000076293945,27.087438583374023,6913457.0,MRPL.NS
2003-08-20,36.0,39.79999923706055,36.0,37.04999923706055,27.916261672973633,3806582.0,MRPL.NS
2003-08-21,37.25,38.5,36.79999923706055,37.349998474121094,28.14229965209961,2450768.0,MRPL.NS
2003-08-22,37.0,38.75,36.5,37.25,28.06695556640625,2831904.0,MRPL.NS
2003-08-25,38.0,38.650001525878906,33.25,35.5,26.74837875366211,3949042.0,MRPL.NS
2003-08-26,35.5,38.20000076293945,35.5,37.79999923706055,28.481365203857422,2584473.0,MRPL.NS
2003-08-27,38.5,41.849998474121094,38.04999923706055,41.0,30.892484664916992,9038231.0,MRPL.NS
2003-08-28,41.599998474121094,43.70000076293945,39.20000076293945,41.29999923706055,31.118532180786133,6337356.0,MRPL.NS
2003-08-29,42.0,43.45000076293945,41.54999923706055,42.0,31.645963668823242,3313900.0,MRPL.NS
2003-09-01,42.79999923706055,43.900001525878906,41.900001525878906,42.599998474121094,32.09804916381836,3102785.0,MRPL.NS
2003-09-02,43.0,43.099998474121094,40.0,40.900001525878906,30.817138671875,2138675.0,MRPL.NS
2003-09-03,41.04999923706055,41.900001525878906,38.29999923706055,38.900001525878906,29.310199737548828,2447918.0,MRPL.NS
2003-09-04,39.79999923706055,40.20000076293945,38.0,38.45000076293945,28.971132278442383,1821591.0,MRPL.NS
2003-09-05,39.099998474121094,39.45000076293945,38.0,38.29999923706055,28.858110427856445,1759646.0,MRPL.NS
2003-09-08,39.0,39.95000076293945,38.599998474121094,39.04999923706055,29.423213958740234,1367575.0,MRPL.NS
2003-09-09,39.70000076293945,39.70000076293945,37.5,37.75,28.443702697753906,1248283.0,MRPL.NS
2003-09-10,37.79999923706055,37.79999923706055,35.54999923706055,36.79999923706055,27.727893829345703,1575246.0,MRPL.NS
2003-09-11,36.75,40.150001525878906,36.599998474121094,39.25,29.573911666870117,3309475.0,MRPL.NS
2003-09-12,39.900001525878906,40.75,38.0,38.349998474121094,28.89577865600586,3328264.0,MRPL.NS
2003-09-15,38.79999923706055,38.95000076293945,36.25,36.45000076293945,27.46417808532715,2019880.0,MRPL.NS
2003-09-16,36.79999923706055,36.900001525878906,32.650001525878906,35.70000076293945,26.899078369140625,3495871.0,MRPL.NS
2003-09-17,36.400001525878906,37.349998474121094,35.25,35.900001525878906,27.049766540527344,1807334.0,MRPL.NS
2003-09-18,36.29999923706055,36.5,33.900001525878906,34.099998474121094,25.693511962890625,1612578.0,MRPL.NS
2003-09-19,34.5,35.0,32.099998474121094,33.349998474121094,25.128402709960938,1808762.0,MRPL.NS
2003-09-22,33.95000076293945,34.5,33.150001525878906,33.400001525878906,25.16608238220215,1307739.0,MRPL.NS
2003-09-23,33.5,34.5,32.79999923706055,34.29999923706055,25.84420394897461,1113266.0,MRPL.NS
2003-09-24,34.849998474121094,36.150001525878906,33.79999923706055,35.599998474121094,26.823720932006836,1629211.0,MRPL.NS
2003-09-25,36.0,39.400001525878906,35.20000076293945,37.400001525878906,28.17997932434082,3939666.0,MRPL.NS
2003-09-26,37.79999923706055,39.0,37.5,37.75,28.443702697753906,1975884.0,MRPL.NS
2003-09-29,37.95000076293945,38.900001525878906,37.650001525878906,37.900001525878906,28.556716918945312,1922147.0,MRPL.NS
2003-09-30,38.29999923706055,38.650001525878906,37.599998474121094,37.70000076293945,28.406021118164062,1274496.0,MRPL.NS
2003-10-01,38.099998474121094,38.400001525878906,37.25,37.5,28.255325317382812,1288643.0,MRPL.NS
2003-10-02,37.5,37.5,37.5,37.5,28.255325317382812,0.0,MRPL.NS
2003-10-03,39.04999923706055,39.04999923706055,37.400001525878906,37.75,28.443702697753906,1179129.0,MRPL.NS
2003-10-06,38.5,38.599998474121094,37.900001525878906,38.400001525878906,28.93345832824707,1515894.0,MRPL.NS
2003-10-07,38.75,40.0,37.79999923706055,38.54999923706055,29.046480178833008,2985007.0,MRPL.NS
2003-10-08,38.900001525878906,39.04999923706055,38.04999923706055,38.400001525878906,28.93345832824707,1277553.0,MRPL.NS
2003-10-09,38.70000076293945,39.650001525878906,38.20000076293945,39.0,29.385541915893555,1797606.0,MRPL.NS
2003-10-10,39.29999923706055,39.29999923706055,37.79999923706055,38.04999923706055,28.66973114013672,1068554.0,MRPL.NS
2003-10-13,38.20000076293945,38.5,37.79999923706055,37.95000076293945,28.594392776489258,1083217.0,MRPL.NS
2003-10-14,38.20000076293945,38.25,36.25,36.599998474121094,27.577199935913086,1114921.0,MRPL.NS
2003-10-15,36.599998474121094,37.0,35.79999923706055,36.400001525878906,27.4265079498291,852882.0,MRPL.NS
2003-10-16,36.650001525878906,36.900001525878906,35.849998474121094,36.0,27.12511444091797,661904.0,MRPL.NS
2003-10-17,36.25,36.650001525878906,35.599998474121094,36.20000076293945,27.275806427001953,652263.0,MRPL.NS
2003-10-20,36.5,37.400001525878906,35.75,36.04999923706055,27.162790298461914,1083668.0,MRPL.NS
2003-10-21,36.0,36.45000076293945,35.0,35.099998474121094,26.44698715209961,693309.0,MRPL.NS
2003-10-22,35.0,35.150001525878906,32.900001525878906,33.29999923706055,25.090730667114258,864761.0,MRPL.NS
2003-10-23,33.650001525878906,34.599998474121094,33.150001525878906,34.04999923706055,25.655838012695312,768526.0,MRPL.NS
2003-10-24,34.25,34.599998474121094,33.349998474121094,34.349998474121094,25.881874084472656,618014.0,MRPL.NS
2003-10-27,36.400001525878906,36.5,35.29999923706055,35.45000076293945,26.710704803466797,737317.0,MRPL.NS
2003-10-28,35.400001525878906,35.650001525878906,34.0,34.25,25.806535720825195,583552.0,MRPL.NS
2003-10-29,35.0,35.0,34.0,34.849998474121094,26.25861167907715,493509.0,MRPL.NS
2003-10-30,34.79999923706055,36.75,34.650001525878906,36.150001525878906,27.238136291503906,891179.0,MRPL.NS
2003-10-31,36.400001525878906,38.0,36.150001525878906,37.45000076293945,28.217653274536133,1834485.0,MRPL.NS
2003-11-03,38.0,38.400001525878906,36.0,36.400001525878906,27.4265079498291,1115873.0,MRPL.NS
2003-11-04,36.70000076293945,38.5,36.29999923706055,37.29999923706055,28.104633331298828,2091507.0,MRPL.NS
2003-11-05,37.5,38.70000076293945,37.099998474121094,37.75,28.443702697753906,2320716.0,MRPL.NS
2003-11-06,38.5,40.0,38.5,39.650001525878906,29.875303268432617,4537591.0,MRPL.NS
2003-11-07,40.150001525878906,41.900001525878906,40.099998474121094,40.70000076293945,30.666446685791016,5365558.0,MRPL.NS
2003-11-10,41.150001525878906,48.5,41.04999923706055,47.70000076293945,35.94078063964844,7295833.0,MRPL.NS
2003-11-11,48.54999923706055,51.29999923706055,47.900001525878906,48.54999923706055,36.581233978271484,10544798.0,MRPL.NS
2003-11-12,48.95000076293945,49.650001525878906,46.25,46.54999923706055,35.07427978515625,4839115.0,MRPL.NS
2003-11-13,48.0,48.349998474121094,45.0,45.29999923706055,34.13242721557617,4533523.0,MRPL.NS
2003-11-14,45.75,45.900001525878906,43.650001525878906,43.95000076293945,33.1152458190918,2298323.0,MRPL.NS
2003-11-17,46.54999923706055,46.900001525878906,44.45000076293945,45.29999923706055,34.13242721557617,2485761.0,MRPL.NS
2003-11-18,45.400001525878906,47.0,45.400001525878906,46.04999923706055,34.69753646850586,2889435.0,MRPL.NS
2003-11-19,46.400001525878906,46.400001525878906,44.150001525878906,44.45000076293945,33.49198913574219,1453149.0,MRPL.NS
2003-11-20,44.849998474121094,45.400001525878906,42.70000076293945,43.150001525878906,32.5124626159668,1247153.0,MRPL.NS
2003-11-21,43.0,44.20000076293945,42.04999923706055,43.849998474121094,33.039894104003906,2044874.0,MRPL.NS
2003-11-24,44.400001525878906,49.79999923706055,44.400001525878906,48.20000076293945,36.3175163269043,7941644.0,MRPL.NS
2003-11-25,47.900001525878906,48.900001525878906,46.04999923706055,46.5,35.0366096496582,3066795.0,MRPL.NS
2003-11-26,46.5,46.5,46.5,46.5,35.0366096496582,0.0,MRPL.NS
2003-11-27,46.599998474121094,47.599998474121094,46.150001525878906,46.45000076293945,34.998931884765625,1708100.0,MRPL.NS
2003-11-28,46.75,46.75,45.599998474121094,45.79999923706055,34.50917053222656,1394239.0,MRPL.NS
2003-12-01,46.400001525878906,46.900001525878906,46.150001525878906,46.599998474121094,35.11195373535156,1395956.0,MRPL.NS
2003-12-02,44.25,47.70000076293945,44.25,46.20000076293945,34.8105583190918,965496.0,MRPL.NS
2003-12-03,46.25,46.849998474121094,45.70000076293945,45.95000076293945,34.6221923828125,1102461.0,MRPL.NS
2003-12-04,45.95000076293945,48.54999923706055,45.95000076293945,47.75,35.978450775146484,2986366.0,MRPL.NS
2003-12-05,48.0,48.400001525878906,46.0,46.20000076293945,34.8105583190918,1444439.0,MRPL.NS
2003-12-08,46.79999923706055,46.900001525878906,45.29999923706055,46.0,34.65987014770508,782958.0,MRPL.NS
2003-12-09,46.75,46.849998474121094,46.04999923706055,46.25,34.84823226928711,918457.0,MRPL.NS
2003-12-10,46.79999923706055,50.54999923706055,46.29999923706055,49.599998474121094,37.37237548828125,6873518.0,MRPL.NS
2003-12-11,50.5,51.45000076293945,48.849998474121094,50.900001525878906,38.35190200805664,7545239.0,MRPL.NS
2003-12-12,51.79999923706055,52.5,50.29999923706055,50.849998474121094,38.3142204284668,4393132.0,MRPL.NS
2003-12-15,51.349998474121094,52.0,50.79999923706055,50.95000076293945,38.38957595825195,2441706.0,MRPL.NS
2003-12-16,50.5,51.20000076293945,48.400001525878906,49.25,37.108665466308594,2168323.0,MRPL.NS
2003-12-17,49.20000076293945,50.79999923706055,48.5,49.45000076293945,37.25935745239258,2399547.0,MRPL.NS
2003-12-18,49.29999923706055,51.5,49.099998474121094,50.79999923706055,38.27655029296875,3313055.0,MRPL.NS
2003-12-19,51.099998474121094,51.599998474121094,49.599998474121094,50.0,37.67376708984375,2004039.0,MRPL.NS
2003-12-22,50.0,51.0,49.5,49.75,37.48540115356445,1316228.0,MRPL.NS
2003-12-23,49.75,50.099998474121094,48.5,48.70000076293945,36.69424819946289,1058979.0,MRPL.NS
2003-12-24,49.0,49.900001525878906,49.0,49.25,37.108665466308594,958366.0,MRPL.NS
2003-12-25,49.25,49.25,49.25,49.25,37.108665466308594,0.0,MRPL.NS
2003-12-26,49.79999923706055,50.45000076293945,49.400001525878906,50.0,37.67376708984375,1254837.0,MRPL.NS
2003-12-29,50.400001525878906,51.75,50.0,50.599998474121094,38.125858306884766,1715880.0,MRPL.NS
2003-12-30,50.75,53.20000076293945,49.5,50.849998474121094,38.3142204284668,5450573.0,MRPL.NS
2003-12-31,51.0,52.75,50.20000076293945,51.20000076293945,38.577945709228516,3208617.0,MRPL.NS
2004-01-01,51.5,52.45000076293945,50.900001525878906,51.20000076293945,38.577945709228516,2210838.0,MRPL.NS
2004-01-02,51.5,53.849998474121094,51.0,53.400001525878906,40.2355842590332,4670554.0,MRPL.NS
2004-01-05,54.599998474121094,55.400001525878906,52.95000076293945,54.29999923706055,40.91371154785156,5716156.0,MRPL.NS
2004-01-06,54.95000076293945,57.400001525878906,54.099998474121094,54.650001525878906,41.177433013916016,6524940.0,MRPL.NS
2004-01-07,55.5,65.5,55.0,57.25,43.1364631652832,6036034.0,MRPL.NS
2004-01-08,60.0,66.9000015258789,58.5,65.0,48.97590255737305,12690604.0,MRPL.NS
2004-01-09,67.4000015258789,69.1500015258789,63.79999923706055,64.75,48.78752899169922,7804910.0,MRPL.NS
2004-01-12,65.0,65.44999694824219,61.849998474121094,62.349998474121094,46.97917938232422,4214553.0,MRPL.NS
2004-01-13,62.95000076293945,63.5,60.70000076293945,61.599998474121094,46.414085388183594,2756119.0,MRPL.NS
2004-01-14,62.650001525878906,66.25,62.599998474121094,64.05000305175781,48.26010513305664,4850770.0,MRPL.NS
2004-01-15,66.1500015258789,66.1500015258789,62.900001525878906,63.25,47.65731430053711,3313368.0,MRPL.NS
2004-01-16,63.650001525878906,63.849998474121094,60.0,60.79999923706055,45.811302185058594,2615662.0,MRPL.NS
2004-01-19,60.0,61.0,57.54999923706055,59.70000076293945,44.98248291015625,2916909.0,MRPL.NS
2004-01-20,60.5,62.29999923706055,59.349998474121094,59.900001525878906,45.1331787109375,2213962.0,MRPL.NS
2004-01-21,60.0,60.0,50.650001525878906,51.75,38.99235534667969,2722996.0,MRPL.NS
2004-01-22,52.0,56.349998474121094,50.0,52.599998474121094,39.63280487060547,4385250.0,MRPL.NS
2004-01-23,53.0,59.599998474121094,53.0,58.29999923706055,43.927616119384766,4371704.0,MRPL.NS
2004-01-26,58.29999923706055,58.29999923706055,58.29999923706055,58.29999923706055,43.927616119384766,0.0,MRPL.NS
2004-01-27,60.599998474121094,61.849998474121094,58.20000076293945,61.29999923706055,46.18803787231445,3252999.0,MRPL.NS
2004-01-28,61.0,61.5,57.20000076293945,57.849998474121094,43.58855056762695,3039033.0,MRPL.NS
2004-01-29,58.900001525878906,58.900001525878906,57.099998474121094,57.95000076293945,43.66389846801758,1991221.0,MRPL.NS
2004-01-30,58.849998474121094,59.0,54.0,54.400001525878906,40.98906707763672,1932690.0,MRPL.NS
2004-02-02,54.400001525878906,54.400001525878906,54.400001525878906,54.400001525878906,40.98906707763672,0.0,MRPL.NS
2004-02-03,55.0,56.0,51.0,51.79999923706055,39.030029296875,2538057.0,MRPL.NS
2004-02-04,52.5,53.70000076293945,51.0,53.0,39.93419647216797,2207003.0,MRPL.NS
2004-02-05,53.599998474121094,54.25,52.20000076293945,52.650001525878906,39.67048263549805,1760458.0,MRPL.NS
2004-02-06,53.150001525878906,53.79999923706055,52.5,53.45000076293945,40.27326202392578,1266747.0,MRPL.NS
2004-02-09,54.04999923706055,55.849998474121094,53.5,55.54999923706055,41.855560302734375,2018074.0,MRPL.NS
2004-02-10,56.0,57.0,55.150001525878906,55.95000076293945,42.156951904296875,2553932.0,MRPL.NS
2004-02-11,56.099998474121094,58.20000076293945,54.54999923706055,56.95000076293945,42.910423278808594,2264238.0,MRPL.NS
2004-02-12,59.5,62.900001525878906,58.0,58.54999923706055,44.11598205566406,4681184.0,MRPL.NS
2004-02-13,59.5,59.79999923706055,57.20000076293945,58.25,43.88993835449219,2319653.0,MRPL.NS
2004-02-16,58.599998474121094,60.400001525878906,58.0,58.900001525878906,44.379703521728516,2785982.0,MRPL.NS
2004-02-17,59.25,59.45000076293945,58.04999923706055,58.45000076293945,44.04063415527344,1449210.0,MRPL.NS
2004-02-18,58.95000076293945,59.900001525878906,58.349998474121094,59.0,44.455047607421875,2434702.0,MRPL.NS
2004-02-19,61.0,61.25,57.849998474121094,58.20000076293945,43.852264404296875,4419048.0,MRPL.NS
2004-02-20,58.0,58.0,56.20000076293945,57.099998474121094,43.0234375,1998359.0,MRPL.NS
2004-02-23,57.0,57.849998474121094,54.75,55.20000076293945,41.59184265136719,1789300.0,MRPL.NS
2004-02-24,54.5,55.79999923706055,53.95000076293945,54.900001525878906,41.36579895019531,1789703.0,MRPL.NS
2004-02-25,55.29999923706055,55.45000076293945,52.75,53.099998474121094,40.00954055786133,1211730.0,MRPL.NS
2004-02-26,53.79999923706055,54.70000076293945,52.5,52.650001525878906,39.67048263549805,1454592.0,MRPL.NS
2004-02-27,53.29999923706055,53.79999923706055,52.29999923706055,53.45000076293945,40.27326202392578,1165845.0,MRPL.NS
2004-03-01,54.0,55.0,54.0,54.849998474121094,41.328125,1306554.0,MRPL.NS
2004-03-02,54.849998474121094,54.849998474121094,54.849998474121094,54.849998474121094,41.328125,0.0,MRPL.NS
2004-03-03,55.20000076293945,56.20000076293945,54.79999923706055,55.150001525878906,41.55417251586914,1448138.0,MRPL.NS
2004-03-04,60.900001525878906,60.900001525878906,53.849998474121094,54.25,40.87603759765625,847226.0,MRPL.NS
2004-03-05,55.75,59.0,53.900001525878906,57.95000076293945,43.66389846801758,4328846.0,MRPL.NS
2004-03-08,58.400001525878906,61.099998474121094,58.349998474121094,60.25,45.39689254760742,5986955.0,MRPL.NS
2004-03-09,59.95000076293945,59.95000076293945,55.0,58.099998474121094,43.77691650390625,3073860.0,MRPL.NS
2004-03-10,58.0,60.20000076293945,56.79999923706055,58.849998474121094,44.34202575683594,4520669.0,MRPL.NS
2004-03-11,57.900001525878906,58.75,56.79999923706055,57.04999923706055,42.98576736450195,1940514.0,MRPL.NS
2004-03-12,57.0,57.20000076293945,55.650001525878906,56.849998474121094,42.835079193115234,1983982.0,MRPL.NS
2004-03-15,57.0,58.0,53.20000076293945,54.0,40.68766784667969,2053131.0,MRPL.NS
2004-03-16,53.0,55.20000076293945,52.5,53.400001525878906,40.2355842590332,2260020.0,MRPL.NS
2004-03-17,54.400001525878906,55.400001525878906,54.0,54.75,41.25277328491211,1707000.0,MRPL.NS
2004-03-18,55.599998474121094,55.599998474121094,52.70000076293945,53.04999923706055,39.97187423706055,1640672.0,MRPL.NS
2004-03-19,53.849998474121094,53.900001525878906,52.20000076293945,52.70000076293945,39.708152770996094,1209010.0,MRPL.NS
2004-03-22,53.099998474121094,53.099998474121094,49.29999923706055,49.650001525878906,37.41004943847656,1320168.0,MRPL.NS
2004-03-23,49.900001525878906,50.0,45.099998474121094,47.150001525878906,35.526363372802734,2249784.0,MRPL.NS
2004-03-24,47.900001525878906,48.04999923706055,46.29999923706055,47.25,35.601707458496094,1523027.0,MRPL.NS
2004-03-25,47.650001525878906,50.5,47.099998474121094,49.95000076293945,37.63608932495117,1644524.0,MRPL.NS
2004-03-26,50.099998474121094,51.599998474121094,50.099998474121094,50.599998474121094,38.125858306884766,1805996.0,MRPL.NS
2004-03-29,51.95000076293945,54.54999923706055,51.25,54.29999923706055,40.91371154785156,2079245.0,MRPL.NS
2004-03-30,55.0,55.400001525878906,53.79999923706055,54.349998474121094,40.95138168334961,1891321.0,MRPL.NS
2004-03-31,54.70000076293945,56.400001525878906,53.54999923706055,54.54999923706055,41.102081298828125,2081530.0,MRPL.NS
2004-04-01,55.0,56.25,54.75,55.849998474121094,42.081600189208984,1394335.0,MRPL.NS
2004-04-02,55.349998474121094,57.0,55.099998474121094,56.45000076293945,42.53369140625,1812118.0,MRPL.NS
2004-04-05,57.0,58.75,57.0,57.400001525878906,43.24948501586914,2112893.0,MRPL.NS
2004-04-06,57.599998474121094,57.79999923706055,55.29999923706055,55.900001525878906,42.11927795410156,1267388.0,MRPL.NS
2004-04-07,56.20000076293945,56.79999923706055,55.29999923706055,55.599998474121094,41.893226623535156,1036692.0,MRPL.NS
2004-04-08,56.400001525878906,58.20000076293945,55.95000076293945,57.650001525878906,43.4378547668457,2386564.0,MRPL.NS
2004-04-09,57.650001525878906,57.650001525878906,57.650001525878906,57.650001525878906,43.4378547668457,0.0,MRPL.NS
2004-04-12,58.20000076293945,60.20000076293945,58.099998474121094,58.849998474121094,44.34202575683594,2994841.0,MRPL.NS
2004-04-13,62.0,62.0,57.5,58.849998474121094,44.34202575683594,1456864.0,MRPL.NS
2004-04-14,58.849998474121094,58.849998474121094,58.849998474121094,58.849998474121094,44.34202575683594,0.0,MRPL.NS
2004-04-15,59.400001525878906,59.849998474121094,58.349998474121094,58.900001525878906,44.379703521728516,1497407.0,MRPL.NS
2004-04-16,59.5,59.900001525878906,58.75,59.0,44.455047607421875,1555189.0,MRPL.NS
2004-04-19,59.650001525878906,61.54999923706055,58.150001525878906,58.95000076293945,44.41737365722656,2886590.0,MRPL.NS
2004-04-20,59.349998474121094,59.349998474121094,57.25,58.25,43.88993835449219,1449584.0,MRPL.NS
2004-04-21,58.400001525878906,61.0,58.0,60.400001525878906,45.509910583496094,3446594.0,MRPL.NS
2004-04-22,60.75,61.0,51.349998474121094,59.900001525878906,45.1331787109375,1954346.0,MRPL.NS
2004-04-23,60.29999923706055,61.900001525878906,59.75,60.29999923706055,45.43456268310547,3009295.0,MRPL.NS
2004-04-26,,,,,,,MRPL.NS
2004-04-27,59.0,60.0,55.5,56.150001525878906,42.307640075683594,1921078.0,MRPL.NS
2004-04-28,56.0,57.54999923706055,55.25,56.849998474121094,42.835079193115234,1549459.0,MRPL.NS
2004-04-29,58.0,59.79999923706055,57.29999923706055,57.599998474121094,43.40018081665039,1483596.0,MRPL.NS
2004-04-30,58.0,58.0,56.25,56.599998474121094,42.646705627441406,736957.0,MRPL.NS
2004-05-03,56.900001525878906,56.900001525878906,53.20000076293945,54.70000076293945,41.215110778808594,1384745.0,MRPL.NS
2004-05-04,55.25,57.099998474121094,55.25,56.650001525878906,42.684383392333984,874699.0,MRPL.NS
2004-05-05,57.45000076293945,57.70000076293945,56.70000076293945,57.25,43.1364631652832,914923.0,MRPL.NS
2004-05-06,58.0,59.45000076293945,57.20000076293945,57.45000076293945,43.28716278076172,847121.0,MRPL.NS
2004-05-07,57.95000076293945,57.95000076293945,56.25,56.650001525878906,42.684383392333984,674788.0,MRPL.NS
2004-05-10,53.54999923706055,56.900001525878906,53.54999923706055,55.75,42.006248474121094,1041172.0,MRPL.NS
2004-05-11,55.20000076293945,55.75,53.150001525878906,53.45000076293945,40.27326202392578,934288.0,MRPL.NS
2004-05-12,54.54999923706055,54.54999923706055,51.099998474121094,52.849998474121094,39.82117462158203,1426032.0,MRPL.NS
2004-05-13,53.0,54.900001525878906,43.0,53.150001525878906,40.047218322753906,2041922.0,MRPL.NS
2004-05-14,53.5,53.849998474121094,43.5,44.349998474121094,33.416629791259766,3064317.0,MRPL.NS
2004-05-17,43.5,44.0,35.5,36.0,27.12511444091797,1793111.0,MRPL.NS
2004-05-18,37.0,43.0,33.0,41.95000076293945,31.608287811279297,1734116.0,MRPL.NS
2004-05-19,44.0,47.75,43.0,47.04999923706055,35.451019287109375,2069108.0,MRPL.NS
2004-05-20,55.45000076293945,55.45000076293945,46.75,47.349998474121094,35.67705535888672,1445789.0,MRPL.NS
2004-05-21,45.0,48.400001525878906,43.25,47.75,35.978450775146484,1452776.0,MRPL.NS
2004-05-24,39.900001525878906,49.20000076293945,39.900001525878906,48.5,36.54355239868164,1526727.0,MRPL.NS
2004-05-25,49.20000076293945,51.5,48.650001525878906,49.849998474121094,37.56074523925781,5586695.0,MRPL.NS
2004-05-26,52.5,54.849998474121094,51.0,52.0,39.18071365356445,4871583.0,MRPL.NS
2004-05-27,52.0,52.900001525878906,50.0,50.150001525878906,37.78679656982422,1774702.0,MRPL.NS
2004-05-28,50.20000076293945,50.20000076293945,46.5,46.849998474121094,35.30031967163086,1461688.0,MRPL.NS
2004-05-31,45.5,45.900001525878906,40.25,43.75,32.96454620361328,1455244.0,MRPL.NS
2004-06-01,43.25,45.75,43.0,44.650001525878906,33.64267349243164,1146892.0,MRPL.NS
2004-06-02,45.099998474121094,46.45000076293945,45.04999923706055,45.20000076293945,34.05708694458008,734773.0,MRPL.NS
2004-06-03,45.599998474121094,46.25,43.04999923706055,43.400001525878906,32.700836181640625,993201.0,MRPL.NS
2004-06-04,43.0,44.5,42.29999923706055,43.349998474121094,32.663150787353516,1210562.0,MRPL.NS
2004-06-07,44.20000076293945,44.400001525878906,43.25,43.75,32.96454620361328,861159.0,MRPL.NS
2004-06-08,44.650001525878906,44.650001525878906,43.400001525878906,43.70000076293945,32.926876068115234,508823.0,MRPL.NS
2004-06-09,43.75,44.400001525878906,43.54999923706055,43.95000076293945,33.1152458190918,554665.0,MRPL.NS
2004-06-10,43.599998474121094,44.70000076293945,43.599998474121094,43.849998474121094,33.039894104003906,705470.0,MRPL.NS
2004-06-11,43.400001525878906,43.400001525878906,42.0,42.20000076293945,31.796659469604492,1076829.0,MRPL.NS
2004-06-14,42.5,42.5,39.400001525878906,39.900001525878906,30.063669204711914,948818.0,MRPL.NS
2004-06-15,39.79999923706055,41.79999923706055,39.79999923706055,40.04999923706055,30.17669105529785,796480.0,MRPL.NS
2004-06-16,41.900001525878906,42.29999923706055,40.04999923706055,40.20000076293945,30.28971290588379,951806.0,MRPL.NS
2004-06-17,40.20000076293945,40.25,39.349998474121094,39.70000076293945,29.912973403930664,552740.0,MRPL.NS
2004-06-18,39.54999923706055,39.599998474121094,38.599998474121094,39.099998474121094,29.46088409423828,477438.0,MRPL.NS
2004-06-21,39.099998474121094,39.400001525878906,37.04999923706055,37.150001525878906,27.99161148071289,700388.0,MRPL.NS
2004-06-22,37.0,37.0,35.849998474121094,36.099998474121094,27.20046043395996,588509.0,MRPL.NS
2004-06-23,37.0,37.0,33.349998474121094,33.599998474121094,25.316770553588867,861614.0,MRPL.NS
2004-06-24,33.900001525878906,34.349998474121094,32.400001525878906,33.95000076293945,25.580488204956055,1186218.0,MRPL.NS
2004-06-25,34.20000076293945,36.150001525878906,33.29999923706055,35.75,26.93674087524414,1316717.0,MRPL.NS
2004-06-28,37.0,37.25,30.100000381469727,37.0,27.878589630126953,849818.0,MRPL.NS
2004-06-29,37.099998474121094,38.900001525878906,36.849998474121094,37.849998474121094,28.519044876098633,1233041.0,MRPL.NS
2004-06-30,38.099998474121094,38.54999923706055,37.0,37.75,28.443702697753906,600551.0,MRPL.NS
2004-07-01,38.0,38.70000076293945,37.25,37.79999923706055,28.481365203857422,586568.0,MRPL.NS
2004-07-02,38.0,38.79999923706055,37.150001525878906,37.95000076293945,28.594392776489258,860823.0,MRPL.NS
2004-07-05,38.400001525878906,38.400001525878906,37.099998474121094,37.20000076293945,28.029285430908203,448283.0,MRPL.NS
2004-07-06,37.04999923706055,38.79999923706055,37.0,38.20000076293945,28.782760620117188,492674.0,MRPL.NS
2004-07-07,38.45000076293945,39.900001525878906,38.29999923706055,39.20000076293945,29.53624153137207,1293187.0,MRPL.NS
2004-07-08,39.650001525878906,39.70000076293945,36.099998474121094,36.79999923706055,27.727893829345703,1292134.0,MRPL.NS
2004-07-09,36.5,37.5,35.29999923706055,37.04999923706055,27.916261672973633,738287.0,MRPL.NS
2004-07-12,36.900001525878906,37.650001525878906,36.099998474121094,37.20000076293945,28.029285430908203,409607.0,MRPL.NS
2004-07-13,37.75,37.75,36.79999923706055,37.099998474121094,27.953933715820312,285856.0,MRPL.NS
2004-07-14,37.5,37.5,36.0,36.25,27.31348419189453,493810.0,MRPL.NS
2004-07-15,36.5,37.54999923706055,36.400001525878906,37.45000076293945,28.217653274536133,527723.0,MRPL.NS
2004-07-16,37.5,44.95000076293945,37.5,44.95000076293945,33.86871337890625,5868181.0,MRPL.NS
2004-07-19,45.29999923706055,49.75,44.70000076293945,45.95000076293945,34.6221923828125,9042975.0,MRPL.NS
2004-07-20,46.5,47.25,45.0,45.400001525878906,34.20778274536133,3383802.0,MRPL.NS
2004-07-21,45.79999923706055,46.79999923706055,45.5,46.20000076293945,34.8105583190918,1992092.0,MRPL.NS
2004-07-22,47.0,47.349998474121094,45.70000076293945,45.900001525878906,34.58451843261719,1390586.0,MRPL.NS
2004-07-23,47.0,48.400001525878906,46.400001525878906,47.099998474121094,35.48868942260742,2017506.0,MRPL.NS
2004-07-26,47.400001525878906,48.75,46.54999923706055,47.25,35.601707458496094,2243134.0,MRPL.NS
2004-07-27,47.79999923706055,47.900001525878906,45.70000076293945,45.900001525878906,34.58451843261719,1253679.0,MRPL.NS
2004-07-28,46.0,46.5,45.0,45.650001525878906,34.396148681640625,810775.0,MRPL.NS
2004-07-29,46.5,46.75,45.5,46.45000076293945,34.998931884765625,1237162.0,MRPL.NS
2004-07-30,46.900001525878906,48.150001525878906,46.25,47.650001525878906,35.903106689453125,3129347.0,MRPL.NS
2004-08-02,48.20000076293945,48.20000076293945,46.099998474121094,46.54999923706055,35.07427978515625,3093122.0,MRPL.NS
2004-08-03,46.95000076293945,47.099998474121094,45.54999923706055,45.70000076293945,34.4338264465332,1230852.0,MRPL.NS
2004-08-04,45.849998474121094,46.95000076293945,45.5,45.650001525878906,34.396148681640625,1317847.0,MRPL.NS
2004-08-05,46.0,46.900001525878906,45.75,45.95000076293945,34.6221923828125,952264.0,MRPL.NS
2004-08-06,45.5,46.29999923706055,44.5,45.29999923706055,34.13242721557617,847574.0,MRPL.NS
2004-08-09,44.900001525878906,45.400001525878906,44.5,44.599998474121094,33.60499954223633,673570.0,MRPL.NS
2004-08-10,44.95000076293945,46.5,44.599998474121094,44.900001525878906,33.83104705810547,781124.0,MRPL.NS
2004-08-11,45.25,45.5,43.54999923706055,43.79999923706055,33.00222396850586,792268.0,MRPL.NS
2004-08-12,44.0,44.70000076293945,42.650001525878906,42.95000076293945,32.36176681518555,698851.0,MRPL.NS
2004-08-13,44.70000076293945,44.70000076293945,42.54999923706055,42.79999923706055,32.24874496459961,908280.0,MRPL.NS
2004-08-16,43.25,43.25,41.5,41.70000076293945,31.419923782348633,585910.0,MRPL.NS
2004-08-17,42.04999923706055,43.20000076293945,42.04999923706055,42.5,32.022705078125,944355.0,MRPL.NS
2004-08-18,42.5,42.95000076293945,40.099998474121094,41.5,31.269229888916016,868185.0,MRPL.NS
2004-08-19,41.400001525878906,42.900001525878906,41.150001525878906,41.349998474121094,31.156211853027344,958072.0,MRPL.NS
2004-08-20,41.20000076293945,41.25,39.099998474121094,39.79999923706055,29.988327026367188,1412911.0,MRPL.NS
2004-08-23,40.099998474121094,40.45000076293945,39.349998474121094,39.70000076293945,29.912973403930664,600157.0,MRPL.NS
2004-08-24,39.900001525878906,40.54999923706055,39.70000076293945,40.349998474121094,30.40273094177246,580023.0,MRPL.NS
2004-08-25,41.29999923706055,41.29999923706055,40.099998474121094,40.29999923706055,30.365055084228516,470050.0,MRPL.NS
2004-08-26,40.29999923706055,41.849998474121094,40.29999923706055,41.20000076293945,31.04318618774414,896597.0,MRPL.NS
2004-08-27,42.5,44.099998474121094,41.20000076293945,43.70000076293945,32.926876068115234,3153812.0,MRPL.NS
2004-08-30,44.0,44.95000076293945,43.04999923706055,43.900001525878906,33.077571868896484,2146843.0,MRPL.NS
2004-08-31,44.29999923706055,45.150001525878906,44.150001525878906,44.29999923706055,33.37895965576172,1423850.0,MRPL.NS
2004-09-01,44.900001525878906,44.900001525878906,44.099998474121094,44.25,33.341285705566406,810886.0,MRPL.NS
2004-09-02,42.599998474121094,45.150001525878906,42.599998474121094,43.25,32.58781051635742,1363388.0,MRPL.NS
2004-09-03,43.5,43.5,42.54999923706055,43.04999923706055,32.437110900878906,727599.0,MRPL.NS
2004-09-06,43.400001525878906,45.75,43.0,45.349998474121094,34.17011260986328,2965370.0,MRPL.NS
2004-09-07,46.04999923706055,46.5,45.349998474121094,45.54999923706055,34.32080078125,2568434.0,MRPL.NS
2004-09-08,45.849998474121094,45.900001525878906,44.5,44.70000076293945,33.68035125732422,936967.0,MRPL.NS
2004-09-09,44.79999923706055,44.900001525878906,43.599998474121094,43.79999923706055,33.00222396850586,743657.0,MRPL.NS
2004-09-10,44.0,44.400001525878906,43.5,43.849998474121094,33.039894104003906,754876.0,MRPL.NS
2004-09-13,44.79999923706055,44.79999923706055,44.0,44.400001525878906,33.45430374145508,763013.0,MRPL.NS
2004-09-14,44.29999923706055,44.79999923706055,43.599998474121094,43.900001525878906,33.077571868896484,682377.0,MRPL.NS
2004-09-15,44.79999923706055,44.79999923706055,43.599998474121094,43.75,32.96454620361328,558382.0,MRPL.NS
2004-09-16,44.20000076293945,45.45000076293945,43.75,45.04999923706055,33.944068908691406,1837780.0,MRPL.NS
2004-09-17,45.0,45.75,44.650001525878906,44.849998474121094,33.793373107910156,2088877.0,MRPL.NS
2004-09-20,45.20000076293945,45.75,44.79999923706055,45.099998474121094,33.98173522949219,1319934.0,MRPL.NS
2004-09-21,45.45000076293945,45.5,44.75,45.150001525878906,34.019412994384766,853565.0,MRPL.NS
2004-09-22,45.0,45.400001525878906,44.5,44.650001525878906,33.64267349243164,796553.0,MRPL.NS
2004-09-23,44.75,46.70000076293945,44.29999923706055,45.150001525878906,34.019412994384766,2886897.0,MRPL.NS
2004-09-24,45.150001525878906,45.400001525878906,44.099998474121094,44.25,33.341285705566406,955812.0,MRPL.NS
2004-09-27,44.0,44.75,44.0,44.150001525878906,33.26594161987305,664370.0,MRPL.NS
2004-09-28,44.599998474121094,44.900001525878906,43.20000076293945,44.04999923706055,33.190589904785156,901281.0,MRPL.NS
2004-09-29,44.5,45.79999923706055,44.25,45.29999923706055,34.13242721557617,2445382.0,MRPL.NS
2004-09-30,45.5,46.5,44.79999923706055,44.95000076293945,33.86871337890625,1130948.0,MRPL.NS
2004-10-01,45.29999923706055,45.75,44.5,45.54999923706055,34.32080078125,1091965.0,MRPL.NS
2004-10-04,45.79999923706055,46.45000076293945,45.25,45.54999923706055,34.32080078125,1441313.0,MRPL.NS
2004-10-05,43.20000076293945,47.45000076293945,43.20000076293945,47.150001525878906,35.526363372802734,4013265.0,MRPL.NS
2004-10-06,47.5,48.5,46.849998474121094,47.150001525878906,35.526363372802734,3572428.0,MRPL.NS
2004-10-07,47.599998474121094,47.900001525878906,43.650001525878906,46.95000076293945,35.37567138671875,1160560.0,MRPL.NS
2004-10-08,47.099998474121094,47.20000076293945,46.5,46.75,35.2249755859375,665580.0,MRPL.NS
2004-10-11,47.0,47.45000076293945,46.20000076293945,46.45000076293945,34.998931884765625,730799.0,MRPL.NS
2004-10-12,45.79999923706055,46.70000076293945,45.099998474121094,45.29999923706055,34.13242721557617,529776.0,MRPL.NS
2004-10-13,,,,,,,MRPL.NS
2004-10-14,44.5,45.400001525878906,43.5,45.0,33.90638732910156,593255.0,MRPL.NS
2004-10-15,45.45000076293945,45.849998474121094,44.75,44.849998474121094,33.793373107910156,550084.0,MRPL.NS
2004-10-18,45.25,45.45000076293945,44.04999923706055,44.150001525878906,33.26594161987305,488367.0,MRPL.NS
2004-10-19,44.5,45.099998474121094,44.29999923706055,44.650001525878906,33.64267349243164,610769.0,MRPL.NS
2004-10-20,45.0,46.099998474121094,44.849998474121094,45.099998474121094,33.98173522949219,849055.0,MRPL.NS
2004-10-21,45.70000076293945,45.70000076293945,44.5,44.650001525878906,33.64267349243164,481112.0,MRPL.NS
2004-10-22,44.650001525878906,44.650001525878906,44.650001525878906,44.650001525878906,33.64267349243164,0.0,MRPL.NS
2004-10-25,45.0,45.20000076293945,44.0,44.25,33.341285705566406,479130.0,MRPL.NS
2004-10-26,44.70000076293945,44.70000076293945,43.349998474121094,44.0,33.152915954589844,611273.0,MRPL.NS
2004-10-27,44.79999923706055,46.75,44.29999923706055,46.20000076293945,34.8105583190918,2444150.0,MRPL.NS
2004-10-28,47.0,48.5,46.5,46.650001525878906,35.149627685546875,2336028.0,MRPL.NS
2004-10-29,47.25,47.5,45.20000076293945,45.349998474121094,34.17011260986328,974884.0,MRPL.NS
2004-11-01,45.5,45.650001525878906,44.70000076293945,44.95000076293945,33.86871337890625,630120.0,MRPL.NS
2004-11-02,45.599998474121094,45.79999923706055,45.0,45.150001525878906,34.019412994384766,476276.0,MRPL.NS
2004-11-03,45.45000076293945,45.5,45.0,45.099998474121094,33.98173522949219,505362.0,MRPL.NS
2004-11-04,45.349998474121094,45.650001525878906,45.099998474121094,45.20000076293945,34.05708694458008,503704.0,MRPL.NS
2004-11-05,46.0,47.0,45.54999923706055,45.70000076293945,34.4338264465332,956461.0,MRPL.NS
2004-11-08,45.75,46.0,45.150001525878906,45.25,34.09476089477539,625979.0,MRPL.NS
2004-11-09,45.400001525878906,45.650001525878906,44.599998474121094,44.70000076293945,33.68035125732422,539159.0,MRPL.NS
2004-11-10,44.79999923706055,45.5,44.650001525878906,44.79999923706055,33.75569152832031,567292.0,MRPL.NS
2004-11-11,45.150001525878906,45.150001525878906,44.150001525878906,44.45000076293945,33.49198913574219,521576.0,MRPL.NS
2004-11-12,46.0,46.0,44.599998474121094,44.849998474121094,33.793373107910156,217698.0,MRPL.NS
2004-11-15,44.849998474121094,44.849998474121094,44.849998474121094,44.849998474121094,33.793373107910156,0.0,MRPL.NS
2004-11-16,45.0,45.25,44.25,44.45000076293945,33.49198913574219,433303.0,MRPL.NS
2004-11-17,44.95000076293945,44.95000076293945,44.599998474121094,44.75,33.71802520751953,513168.0,MRPL.NS
2004-11-18,44.849998474121094,45.25,44.5,45.0,33.90638732910156,817539.0,MRPL.NS
2004-11-19,45.20000076293945,47.75,45.150001525878906,45.599998474121094,34.35847854614258,2854208.0,MRPL.NS
2004-11-22,44.70000076293945,45.400001525878906,44.70000076293945,45.04999923706055,33.944068908691406,673662.0,MRPL.NS
2004-11-23,45.5,46.849998474121094,45.25,45.599998474121094,34.35847854614258,1186872.0,MRPL.NS
2004-11-24,45.75,46.20000076293945,45.54999923706055,45.70000076293945,34.4338264465332,579712.0,MRPL.NS
2004-11-25,46.0,46.0,45.150001525878906,45.349998474121094,34.17011260986328,605894.0,MRPL.NS
2004-11-26,45.349998474121094,45.349998474121094,45.349998474121094,45.349998474121094,34.17011260986328,0.0,MRPL.NS
2004-11-29,45.95000076293945,45.95000076293945,45.20000076293945,45.70000076293945,34.4338264465332,551568.0,MRPL.NS
2004-11-30,45.54999923706055,46.400001525878906,45.0,45.04999923706055,33.944068908691406,654838.0,MRPL.NS
2004-12-01,45.099998474121094,45.599998474121094,44.79999923706055,45.04999923706055,33.944068908691406,607536.0,MRPL.NS
2004-12-02,45.5,48.849998474121094,45.25,48.400001525878906,36.46820831298828,5422280.0,MRPL.NS
2004-12-03,49.400001525878906,52.849998474121094,49.099998474121094,51.650001525878906,38.9170036315918,12915689.0,MRPL.NS
2004-12-06,52.0,53.79999923706055,51.75,52.099998474121094,39.256065368652344,4874276.0,MRPL.NS
2004-12-07,51.54999923706055,52.5,50.349998474121094,50.900001525878906,38.35190200805664,2605113.0,MRPL.NS
2004-12-08,51.0,52.0,50.25,50.5,38.05051040649414,1736739.0,MRPL.NS
2004-12-09,50.849998474121094,51.150001525878906,50.04999923706055,50.70000076293945,38.20120620727539,1409236.0,MRPL.NS
2004-12-10,51.25,52.45000076293945,50.75,50.95000076293945,38.38957595825195,2413399.0,MRPL.NS
2004-12-13,51.20000076293945,51.5,50.75,50.95000076293945,38.38957595825195,1238627.0,MRPL.NS
2004-12-14,51.95000076293945,51.95000076293945,50.79999923706055,50.95000076293945,38.38957595825195,923104.0,MRPL.NS
2004-12-15,51.5,51.70000076293945,50.20000076293945,50.400001525878906,37.975162506103516,997733.0,MRPL.NS
2004-12-16,50.849998474121094,52.650001525878906,50.04999923706055,51.25,38.6156120300293,2554686.0,MRPL.NS
2004-12-17,51.900001525878906,51.900001525878906,50.20000076293945,50.400001525878906,37.975162506103516,1145751.0,MRPL.NS
2004-12-20,50.849998474121094,50.849998474121094,50.099998474121094,50.20000076293945,37.824459075927734,822191.0,MRPL.NS
2004-12-21,50.79999923706055,52.5,50.20000076293945,51.5,38.80398178100586,3018391.0,MRPL.NS
2004-12-22,52.400001525878906,52.5,50.5,50.599998474121094,38.125858306884766,1402821.0,MRPL.NS
2004-12-23,51.25,51.5,50.5,50.650001525878906,38.16352844238281,831892.0,MRPL.NS
2004-12-24,51.25,52.0,50.599998474121094,50.849998474121094,38.3142204284668,1859705.0,MRPL.NS
2004-12-27,51.0,51.70000076293945,50.150001525878906,50.95000076293945,38.38957595825195,1161783.0,MRPL.NS
2004-12-28,51.29999923706055,51.5,51.0,51.099998474121094,38.50259017944336,1185747.0,MRPL.NS
2004-12-29,51.95000076293945,51.95000076293945,50.25,50.45000076293945,38.01283264160156,1258119.0,MRPL.NS
2004-12-30,50.95000076293945,51.0,50.0,50.150001525878906,37.78679656982422,959629.0,MRPL.NS
2004-12-31,51.099998474121094,54.70000076293945,50.150001525878906,54.25,40.87603759765625,6905468.0,MRPL.NS
2005-01-03,55.0,57.349998474121094,54.849998474121094,55.45000076293945,41.780208587646484,5879109.0,MRPL.NS
2005-01-04,56.0,57.900001525878906,55.0,56.54999923706055,42.609031677246094,5362301.0,MRPL.NS
2005-01-05,56.20000076293945,57.0,51.0,52.79999923706055,39.78349685668945,3804606.0,MRPL.NS
2005-01-06,53.0,53.150001525878906,50.5,51.650001525878906,38.9170036315918,2467484.0,MRPL.NS
2005-01-07,53.0,53.650001525878906,51.70000076293945,52.45000076293945,39.51978302001953,1641575.0,MRPL.NS
2005-01-10,54.0,54.75,52.25,52.45000076293945,39.51978302001953,2541595.0,MRPL.NS
2005-01-11,52.79999923706055,52.79999923706055,50.25,50.650001525878906,38.16352844238281,1465821.0,MRPL.NS
2005-01-12,51.45000076293945,51.45000076293945,48.0,48.400001525878906,36.46820831298828,1807216.0,MRPL.NS
2005-01-13,49.29999923706055,51.29999923706055,48.900001525878906,50.70000076293945,38.20120620727539,1558259.0,MRPL.NS
2005-01-14,51.5,51.5,49.54999923706055,49.79999923706055,37.5230712890625,969049.0,MRPL.NS
2005-01-17,50.0,50.45000076293945,48.5,48.79999923706055,36.769596099853516,960298.0,MRPL.NS
2005-01-18,49.400001525878906,49.95000076293945,48.54999923706055,48.849998474121094,36.80727005004883,784448.0,MRPL.NS
2005-01-19,48.900001525878906,49.150001525878906,48.099998474121094,48.20000076293945,36.3175163269043,558061.0,MRPL.NS
2005-01-20,48.29999923706055,48.349998474121094,46.5,46.95000076293945,35.37567138671875,990673.0,MRPL.NS
2005-01-24,47.5,51.25,46.650001525878906,50.0,37.67376708984375,4574608.0,MRPL.NS
2005-01-25,51.0,51.900001525878906,49.75,50.79999923706055,38.27655029296875,3280611.0,MRPL.NS
2005-01-27,51.400001525878906,51.79999923706055,50.650001525878906,51.0,38.427249908447266,1583710.0,MRPL.NS
2005-01-28,51.349998474121094,52.0,50.599998474121094,51.04999923706055,38.46492385864258,1382578.0,MRPL.NS
2005-01-31,52.0,52.400001525878906,51.400001525878906,51.75,38.99235534667969,1311260.0,MRPL.NS
2005-02-01,52.25,52.849998474121094,51.45000076293945,52.29999923706055,39.406761169433594,1649596.0,MRPL.NS
2005-02-02,52.29999923706055,52.849998474121094,51.25,51.45000076293945,38.76630783081055,1424565.0,MRPL.NS
2005-02-03,51.45000076293945,52.900001525878906,51.45000076293945,52.150001525878906,39.293739318847656,1303906.0,MRPL.NS
2005-02-04,52.349998474121094,52.650001525878906,51.25,51.70000076293945,38.95467758178711,994365.0,MRPL.NS
2005-02-07,52.400001525878906,53.20000076293945,51.70000076293945,51.95000076293945,39.14305114746094,1692331.0,MRPL.NS
2005-02-08,52.0,54.5,51.54999923706055,53.04999923706055,39.97187423706055,3161713.0,MRPL.NS
2005-02-09,53.70000076293945,54.400001525878906,52.79999923706055,53.5,40.310935974121094,2735667.0,MRPL.NS
2005-02-10,53.79999923706055,54.70000076293945,53.0,53.150001525878906,40.047218322753906,2389512.0,MRPL.NS
2005-02-11,54.0,55.79999923706055,53.650001525878906,54.20000076293945,40.83836364746094,5034843.0,MRPL.NS
2005-02-14,54.75,54.79999923706055,52.75,53.150001525878906,40.047218322753906,1641669.0,MRPL.NS
2005-02-15,53.400001525878906,53.400001525878906,52.0,52.099998474121094,39.256065368652344,1253256.0,MRPL.NS
2005-02-16,52.400001525878906,52.79999923706055,51.25,51.599998474121094,38.879329681396484,955119.0,MRPL.NS
2005-02-17,51.849998474121094,52.0,51.0,51.25,38.6156120300293,862071.0,MRPL.NS
2005-02-18,51.849998474121094,52.400001525878906,51.099998474121094,51.20000076293945,38.577945709228516,979344.0,MRPL.NS
2005-02-21,51.79999923706055,51.900001525878906,50.54999923706055,50.650001525878906,38.16352844238281,623704.0,MRPL.NS
2005-02-22,51.099998474121094,51.75,50.54999923706055,50.650001525878906,38.16352844238281,919742.0,MRPL.NS
2005-02-23,50.900001525878906,51.54999923706055,50.54999923706055,50.75,38.23887634277344,703560.0,MRPL.NS
2005-02-24,51.0,51.25,50.099998474121094,50.20000076293945,37.824459075927734,784490.0,MRPL.NS
2005-02-25,50.900001525878906,51.349998474121094,49.5,49.70000076293945,37.44772720336914,1301470.0,MRPL.NS
2005-02-28,50.25,50.95000076293945,49.75,50.349998474121094,37.93748092651367,1268072.0,MRPL.NS
2005-03-01,50.70000076293945,50.849998474121094,49.54999923706055,49.650001525878906,37.41004943847656,790307.0,MRPL.NS
2005-03-02,49.900001525878906,50.150001525878906,49.20000076293945,49.400001525878906,37.2216796875,724161.0,MRPL.NS
2005-03-03,49.79999923706055,50.20000076293945,49.5,49.900001525878906,37.59842300415039,1021454.0,MRPL.NS
2005-03-04,50.0,51.0,50.0,50.599998474121094,38.125858306884766,1384784.0,MRPL.NS
2005-03-07,51.70000076293945,55.400001525878906,51.5,52.45000076293945,39.51978302001953,3608568.0,MRPL.NS
2005-03-08,52.79999923706055,52.95000076293945,51.400001525878906,51.75,38.99235534667969,1191636.0,MRPL.NS
2005-03-09,52.04999923706055,52.25,50.599998474121094,51.20000076293945,38.577945709228516,1333776.0,MRPL.NS
2005-03-10,51.29999923706055,52.0,50.650001525878906,51.400001525878906,38.7286376953125,1185447.0,MRPL.NS
2005-03-11,51.95000076293945,52.849998474121094,50.849998474121094,51.04999923706055,38.46492385864258,1354012.0,MRPL.NS
2005-03-14,50.70000076293945,51.400001525878906,50.099998474121094,50.25,37.86214065551758,661821.0,MRPL.NS
2005-03-15,50.5,50.70000076293945,49.650001525878906,49.79999923706055,37.5230712890625,689095.0,MRPL.NS
2005-03-16,50.0,51.79999923706055,49.79999923706055,51.45000076293945,38.76630783081055,1708928.0,MRPL.NS
2005-03-17,52.5,52.79999923706055,49.70000076293945,50.20000076293945,37.824459075927734,2854087.0,MRPL.NS
2005-03-18,50.20000076293945,50.400001525878906,49.150001525878906,49.650001525878906,37.41004943847656,1050595.0,MRPL.NS
2005-03-21,50.400001525878906,51.20000076293945,50.04999923706055,50.099998474121094,37.74911117553711,1357178.0,MRPL.NS
2005-03-22,50.599998474121094,51.0,48.54999923706055,48.849998474121094,36.80727005004883,922190.0,MRPL.NS
2005-03-23,49.0,49.349998474121094,46.20000076293945,46.75,35.2249755859375,1178768.0,MRPL.NS
2005-03-24,47.400001525878906,47.5,46.04999923706055,46.29999923706055,34.88591003417969,821575.0,MRPL.NS
2005-03-28,47.0,47.5,46.099998474121094,47.150001525878906,35.526363372802734,685013.0,MRPL.NS
2005-03-29,47.5,47.5,45.099998474121094,45.400001525878906,34.20778274536133,800061.0,MRPL.NS
2005-03-30,46.0,47.25,45.25,46.79999923706055,35.26264953613281,777661.0,MRPL.NS
2005-03-31,49.0,49.0,47.099998474121094,47.400001525878906,35.71473693847656,749717.0,MRPL.NS
2005-04-01,47.95000076293945,48.5,46.849998474121094,48.29999923706055,36.392860412597656,740496.0,MRPL.NS
2005-04-04,49.0,49.25,48.349998474121094,48.75,36.73192596435547,709651.0,MRPL.NS
2005-04-05,49.04999923706055,49.04999923706055,47.54999923706055,47.849998474121094,36.053794860839844,480144.0,MRPL.NS
2005-04-06,48.5,48.5,47.400001525878906,47.75,35.978450775146484,504357.0,MRPL.NS
2005-04-07,48.099998474121094,49.20000076293945,47.900001525878906,48.25,36.35519027709961,771494.0,MRPL.NS
2005-04-08,48.900001525878906,49.599998474121094,48.20000076293945,48.599998474121094,36.61890411376953,1022652.0,MRPL.NS
2005-04-11,48.95000076293945,49.25,47.599998474121094,47.79999923706055,36.0161247253418,374866.0,MRPL.NS
2005-04-12,48.20000076293945,48.45000076293945,47.599998474121094,47.75,35.978450775146484,282013.0,MRPL.NS
2005-04-13,48.0,48.150001525878906,47.400001525878906,47.54999923706055,35.827754974365234,277479.0,MRPL.NS
2005-04-15,46.849998474121094,47.5,45.04999923706055,46.45000076293945,34.998931884765625,548708.0,MRPL.NS
2005-04-18,46.0,46.5,44.599998474121094,45.95000076293945,34.6221923828125,475459.0,MRPL.NS
2005-04-19,46.5,47.0,45.04999923706055,45.150001525878906,34.019412994384766,351466.0,MRPL.NS
2005-04-20,45.349998474121094,45.95000076293945,45.099998474121094,45.75,34.471500396728516,587153.0,MRPL.NS
2005-04-21,45.849998474121094,46.900001525878906,45.349998474121094,46.54999923706055,35.07427978515625,398737.0,MRPL.NS
2005-04-22,46.599998474121094,46.95000076293945,46.29999923706055,46.400001525878906,34.96125793457031,302586.0,MRPL.NS
2005-04-25,46.95000076293945,47.20000076293945,45.849998474121094,46.349998474121094,34.923580169677734,503681.0,MRPL.NS
2005-04-26,47.0,49.400001525878906,47.0,48.400001525878906,36.46820831298828,2211727.0,MRPL.NS
2005-04-27,39.79999923706055,48.900001525878906,39.79999923706055,47.29999923706055,35.63938903808594,513394.0,MRPL.NS
2005-04-28,47.849998474121094,47.849998474121094,46.29999923706055,46.5,35.0366096496582,426946.0,MRPL.NS
2005-04-29,46.54999923706055,46.75,45.400001525878906,45.95000076293945,34.6221923828125,455821.0,MRPL.NS
2005-05-02,46.29999923706055,46.650001525878906,44.900001525878906,45.5,34.28313064575195,448121.0,MRPL.NS
2005-05-03,45.95000076293945,45.95000076293945,45.099998474121094,45.5,34.28313064575195,230814.0,MRPL.NS
2005-05-04,45.70000076293945,46.400001525878906,45.70000076293945,46.099998474121094,34.73521041870117,302463.0,MRPL.NS
2005-05-05,46.099998474121094,46.900001525878906,46.099998474121094,46.5,35.0366096496582,323965.0,MRPL.NS
2005-05-06,46.5,46.900001525878906,45.79999923706055,46.45000076293945,34.998931884765625,405784.0,MRPL.NS
2005-05-09,45.150001525878906,48.150001525878906,45.150001525878906,47.650001525878906,35.903106689453125,906881.0,MRPL.NS
2005-05-10,48.0,48.04999923706055,46.79999923706055,47.29999923706055,35.63938903808594,546482.0,MRPL.NS
2005-05-11,47.29999923706055,47.29999923706055,46.25,46.5,35.0366096496582,356579.0,MRPL.NS
2005-05-12,46.70000076293945,47.400001525878906,46.400001525878906,47.04999923706055,35.451019287109375,429187.0,MRPL.NS
2005-05-13,46.75,48.0,46.29999923706055,47.45000076293945,35.752403259277344,532435.0,MRPL.NS
2005-05-16,48.0,48.20000076293945,47.29999923706055,47.400001525878906,35.71473693847656,283833.0,MRPL.NS
2005-05-17,47.900001525878906,47.900001525878906,46.54999923706055,46.75,35.2249755859375,249969.0,MRPL.NS
2005-05-18,46.79999923706055,47.0,46.099998474121094,46.349998474121094,34.923580169677734,204846.0,MRPL.NS
2005-05-19,46.75,47.5,46.20000076293945,46.349998474121094,34.923580169677734,327132.0,MRPL.NS
2005-05-20,46.5,47.0,46.5,46.650001525878906,35.149627685546875,283137.0,MRPL.NS
2005-05-23,47.0,47.900001525878906,46.599998474121094,47.650001525878906,35.903106689453125,632059.0,MRPL.NS
2005-05-24,48.0,48.70000076293945,47.45000076293945,47.599998474121094,35.86542510986328,856776.0,MRPL.NS
2005-05-25,48.599998474121094,49.20000076293945,48.150001525878906,48.20000076293945,36.3175163269043,1005929.0,MRPL.NS
2005-05-26,48.150001525878906,48.5,47.400001525878906,47.599998474121094,35.86542510986328,1008909.0,MRPL.NS
2005-05-27,47.79999923706055,48.400001525878906,46.54999923706055,47.29999923706055,35.63938903808594,765012.0,MRPL.NS
2005-05-30,47.70000076293945,48.099998474121094,47.099998474121094,47.25,35.601707458496094,445733.0,MRPL.NS
2005-05-31,47.5,47.75,47.150001525878906,47.20000076293945,35.56404495239258,388650.0,MRPL.NS
2005-06-01,46.79999923706055,47.70000076293945,46.79999923706055,47.45000076293945,35.752403259277344,387254.0,MRPL.NS
2005-06-02,47.79999923706055,47.95000076293945,47.150001525878906,47.45000076293945,35.752403259277344,410450.0,MRPL.NS
2005-06-03,47.900001525878906,47.900001525878906,47.29999923706055,47.599998474121094,35.86542510986328,370816.0,MRPL.NS
2005-06-06,51.849998474121094,51.849998474121094,49.099998474121094,49.349998474121094,37.184017181396484,2829531.0,MRPL.NS
2005-06-07,49.900001525878906,50.79999923706055,49.599998474121094,50.0,37.67376708984375,1839211.0,MRPL.NS
2005-06-08,50.400001525878906,50.79999923706055,49.5,49.599998474121094,37.37237548828125,924947.0,MRPL.NS
2005-06-09,50.0,50.25,49.099998474121094,49.29999923706055,37.146331787109375,528211.0,MRPL.NS
2005-06-10,49.54999923706055,49.79999923706055,48.0,48.150001525878906,36.27983856201172,453709.0,MRPL.NS
2005-06-13,48.5,48.70000076293945,47.29999923706055,47.79999923706055,36.0161247253418,472488.0,MRPL.NS
2005-06-14,48.04999923706055,48.349998474121094,47.599998474121094,47.70000076293945,35.94078063964844,275462.0,MRPL.NS
2005-06-15,47.650001525878906,49.849998474121094,47.5,49.5,37.29703140258789,1427283.0,MRPL.NS
2005-06-16,49.79999923706055,50.20000076293945,47.70000076293945,47.900001525878906,36.091468811035156,909587.0,MRPL.NS
2005-06-17,48.0,48.20000076293945,47.349998474121094,47.5,35.79008102416992,323502.0,MRPL.NS
2005-06-20,48.0,48.70000076293945,47.04999923706055,47.150001525878906,35.526363372802734,891613.0,MRPL.NS
2005-06-21,47.29999923706055,48.0,47.099998474121094,47.150001525878906,35.526363372802734,377645.0,MRPL.NS
2005-06-22,47.29999923706055,47.75,46.650001525878906,46.79999923706055,35.26264953613281,481664.0,MRPL.NS
2005-06-23,47.04999923706055,47.20000076293945,46.54999923706055,46.79999923706055,35.26264953613281,294189.0,MRPL.NS
2005-06-24,47.04999923706055,47.900001525878906,46.599998474121094,46.95000076293945,35.37567138671875,529083.0,MRPL.NS
2005-06-27,47.29999923706055,47.400001525878906,46.5,46.599998474121094,35.11195373535156,456730.0,MRPL.NS
2005-06-28,46.599998474121094,46.849998474121094,45.54999923706055,45.75,34.471500396728516,342519.0,MRPL.NS
2005-06-29,45.75,46.099998474121094,45.5,45.849998474121094,34.54684066772461,309065.0,MRPL.NS
2005-06-30,46.0,46.349998474121094,43.70000076293945,44.54999923706055,33.567325592041016,2509693.0,MRPL.NS
2005-07-01,44.599998474121094,45.400001525878906,44.25,45.150001525878906,34.019412994384766,600956.0,MRPL.NS
2005-07-04,45.29999923706055,46.150001525878906,45.0,45.95000076293945,34.6221923828125,598203.0,MRPL.NS
2005-07-05,46.20000076293945,46.45000076293945,45.5,45.599998474121094,34.35847854614258,482867.0,MRPL.NS
2005-07-06,45.900001525878906,46.150001525878906,45.70000076293945,45.95000076293945,34.6221923828125,293569.0,MRPL.NS
2005-07-07,45.75,45.900001525878906,44.5,45.0,33.90638732910156,611007.0,MRPL.NS
2005-07-08,45.20000076293945,45.5,44.95000076293945,45.150001525878906,34.019412994384766,412582.0,MRPL.NS
2005-07-11,45.45000076293945,46.0,45.0,45.04999923706055,33.944068908691406,339231.0,MRPL.NS
2005-07-12,45.04999923706055,45.349998474121094,44.54999923706055,44.79999923706055,33.75569152832031,395936.0,MRPL.NS
2005-07-13,45.0,45.099998474121094,44.54999923706055,44.599998474121094,33.60499954223633,382217.0,MRPL.NS
2005-07-14,44.79999923706055,44.849998474121094,44.0,44.29999923706055,33.37895965576172,446286.0,MRPL.NS
2005-07-15,44.5,45.5,44.349998474121094,45.20000076293945,34.05708694458008,766315.0,MRPL.NS
2005-07-18,46.099998474121094,49.20000076293945,45.04999923706055,48.849998474121094,36.80727005004883,3056973.0,MRPL.NS
2005-07-19,49.0,49.099998474121094,46.54999923706055,47.150001525878906,35.526363372802734,829123.0,MRPL.NS
2005-07-20,47.45000076293945,48.25,47.04999923706055,47.20000076293945,35.56404495239258,920881.0,MRPL.NS
2005-07-21,47.45000076293945,48.150001525878906,46.29999923706055,46.599998474121094,35.11195373535156,466241.0,MRPL.NS
2005-07-22,47.400001525878906,48.849998474121094,46.599998474121094,48.599998474121094,36.61890411376953,2585179.0,MRPL.NS
2005-07-25,49.54999923706055,52.20000076293945,49.0,51.849998474121094,39.06769561767578,8687999.0,MRPL.NS
2005-07-26,52.5,52.95000076293945,50.70000076293945,51.45000076293945,38.76630783081055,5235515.0,MRPL.NS
2005-07-27,51.849998474121094,51.849998474121094,50.5,50.79999923706055,38.27655029296875,1144955.0,MRPL.NS
2005-07-28,50.79999923706055,50.79999923706055,50.79999923706055,50.79999923706055,38.27655029296875,0.0,MRPL.NS
2005-07-29,50.5,50.5,48.29999923706055,50.04999923706055,37.71144104003906,2546180.0,MRPL.NS
2005-08-01,50.0,51.400001525878906,49.04999923706055,51.0,38.427249908447266,1384586.0,MRPL.NS
2005-08-02,51.400001525878906,56.45000076293945,51.0,56.0,42.19462203979492,11095946.0,MRPL.NS
2005-08-03,56.900001525878906,56.900001525878906,54.150001525878906,54.75,41.25277328491211,5457496.0,MRPL.NS
2005-08-04,54.75,56.099998474121094,54.0,54.599998474121094,41.1397590637207,2945151.0,MRPL.NS
2005-08-05,54.900001525878906,56.20000076293945,54.150001525878906,55.25,41.629512786865234,3434504.0,MRPL.NS
2005-08-08,55.75,55.75,53.099998474121094,53.349998474121094,40.19791030883789,1439091.0,MRPL.NS
2005-08-09,53.5,53.900001525878906,51.849998474121094,52.29999923706055,39.406761169433594,1548317.0,MRPL.NS
2005-08-10,52.20000076293945,54.099998474121094,52.20000076293945,53.79999923706055,40.53697967529297,1232748.0,MRPL.NS
2005-08-11,53.20000076293945,53.599998474121094,51.849998474121094,52.20000076293945,40.07632827758789,1206070.0,MRPL.NS
2005-08-12,52.45000076293945,53.099998474121094,51.5,51.95000076293945,39.88439178466797,934445.0,MRPL.NS
2005-08-16,52.400001525878906,52.45000076293945,51.150001525878906,51.349998474121094,39.42375183105469,517057.0,MRPL.NS
2005-08-17,51.5,52.900001525878906,51.099998474121094,52.04999923706055,39.96116256713867,782688.0,MRPL.NS
2005-08-18,52.0,53.45000076293945,51.599998474121094,51.79999923706055,39.769229888916016,841102.0,MRPL.NS
2005-08-19,52.0,52.400001525878906,51.349998474121094,51.54999923706055,39.57728958129883,601565.0,MRPL.NS
2005-08-22,52.04999923706055,52.349998474121094,50.0,50.349998474121094,38.6559944152832,1179655.0,MRPL.NS
2005-08-23,50.5,51.400001525878906,49.70000076293945,49.849998474121094,38.27212905883789,864039.0,MRPL.NS
2005-08-24,50.400001525878906,50.650001525878906,47.95000076293945,48.70000076293945,37.38921356201172,1138157.0,MRPL.NS
2005-08-25,50.0,50.0,46.0,46.900001525878906,36.00727462768555,3899472.0,MRPL.NS
2005-08-26,47.900001525878906,49.04999923706055,47.650001525878906,48.849998474121094,37.50437927246094,1191931.0,MRPL.NS
2005-08-29,49.25,51.04999923706055,48.25,50.79999923706055,39.00148010253906,2532342.0,MRPL.NS
2005-08-30,51.400001525878906,51.900001525878906,50.75,50.900001525878906,39.07826232910156,1106767.0,MRPL.NS
2005-08-31,50.5,53.54999923706055,50.5,53.099998474121094,40.76729965209961,3462275.0,MRPL.NS
2005-09-01,54.0,54.29999923706055,53.099998474121094,53.29999923706055,40.92084503173828,1921948.0,MRPL.NS
2005-09-02,53.79999923706055,54.5,53.5,53.900001525878906,41.38149642944336,3224509.0,MRPL.NS
2005-09-05,54.20000076293945,54.70000076293945,52.5,52.79999923706055,40.53697204589844,1135335.0,MRPL.NS
2005-09-06,53.25,55.099998474121094,52.79999923706055,54.5,41.842140197753906,4248231.0,MRPL.NS
2005-09-08,55.0,55.349998474121094,53.75,54.400001525878906,41.76537322998047,2211430.0,MRPL.NS
2005-09-09,56.5,56.5,53.150001525878906,53.900001525878906,41.38149642944336,1154876.0,MRPL.NS
2005-09-12,51.150001525878906,54.75,51.150001525878906,54.400001525878906,41.76537322998047,912169.0,MRPL.NS
2005-09-13,54.849998474121094,56.75,54.29999923706055,56.20000076293945,43.14731216430664,5307060.0,MRPL.NS
2005-09-14,56.599998474121094,58.400001525878906,55.099998474121094,56.29999923706055,43.22407913208008,5506933.0,MRPL.NS
2005-09-15,57.5,57.5,56.20000076293945,56.599998474121094,43.454410552978516,1295217.0,MRPL.NS
2005-09-16,57.0,58.25,57.0,57.25,43.95344161987305,2342863.0,MRPL.NS
2005-09-19,57.5,58.5,57.0,58.099998474121094,44.60602569580078,2515985.0,MRPL.NS
2005-09-20,59.0,59.0,56.650001525878906,57.099998474121094,43.83827590942383,2305798.0,MRPL.NS
2005-09-21,56.75,56.95000076293945,52.25,55.29999923706055,42.45633316040039,2215373.0,MRPL.NS
2005-09-22,55.0,55.5,51.099998474121094,51.599998474121094,39.615684509277344,1831548.0,MRPL.NS
2005-09-23,50.599998474121094,53.099998474121094,50.599998474121094,51.79999923706055,39.769229888916016,1649098.0,MRPL.NS
2005-09-26,52.70000076293945,54.04999923706055,52.400001525878906,53.849998474121094,41.343109130859375,974104.0,MRPL.NS
2005-09-27,54.29999923706055,54.54999923706055,53.099998474121094,53.70000076293945,41.227943420410156,913289.0,MRPL.NS
2005-09-28,53.70000076293945,54.25,53.29999923706055,54.150001525878906,41.57343292236328,573400.0,MRPL.NS
2005-09-29,54.29999923706055,54.900001525878906,53.25,53.400001525878906,40.997623443603516,1398146.0,MRPL.NS
2005-09-30,53.599998474121094,53.849998474121094,51.650001525878906,52.599998474121094,40.383426666259766,979025.0,MRPL.NS
2005-10-03,53.20000076293945,54.75,52.70000076293945,54.45000076293945,41.80376052856445,1334431.0,MRPL.NS
2005-10-04,54.900001525878906,55.70000076293945,54.25,55.0,42.226016998291016,1948066.0,MRPL.NS
2005-10-05,54.0,55.29999923706055,53.900001525878906,54.400001525878906,41.76537322998047,630030.0,MRPL.NS
2005-10-06,54.0,54.29999923706055,53.099998474121094,53.54999923706055,41.1127815246582,654348.0,MRPL.NS
2005-10-07,53.5,55.900001525878906,52.79999923706055,54.79999923706055,42.07246780395508,1715941.0,MRPL.NS
2005-10-10,54.79999923706055,55.25,53.849998474121094,54.099998474121094,41.53504180908203,734963.0,MRPL.NS
2005-10-11,54.099998474121094,54.70000076293945,52.79999923706055,53.900001525878906,41.38149642944336,835288.0,MRPL.NS
2005-10-13,53.900001525878906,54.70000076293945,53.099998474121094,53.349998474121094,40.959232330322266,614413.0,MRPL.NS
2005-10-14,53.45000076293945,53.75,52.04999923706055,52.20000076293945,40.07632827758789,699456.0,MRPL.NS
2005-10-17,52.900001525878906,53.0,51.29999923706055,51.45000076293945,39.50052261352539,622119.0,MRPL.NS
2005-10-18,51.79999923706055,52.349998474121094,50.5,51.04999923706055,39.193424224853516,465646.0,MRPL.NS
2005-10-19,51.04999923706055,51.04999923706055,48.79999923706055,49.150001525878906,37.73470687866211,1097871.0,MRPL.NS
2005-10-20,49.95000076293945,50.75,45.900001525878906,47.150001525878906,36.1992073059082,1295315.0,MRPL.NS
2005-10-21,47.5,48.79999923706055,45.0,48.150001525878906,36.966957092285156,1481241.0,MRPL.NS
2005-10-24,48.29999923706055,49.20000076293945,47.0,48.20000076293945,37.005348205566406,556549.0,MRPL.NS
2005-10-25,48.79999923706055,49.25,48.099998474121094,48.75,37.4276008605957,801817.0,MRPL.NS
2005-10-26,48.29999923706055,48.29999923706055,47.099998474121094,47.70000076293945,36.62147521972656,758523.0,MRPL.NS
2005-10-27,47.900001525878906,48.0,44.900001525878906,45.54999923706055,34.9708137512207,2532597.0,MRPL.NS
2005-10-28,45.20000076293945,46.0,44.5,44.650001525878906,34.27984619140625,1192370.0,MRPL.NS
2005-10-31,45.20000076293945,45.79999923706055,44.349998474121094,45.54999923706055,34.9708137512207,534306.0,MRPL.NS
2005-11-02,46.400001525878906,46.45000076293945,44.900001525878906,46.29999923706055,35.546627044677734,696087.0,MRPL.NS
2005-11-04,46.29999923706055,46.29999923706055,46.29999923706055,46.29999923706055,35.546627044677734,0.0,MRPL.NS
2005-11-07,47.0,47.849998474121094,46.29999923706055,47.599998474121094,36.544700622558594,691003.0,MRPL.NS
2005-11-08,48.0,48.599998474121094,47.70000076293945,48.04999923706055,36.89018249511719,599013.0,MRPL.NS
2005-11-09,48.150001525878906,48.75,47.5,47.599998474121094,36.544700622558594,328775.0,MRPL.NS
2005-11-10,47.5,48.150001525878906,47.5,47.900001525878906,36.77501678466797,310591.0,MRPL.NS
2005-11-11,48.25,49.900001525878906,48.25,49.25,37.81147766113281,1382328.0,MRPL.NS
2005-11-14,49.70000076293945,50.0,48.599998474121094,48.95000076293945,37.58115768432617,709664.0,MRPL.NS
2005-11-16,49.04999923706055,49.5,48.75,48.849998474121094,37.50437927246094,486281.0,MRPL.NS
2005-11-17,49.20000076293945,49.20000076293945,48.45000076293945,48.79999923706055,37.46598815917969,1026946.0,MRPL.NS
2005-11-18,49.25,49.5,48.70000076293945,48.900001525878906,37.542762756347656,508238.0,MRPL.NS
2005-11-21,49.400001525878906,49.5,47.70000076293945,47.849998474121094,36.73663330078125,428600.0,MRPL.NS
2005-11-22,52.900001525878906,52.900001525878906,47.099998474121094,47.20000076293945,36.23759841918945,567617.0,MRPL.NS
2005-11-23,47.5,47.5,46.5,46.849998474121094,35.96888732910156,550509.0,MRPL.NS
2005-11-24,47.79999923706055,47.79999923706055,45.5,46.099998474121094,35.3930778503418,1841846.0,MRPL.NS
2005-11-25,47.5,48.0,46.70000076293945,47.25,36.27598190307617,680489.0,MRPL.NS
2005-11-28,48.900001525878906,48.900001525878906,47.70000076293945,47.79999923706055,36.698246002197266,570039.0,MRPL.NS
2005-11-29,48.349998474121094,48.54999923706055,47.25,47.79999923706055,36.698246002197266,444921.0,MRPL.NS
2005-11-30,47.79999923706055,49.849998474121094,47.75,47.95000076293945,36.81340789794922,1657113.0,MRPL.NS
2005-12-01,48.04999923706055,48.400001525878906,47.54999923706055,47.849998474121094,36.73663330078125,640558.0,MRPL.NS
2005-12-02,48.400001525878906,48.650001525878906,47.5,47.650001525878906,36.58308410644531,573567.0,MRPL.NS
2005-12-05,47.70000076293945,47.95000076293945,47.150001525878906,47.29999923706055,36.31437683105469,392725.0,MRPL.NS
2005-12-06,47.25,47.5,46.79999923706055,47.04999923706055,36.1224365234375,277914.0,MRPL.NS
2005-12-07,47.099998474121094,47.75,46.900001525878906,46.95000076293945,36.0456657409668,422056.0,MRPL.NS
2005-12-08,47.099998474121094,47.5,46.900001525878906,47.25,36.27598190307617,295949.0,MRPL.NS
2005-12-09,47.25,48.0,47.04999923706055,47.75,36.65986251831055,417481.0,MRPL.NS
2005-12-12,47.79999923706055,50.5,47.75,50.0,38.38728713989258,2465126.0,MRPL.NS
2005-12-13,50.599998474121094,51.400001525878906,50.099998474121094,50.400001525878906,38.69438934326172,3117054.0,MRPL.NS
2005-12-14,50.5,50.79999923706055,49.04999923706055,49.20000076293945,37.7730827331543,861354.0,MRPL.NS
2005-12-15,49.95000076293945,49.95000076293945,48.5,48.849998474121094,37.50437927246094,640180.0,MRPL.NS
2005-12-16,49.900001525878906,49.900001525878906,48.25,48.400001525878906,37.158897399902344,481396.0,MRPL.NS
2005-12-19,48.25,49.400001525878906,48.25,48.70000076293945,37.38921356201172,372761.0,MRPL.NS
2005-12-20,49.20000076293945,49.400001525878906,48.5,48.650001525878906,37.350826263427734,420273.0,MRPL.NS
2005-12-21,49.25,49.25,48.20000076293945,48.400001525878906,37.158897399902344,358257.0,MRPL.NS
2005-12-22,48.900001525878906,48.900001525878906,48.0,48.04999923706055,36.89018249511719,395548.0,MRPL.NS
2005-12-23,48.04999923706055,48.400001525878906,47.0,47.099998474121094,36.16082000732422,486582.0,MRPL.NS
2005-12-26,46.79999923706055,47.45000076293945,46.0,46.20000076293945,35.46985626220703,491197.0,MRPL.NS
2005-12-27,46.79999923706055,47.0,46.0,46.900001525878906,36.00727462768555,373094.0,MRPL.NS
2005-12-28,47.0,48.0,46.599998474121094,46.849998474121094,35.96888732910156,736027.0,MRPL.NS
2005-12-29,47.20000076293945,47.20000076293945,46.5,46.849998474121094,35.96888732910156,525421.0,MRPL.NS
2005-12-30,47.0,47.45000076293945,46.900001525878906,47.0,36.084049224853516,612318.0,MRPL.NS
2006-01-02,47.25,48.0,47.04999923706055,47.650001525878906,36.58308410644531,516294.0,MRPL.NS
2006-01-03,48.0,48.25,47.650001525878906,48.04999923706055,36.89018249511719,397213.0,MRPL.NS
2006-01-04,48.04999923706055,49.0,47.900001525878906,48.25,37.04373550415039,487004.0,MRPL.NS
2006-01-05,48.04999923706055,50.45000076293945,48.04999923706055,49.95000076293945,38.34889602661133,2332597.0,MRPL.NS
2006-01-06,50.0,51.349998474121094,49.400001525878906,50.0,38.38728713989258,2009763.0,MRPL.NS
2006-01-09,50.04999923706055,51.5,50.0,51.150001525878906,39.27019500732422,1830778.0,MRPL.NS
2006-01-10,51.150001525878906,51.400001525878906,49.650001525878906,49.849998474121094,38.27212905883789,1116281.0,MRPL.NS
2006-01-12,49.79999923706055,50.0,49.0,49.25,37.81147766113281,662617.0,MRPL.NS
2006-01-13,49.45000076293945,49.900001525878906,48.79999923706055,49.0,37.61954879760742,495012.0,MRPL.NS
2006-01-16,48.599998474121094,49.0,48.04999923706055,48.150001525878906,36.966957092285156,246290.0,MRPL.NS
2006-01-17,48.25,48.650001525878906,47.0,47.099998474121094,36.16082000732422,407985.0,MRPL.NS
2006-01-18,47.25,47.5,46.54999923706055,47.349998474121094,36.352760314941406,430718.0,MRPL.NS
2006-01-19,47.349998474121094,48.20000076293945,45.599998474121094,47.95000076293945,36.81340789794922,295639.0,MRPL.NS
2006-01-20,48.20000076293945,48.650001525878906,47.79999923706055,48.0,36.85179138183594,443023.0,MRPL.NS
2006-01-23,47.599998474121094,47.95000076293945,47.29999923706055,47.45000076293945,36.42953872680664,244578.0,MRPL.NS
2006-01-24,47.5,47.95000076293945,47.45000076293945,47.5,36.46792221069336,277564.0,MRPL.NS
2006-01-25,48.5,48.5,46.20000076293945,46.599998474121094,35.77695083618164,1131994.0,MRPL.NS
2006-01-27,47.400001525878906,47.900001525878906,46.79999923706055,47.75,36.65986251831055,735717.0,MRPL.NS
2006-01-30,48.400001525878906,49.0,46.099998474121094,46.400001525878906,35.62339782714844,983035.0,MRPL.NS
2006-01-31,46.099998474121094,46.20000076293945,45.099998474121094,45.29999923706055,34.77887725830078,938834.0,MRPL.NS
2006-02-01,45.29999923706055,45.79999923706055,43.650001525878906,44.0,33.78081130981445,946514.0,MRPL.NS
2006-02-02,44.5,44.70000076293945,43.45000076293945,43.70000076293945,33.55049514770508,708356.0,MRPL.NS
2006-02-03,44.5,44.5,43.25,43.5,33.396942138671875,859320.0,MRPL.NS
2006-02-06,43.5,44.25,43.20000076293945,43.29999923706055,33.24339294433594,479404.0,MRPL.NS
2006-02-07,43.400001525878906,44.0,43.0,43.25,33.20500564575195,616326.0,MRPL.NS
2006-02-08,43.20000076293945,43.70000076293945,42.54999923706055,42.75,32.82113265991211,669183.0,MRPL.NS
2006-02-10,42.79999923706055,43.400001525878906,42.79999923706055,42.95000076293945,32.97468185424805,574048.0,MRPL.NS
2006-02-13,43.25,43.79999923706055,43.150001525878906,43.349998474121094,33.28177261352539,582743.0,MRPL.NS
2006-02-14,43.29999923706055,43.95000076293945,43.20000076293945,43.349998474121094,33.28177261352539,503231.0,MRPL.NS
2006-02-15,43.70000076293945,45.75,43.70000076293945,44.79999923706055,34.3950080871582,1720520.0,MRPL.NS
2006-02-16,45.75,45.900001525878906,44.900001525878906,45.04999923706055,34.58694839477539,870501.0,MRPL.NS
2006-02-17,45.04999923706055,45.400001525878906,44.0,44.099998474121094,33.85758590698242,466198.0,MRPL.NS
2006-02-20,43.20000076293945,44.400001525878906,43.099998474121094,43.54999923706055,33.43532943725586,313401.0,MRPL.NS
2006-02-21,43.5,44.099998474121094,42.099998474121094,43.599998474121094,33.47370910644531,396722.0,MRPL.NS
2006-02-22,43.900001525878906,43.95000076293945,43.20000076293945,43.400001525878906,33.320167541503906,332443.0,MRPL.NS
2006-02-23,43.599998474121094,43.75,42.75,42.849998474121094,32.89790344238281,717065.0,MRPL.NS
2006-02-24,43.79999923706055,43.95000076293945,43.099998474121094,43.79999923706055,33.62726593017578,351187.0,MRPL.NS
2006-02-27,44.0,44.79999923706055,43.25,44.150001525878906,33.89597702026367,341962.0,MRPL.NS
2006-02-28,45.0,45.0,43.29999923706055,43.45000076293945,33.358551025390625,491882.0,MRPL.NS
2006-03-01,43.849998474121094,43.900001525878906,42.54999923706055,42.75,32.82113265991211,356903.0,MRPL.NS
2006-03-02,42.79999923706055,43.75,42.650001525878906,42.75,32.82113265991211,321664.0,MRPL.NS
2006-03-03,43.0,43.150001525878906,42.400001525878906,42.75,32.82113265991211,264645.0,MRPL.NS
2006-03-06,43.5,51.29999923706055,43.5,46.0,35.316307067871094,2862982.0,MRPL.NS
2006-03-07,46.29999923706055,46.45000076293945,45.099998474121094,45.349998474121094,34.817264556884766,883679.0,MRPL.NS
2006-03-08,45.70000076293945,45.70000076293945,43.900001525878906,44.04999923706055,33.81919860839844,422361.0,MRPL.NS
2006-03-09,44.25,44.650001525878906,43.04999923706055,43.45000076293945,33.358551025390625,452287.0,MRPL.NS
2006-03-10,43.099998474121094,44.400001525878906,43.099998474121094,43.599998474121094,33.47370910644531,244632.0,MRPL.NS
2006-03-13,44.25,45.349998474121094,43.54999923706055,44.75,34.356624603271484,968212.0,MRPL.NS
2006-03-14,45.349998474121094,45.5,43.70000076293945,43.849998474121094,33.6656494140625,403029.0,MRPL.NS
2006-03-16,43.79999923706055,44.25,43.29999923706055,43.349998474121094,33.28177261352539,336720.0,MRPL.NS
2006-03-17,43.900001525878906,43.900001525878906,42.900001525878906,43.0,33.0130729675293,330738.0,MRPL.NS
2006-03-20,43.75,43.95000076293945,43.0,43.150001525878906,33.128231048583984,554426.0,MRPL.NS
2006-03-21,43.650001525878906,43.650001525878906,42.79999923706055,42.95000076293945,32.97468185424805,425340.0,MRPL.NS
2006-03-22,42.70000076293945,43.20000076293945,42.5,42.650001525878906,32.744354248046875,371404.0,MRPL.NS
2006-03-23,43.0,43.0,42.5,42.599998474121094,32.705963134765625,319904.0,MRPL.NS
2006-03-24,43.0,43.0,42.400001525878906,42.45000076293945,32.5908088684082,687684.0,MRPL.NS
2006-03-27,42.70000076293945,43.20000076293945,42.099998474121094,42.25,32.437259674072266,734026.0,MRPL.NS
2006-03-28,42.95000076293945,42.95000076293945,41.900001525878906,42.0,32.245323181152344,603170.0,MRPL.NS
2006-03-29,41.75,42.349998474121094,41.75,42.0,32.245323181152344,319206.0,MRPL.NS
2006-03-30,42.20000076293945,42.5,41.54999923706055,42.099998474121094,32.32209777832031,796430.0,MRPL.NS
2006-03-31,43.29999923706055,43.29999923706055,42.04999923706055,42.45000076293945,32.5908088684082,442974.0,MRPL.NS
2006-04-03,42.400001525878906,43.599998474121094,42.400001525878906,43.400001525878906,33.320167541503906,505554.0,MRPL.NS
2006-04-04,43.400001525878906,48.75,43.400001525878906,48.150001525878906,36.966957092285156,5687888.0,MRPL.NS
2006-04-05,49.0,49.0,47.0,47.25,36.27598190307617,1908017.0,MRPL.NS
2006-04-07,47.70000076293945,48.20000076293945,44.54999923706055,45.29999923706055,34.77887725830078,1479959.0,MRPL.NS
2006-04-10,50.25,50.25,45.099998474121094,45.95000076293945,35.277915954589844,619811.0,MRPL.NS
2006-04-12,46.0,47.400001525878906,45.54999923706055,45.79999923706055,35.162757873535156,718191.0,MRPL.NS
2006-04-13,46.0,46.0,43.04999923706055,43.849998474121094,33.6656494140625,957848.0,MRPL.NS
2006-04-17,43.75,44.650001525878906,43.0,44.04999923706055,33.81919860839844,658235.0,MRPL.NS
2006-04-18,47.400001525878906,47.400001525878906,44.0,44.150001525878906,33.89597702026367,582136.0,MRPL.NS
2006-04-19,44.849998474121094,48.900001525878906,44.79999923706055,47.04999923706055,36.1224365234375,3904649.0,MRPL.NS
2006-04-20,47.75,49.400001525878906,46.20000076293945,48.099998474121094,36.92857360839844,3203983.0,MRPL.NS
2006-04-21,48.25,49.900001525878906,46.349998474121094,47.79999923706055,36.698246002197266,3116460.0,MRPL.NS
2006-04-24,48.45000076293945,48.79999923706055,46.849998474121094,48.20000076293945,37.005348205566406,1785010.0,MRPL.NS
2006-04-25,48.400001525878906,49.0,46.599998474121094,46.95000076293945,36.0456657409668,1287836.0,MRPL.NS
2006-04-26,47.45000076293945,48.150001525878906,46.25,47.150001525878906,36.1992073059082,1018309.0,MRPL.NS
2006-04-27,47.25,51.95000076293945,47.25,50.849998474121094,39.03986740112305,6194325.0,MRPL.NS
2006-04-28,50.0,54.150001525878906,41.5,52.75,40.49858856201172,7847201.0,MRPL.NS
2006-05-02,52.599998474121094,54.400001525878906,52.04999923706055,52.25,40.114715576171875,1905668.0,MRPL.NS
2006-05-03,52.95000076293945,54.75,51.75,53.900001525878906,41.38149642944336,3173071.0,MRPL.NS
2006-05-04,54.25,54.5,52.150001525878906,52.5,40.3066520690918,2081429.0,MRPL.NS
2006-05-05,52.650001525878906,53.45000076293945,51.849998474121094,52.20000076293945,40.07632827758789,1131892.0,MRPL.NS
2006-05-08,52.54999923706055,55.79999923706055,52.29999923706055,55.25,42.41794967651367,3622600.0,MRPL.NS
2006-05-09,55.5,57.150001525878906,53.79999923706055,56.54999923706055,43.416019439697266,5599379.0,MRPL.NS
2006-05-10,56.95000076293945,62.849998474121094,52.29999923706055,62.25,47.79217529296875,14228050.0,MRPL.NS
2006-05-11,64.0,64.4000015258789,56.25,56.95000076293945,43.723121643066406,6731256.0,MRPL.NS
2006-05-12,56.0,57.0,54.5,55.25,42.41794967651367,2800486.0,MRPL.NS
2006-05-15,55.20000076293945,55.25,50.150001525878906,50.54999923706055,38.80955123901367,2401580.0,MRPL.NS
2006-05-16,50.75,51.599998474121094,46.25,49.45000076293945,37.96502685546875,4082390.0,MRPL.NS
2006-05-17,50.0,54.0,50.0,53.70000076293945,41.227943420410156,2498967.0,MRPL.NS
2006-05-18,53.0,53.0,46.900001525878906,47.400001525878906,36.391151428222656,3613406.0,MRPL.NS
2006-05-19,49.0,50.45000076293945,44.0,44.599998474121094,34.241458892822266,3243273.0,MRPL.NS
2006-05-22,46.0,47.349998474121094,39.0,40.25,30.901765823364258,3470550.0,MRPL.NS
2006-05-23,40.900001525878906,44.349998474121094,38.5,44.04999923706055,33.81919860839844,2689615.0,MRPL.NS
2006-05-24,45.0,45.70000076293945,43.150001525878906,44.349998474121094,34.049522399902344,2796539.0,MRPL.NS
2006-05-25,44.099998474121094,44.75,42.0,44.20000076293945,33.93436050415039,2323320.0,MRPL.NS
2006-05-26,45.849998474121094,47.0,45.0,46.0,35.316307067871094,1396128.0,MRPL.NS
2006-05-29,46.5,46.849998474121094,45.099998474121094,45.400001525878906,34.85565948486328,1170914.0,MRPL.NS
2006-05-30,45.900001525878906,46.29999923706055,44.0,44.900001525878906,34.47178649902344,813462.0,MRPL.NS
2006-05-31,44.0,44.0,41.650001525878906,42.75,32.82113265991211,1381081.0,MRPL.NS
2006-06-01,43.099998474121094,44.0,40.900001525878906,41.20000076293945,31.631128311157227,909703.0,MRPL.NS
2006-06-02,41.20000076293945,41.900001525878906,39.599998474121094,41.5,31.861454010009766,1170236.0,MRPL.NS
2006-06-05,41.5,42.0,40.5,40.70000076293945,31.247249603271484,583220.0,MRPL.NS
2006-06-06,41.0,41.0,38.650001525878906,38.95000076293945,29.903690338134766,1098711.0,MRPL.NS
2006-06-07,38.70000076293945,39.70000076293945,35.5,35.849998474121094,27.523685455322266,1087564.0,MRPL.NS
2006-06-08,35.849998474121094,36.5,30.049999237060547,31.049999237060547,23.838504791259766,1826562.0,MRPL.NS
2006-06-09,30.899999618530273,34.25,30.75,33.849998474121094,25.988189697265625,1264026.0,MRPL.NS
2006-06-12,34.79999923706055,35.75,33.099998474121094,34.04999923706055,26.14174461364746,1261803.0,MRPL.NS
2006-06-13,34.20000076293945,34.20000076293945,32.0,32.29999923706055,24.798189163208008,795779.0,MRPL.NS
2006-06-14,33.0,34.0,31.200000762939453,32.150001525878906,24.683029174804688,846167.0,MRPL.NS
2006-06-15,33.5,34.5,32.599998474121094,33.79999923706055,25.949806213378906,760270.0,MRPL.NS
2006-06-16,34.79999923706055,35.75,34.099998474121094,34.54999923706055,26.525617599487305,1107446.0,MRPL.NS
2006-06-19,32.599998474121094,35.0,32.599998474121094,34.70000076293945,26.640775680541992,493591.0,MRPL.NS
2006-06-20,34.70000076293945,37.599998474121094,33.900001525878906,36.25,27.830787658691406,1273419.0,MRPL.NS
2006-06-21,36.5,38.900001525878906,36.0,36.75,28.21466064453125,788455.0,MRPL.NS
2006-06-22,37.900001525878906,38.29999923706055,37.20000076293945,37.400001525878906,28.71368980407715,848099.0,MRPL.NS
2006-06-23,36.54999923706055,37.95000076293945,36.20000076293945,37.29999923706055,28.636917114257812,526864.0,MRPL.NS
2006-06-26,38.599998474121094,38.599998474121094,35.5,36.20000076293945,27.792394638061523,558456.0,MRPL.NS
2006-06-27,36.0,36.79999923706055,35.04999923706055,35.70000076293945,27.408527374267578,522826.0,MRPL.NS
2006-06-28,35.04999923706055,35.599998474121094,34.20000076293945,35.20000076293945,27.024646759033203,460247.0,MRPL.NS
2006-06-29,36.099998474121094,36.400001525878906,34.54999923706055,35.20000076293945,27.024646759033203,1417438.0,MRPL.NS
2006-06-30,36.25,36.5,35.650001525878906,35.95000076293945,27.600460052490234,521983.0,MRPL.NS
2006-07-03,36.0,36.849998474121094,35.5,36.150001525878906,27.754009246826172,372591.0,MRPL.NS
2006-07-04,36.70000076293945,36.70000076293945,35.349998474121094,35.599998474121094,27.331745147705078,217301.0,MRPL.NS
2006-07-05,36.5,36.5,35.20000076293945,35.79999923706055,27.48529624938965,210689.0,MRPL.NS
2006-07-06,35.29999923706055,36.650001525878906,35.29999923706055,35.849998474121094,27.523685455322266,402491.0,MRPL.NS
2006-07-07,36.0,36.25,34.54999923706055,34.900001525878906,26.794326782226562,279716.0,MRPL.NS
2006-07-10,37.0,37.0,33.54999923706055,34.099998474121094,26.180130004882812,458123.0,MRPL.NS
2006-07-11,34.5,34.5,33.75,33.95000076293945,26.064966201782227,208620.0,MRPL.NS
2006-07-12,32.5,33.900001525878906,32.5,33.70000076293945,25.87303352355957,317648.0,MRPL.NS
2006-07-13,33.70000076293945,34.900001525878906,33.25,34.29999923706055,26.333677291870117,309062.0,MRPL.NS
2006-07-14,33.349998474121094,34.099998474121094,33.150001525878906,33.70000076293945,25.87303352355957,224548.0,MRPL.NS
2006-07-17,34.5,34.5,32.54999923706055,32.849998474121094,25.22044563293457,322486.0,MRPL.NS
2006-07-18,33.54999923706055,33.70000076293945,31.149999618530273,31.399999618530273,24.10721778869629,606956.0,MRPL.NS
2006-07-19,32.70000076293945,32.70000076293945,31.25,31.549999237060547,24.222379684448242,537686.0,MRPL.NS
2006-07-20,32.599998474121094,32.900001525878906,31.700000762939453,32.45000076293945,24.913349151611328,360205.0,MRPL.NS
2006-07-21,32.900001525878906,32.900001525878906,31.25,31.950000762939453,24.529478073120117,219798.0,MRPL.NS
2006-07-24,32.0,32.29999923706055,31.5,32.0,24.56786346435547,413824.0,MRPL.NS
2006-07-25,36.900001525878906,36.900001525878906,32.0,35.150001525878906,26.986265182495117,977366.0,MRPL.NS
2006-07-26,35.599998474121094,36.150001525878906,34.099998474121094,35.20000076293945,27.024646759033203,1352465.0,MRPL.NS
2006-07-27,35.5,35.900001525878906,34.79999923706055,35.349998474121094,27.139814376831055,1228846.0,MRPL.NS
2006-07-28,34.099998474121094,35.400001525878906,34.0,34.900001525878906,26.794326782226562,288035.0,MRPL.NS
2006-07-31,38.0,38.0,34.900001525878906,35.099998474121094,26.947877883911133,258685.0,MRPL.NS
2006-08-01,34.95000076293945,35.099998474121094,34.25,34.5,26.487226486206055,242366.0,MRPL.NS
2006-08-02,34.0,36.5,34.0,35.95000076293945,27.600460052490234,1030867.0,MRPL.NS
2006-08-03,36.349998474121094,36.79999923706055,35.400001525878906,35.650001525878906,27.370136260986328,493451.0,MRPL.NS
2006-08-04,35.79999923706055,36.650001525878906,35.20000076293945,35.75,27.44690704345703,510893.0,MRPL.NS
2006-08-07,35.099998474121094,36.099998474121094,35.099998474121094,35.349998474121094,27.139814376831055,251815.0,MRPL.NS
2006-08-08,36.70000076293945,36.70000076293945,35.099998474121094,35.20000076293945,27.024646759033203,458839.0,MRPL.NS
2006-08-09,35.5,36.099998474121094,35.29999923706055,35.54999923706055,27.293363571166992,313385.0,MRPL.NS
2006-08-10,35.54999923706055,36.25,35.400001525878906,35.75,27.44690704345703,284171.0,MRPL.NS
2006-08-11,35.79999923706055,37.5,35.650001525878906,36.5,28.022722244262695,839476.0,MRPL.NS
2006-08-14,36.79999923706055,39.29999923706055,36.79999923706055,38.70000076293945,29.71175765991211,1515350.0,MRPL.NS
2006-08-16,39.400001525878906,40.5,38.0,39.29999923706055,30.72821617126465,1911518.0,MRPL.NS
2006-08-17,39.599998474121094,40.5,38.25,38.54999923706055,30.141803741455078,871995.0,MRPL.NS
2006-08-18,38.95000076293945,41.150001525878906,38.0,40.70000076293945,31.82285499572754,2277456.0,MRPL.NS
2006-08-21,41.0,41.25,39.25,40.04999923706055,31.314634323120117,1123536.0,MRPL.NS
2006-08-22,40.099998474121094,40.900001525878906,39.150001525878906,39.5,30.88458824157715,631161.0,MRPL.NS
2006-08-23,39.599998474121094,40.400001525878906,39.0,39.650001525878906,31.001876831054688,949895.0,MRPL.NS
2006-08-24,39.900001525878906,40.349998474121094,39.099998474121094,40.04999923706055,31.314634323120117,715490.0,MRPL.NS
2006-08-25,40.5,42.150001525878906,39.70000076293945,41.650001525878906,32.56565856933594,2705705.0,MRPL.NS
2006-08-28,41.5,45.0,41.0,41.79999923706055,32.68293380737305,1389882.0,MRPL.NS
2006-08-29,42.5,42.900001525878906,42.0,42.349998474121094,33.112972259521484,1222369.0,MRPL.NS
2006-08-30,42.599998474121094,42.650001525878906,41.79999923706055,42.25,33.034786224365234,669046.0,MRPL.NS
2006-08-31,42.25,42.650001525878906,41.45000076293945,41.599998474121094,32.52655792236328,479498.0,MRPL.NS
2006-09-01,41.849998474121094,42.45000076293945,41.150001525878906,42.099998474121094,32.91750717163086,622000.0,MRPL.NS
2006-09-04,42.650001525878906,43.400001525878906,42.29999923706055,42.79999923706055,33.46482467651367,1130187.0,MRPL.NS
2006-09-05,43.099998474121094,43.29999923706055,42.70000076293945,42.849998474121094,33.5039176940918,781923.0,MRPL.NS
2006-09-06,42.79999923706055,44.400001525878906,42.79999923706055,43.75,34.207618713378906,1438219.0,MRPL.NS
2006-09-07,43.099998474121094,44.0,42.849998474121094,43.04999923706055,33.66029357910156,628047.0,MRPL.NS
2006-09-08,43.099998474121094,44.95000076293945,43.04999923706055,44.150001525878906,34.52037811279297,1646133.0,MRPL.NS
2006-09-11,44.75,44.75,41.29999923706055,41.79999923706055,32.68293380737305,916322.0,MRPL.NS
2006-09-12,41.900001525878906,42.349998474121094,40.29999923706055,41.70000076293945,32.60475158691406,640719.0,MRPL.NS
2006-09-13,42.0,45.650001525878906,42.0,45.04999923706055,35.22407531738281,2558446.0,MRPL.NS
2006-09-14,45.900001525878906,46.150001525878906,44.150001525878906,44.349998474121094,34.67675018310547,1222465.0,MRPL.NS
2006-09-15,43.0,45.45000076293945,43.0,44.20000076293945,34.55946731567383,663496.0,MRPL.NS
2006-09-18,44.75,44.95000076293945,43.70000076293945,43.900001525878906,34.32490158081055,502649.0,MRPL.NS
2006-09-19,43.95000076293945,44.349998474121094,42.45000076293945,42.650001525878906,33.3475456237793,849907.0,MRPL.NS
2006-09-20,42.5,43.650001525878906,41.54999923706055,43.20000076293945,33.777584075927734,562036.0,MRPL.NS
2006-09-21,43.54999923706055,44.29999923706055,43.04999923706055,43.29999923706055,33.85577392578125,620109.0,MRPL.NS
2006-09-22,43.45000076293945,43.45000076293945,41.79999923706055,41.900001525878906,32.76112747192383,1539817.0,MRPL.NS
2006-09-25,42.849998474121094,42.849998474121094,41.5,41.599998474121094,32.52655792236328,883011.0,MRPL.NS
2006-09-26,41.900001525878906,42.25,41.70000076293945,41.900001525878906,32.76112747192383,494404.0,MRPL.NS
2006-09-27,41.900001525878906,42.5,41.599998474121094,41.70000076293945,32.60475158691406,341140.0,MRPL.NS
2006-09-28,41.79999923706055,42.599998474121094,41.349998474121094,42.349998474121094,33.112972259521484,639468.0,MRPL.NS
2006-09-29,42.5,43.20000076293945,42.099998474121094,42.599998474121094,33.308441162109375,609662.0,MRPL.NS
2006-10-03,42.95000076293945,43.150001525878906,42.400001525878906,42.54999923706055,33.26935577392578,418414.0,MRPL.NS
2006-10-04,42.75,44.150001525878906,42.70000076293945,43.099998474121094,33.69939041137695,1138078.0,MRPL.NS
2006-10-05,43.900001525878906,43.900001525878906,43.20000076293945,43.25,33.816673278808594,487649.0,MRPL.NS
2006-10-06,43.5,45.349998474121094,43.0,44.900001525878906,35.10679626464844,2426952.0,MRPL.NS
2006-10-09,44.0,44.599998474121094,43.70000076293945,43.95000076293945,34.36399841308594,631434.0,MRPL.NS
2006-10-10,44.099998474121094,44.70000076293945,43.54999923706055,43.70000076293945,34.16852951049805,338525.0,MRPL.NS
2006-10-11,44.0,44.45000076293945,42.599998474121094,42.849998474121094,33.5039176940918,472893.0,MRPL.NS
2006-10-12,43.5,43.900001525878906,42.599998474121094,43.650001525878906,34.129432678222656,411178.0,MRPL.NS
2006-10-13,44.20000076293945,44.849998474121094,43.099998474121094,43.400001525878906,33.9339599609375,753325.0,MRPL.NS
2006-10-16,43.849998474121094,43.849998474121094,42.75,43.099998474121094,33.69939041137695,646765.0,MRPL.NS
2006-10-17,43.45000076293945,43.45000076293945,42.5,42.599998474121094,33.308441162109375,322421.0,MRPL.NS
2006-10-18,42.599998474121094,43.0,42.5,42.54999923706055,33.26935577392578,418138.0,MRPL.NS
2006-10-19,42.79999923706055,43.599998474121094,41.95000076293945,42.099998474121094,32.91750717163086,828192.0,MRPL.NS
2006-10-20,42.20000076293945,42.95000076293945,42.099998474121094,42.20000076293945,32.99569320678711,544657.0,MRPL.NS
2006-10-23,43.04999923706055,43.04999923706055,42.349998474121094,42.54999923706055,33.26935577392578,234314.0,MRPL.NS
2006-10-26,42.54999923706055,42.900001525878906,42.099998474121094,42.150001525878906,32.95659255981445,396130.0,MRPL.NS
2006-10-27,42.5,43.400001525878906,42.29999923706055,43.0,33.62120819091797,569739.0,MRPL.NS
2006-10-30,42.5,43.45000076293945,42.04999923706055,42.79999923706055,33.46482467651367,400703.0,MRPL.NS
2006-10-31,42.25,42.25,40.04999923706055,41.099998474121094,32.13561248779297,688553.0,MRPL.NS
2006-11-01,41.04999923706055,41.599998474121094,40.54999923706055,40.900001525878906,31.979236602783203,386911.0,MRPL.NS
2006-11-02,40.75,41.29999923706055,40.5,40.849998474121094,31.940141677856445,272915.0,MRPL.NS
2006-11-03,41.0,41.25,40.29999923706055,40.54999923706055,31.705570220947266,361165.0,MRPL.NS
2006-11-06,40.849998474121094,41.599998474121094,40.5,40.79999923706055,31.90104866027832,445708.0,MRPL.NS
2006-11-07,41.0,41.5,40.150001525878906,40.29999923706055,31.510099411010742,342527.0,MRPL.NS
2006-11-08,40.400001525878906,40.599998474121094,38.5,39.29999923706055,30.72821617126465,509490.0,MRPL.NS
2006-11-09,39.5,40.150001525878906,39.25,39.45000076293945,30.845500946044922,385223.0,MRPL.NS
2006-11-10,39.5,40.29999923706055,39.5,39.70000076293945,31.04097557067871,302693.0,MRPL.NS
2006-11-13,40.400001525878906,41.400001525878906,39.650001525878906,39.75,31.08006477355957,298171.0,MRPL.NS
2006-11-14,40.0,40.150001525878906,39.54999923706055,39.79999923706055,31.11916732788086,353259.0,MRPL.NS
2006-11-15,39.599998474121094,40.650001525878906,39.5,39.95000076293945,31.2364444732666,388654.0,MRPL.NS
2006-11-16,40.0,42.75,39.79999923706055,42.0,32.83931350708008,1857336.0,MRPL.NS
2006-11-17,42.900001525878906,43.5,41.5,41.79999923706055,32.68293380737305,3166082.0,MRPL.NS
2006-11-20,41.599998474121094,42.0,41.0,41.5,32.44837188720703,850798.0,MRPL.NS
2006-11-21,41.5,42.5,41.20000076293945,41.79999923706055,32.68293380737305,628896.0,MRPL.NS
2006-11-22,42.0,42.0,41.0,41.04999923706055,32.09651565551758,286370.0,MRPL.NS
2006-11-23,41.150001525878906,41.5,40.5,40.650001525878906,31.783763885498047,652520.0,MRPL.NS
2006-11-24,40.25,41.79999923706055,40.25,41.29999923706055,32.291996002197266,780835.0,MRPL.NS
2006-11-27,41.20000076293945,42.0,40.95000076293945,41.650001525878906,32.56565856933594,697792.0,MRPL.NS
2006-11-28,41.45000076293945,42.0,40.5,41.75,32.64384841918945,992088.0,MRPL.NS
2006-11-29,41.75,43.0,41.5,42.20000076293945,32.99569320678711,1707668.0,MRPL.NS
2006-11-30,42.5,42.900001525878906,39.79999923706055,40.29999923706055,31.510099411010742,856604.0,MRPL.NS
2006-12-01,41.349998474121094,42.099998474121094,40.5,41.650001525878906,32.56565856933594,1204431.0,MRPL.NS
2006-12-04,43.0,43.0,41.400001525878906,41.54999923706055,32.48746109008789,415938.0,MRPL.NS
2006-12-05,41.599998474121094,43.099998474121094,41.04999923706055,42.650001525878906,33.3475456237793,1557312.0,MRPL.NS
2006-12-06,42.650001525878906,43.5,41.5,42.150001525878906,32.95659255981445,582996.0,MRPL.NS
2006-12-07,41.79999923706055,43.150001525878906,41.599998474121094,42.650001525878906,33.3475456237793,1485974.0,MRPL.NS
2006-12-08,42.5,42.79999923706055,41.5,41.849998474121094,32.72203063964844,350190.0,MRPL.NS
2006-12-11,42.29999923706055,42.29999923706055,39.70000076293945,40.0,31.27553939819336,406065.0,MRPL.NS
2006-12-12,40.400001525878906,40.45000076293945,36.25,37.349998474121094,29.203529357910156,473515.0,MRPL.NS
2006-12-13,38.150001525878906,38.650001525878906,36.5,38.20000076293945,29.868139266967773,618708.0,MRPL.NS
2006-12-14,39.0,40.20000076293945,38.400001525878906,39.95000076293945,31.2364444732666,804378.0,MRPL.NS
2006-12-15,39.0,40.75,39.0,39.79999923706055,31.11916732788086,257018.0,MRPL.NS
2006-12-18,39.0,40.79999923706055,39.0,40.20000076293945,31.431915283203125,556108.0,MRPL.NS
2006-12-19,40.04999923706055,40.400001525878906,39.54999923706055,39.75,31.08006477355957,207382.0,MRPL.NS
2006-12-20,39.0,40.20000076293945,39.0,39.70000076293945,31.04097557067871,189393.0,MRPL.NS
2006-12-21,39.0,39.95000076293945,39.0,39.400001525878906,30.8064022064209,170351.0,MRPL.NS
2006-12-22,41.0,41.0,39.0,39.45000076293945,30.845500946044922,133364.0,MRPL.NS
2006-12-26,40.0,40.20000076293945,39.150001525878906,39.900001525878906,31.197349548339844,342438.0,MRPL.NS
2006-12-27,40.20000076293945,40.349998474121094,39.900001525878906,40.04999923706055,31.314634323120117,384912.0,MRPL.NS
2006-12-28,40.20000076293945,41.0,39.5,40.349998474121094,31.5491943359375,776460.0,MRPL.NS
2006-12-29,41.400001525878906,41.400001525878906,40.099998474121094,40.79999923706055,31.90104866027832,611236.0,MRPL.NS
2007-01-02,40.0,41.099998474121094,40.0,40.5,31.666486740112305,139912.0,MRPL.NS
2007-01-03,40.0,40.75,40.0,40.150001525878906,31.392824172973633,226515.0,MRPL.NS
2007-01-04,41.0,42.0,40.29999923706055,40.849998474121094,31.940141677856445,301404.0,MRPL.NS
2007-01-05,40.0,41.79999923706055,40.0,41.150001525878906,32.17470932006836,383863.0,MRPL.NS
2007-01-08,42.0,42.0,40.650001525878906,40.79999923706055,31.90104866027832,197098.0,MRPL.NS
2007-01-09,41.099998474121094,41.45000076293945,40.25,40.349998474121094,31.5491943359375,141054.0,MRPL.NS
2007-01-10,40.099998474121094,40.45000076293945,39.54999923706055,39.70000076293945,31.04097557067871,153574.0,MRPL.NS
2007-01-11,40.0,40.45000076293945,39.70000076293945,40.150001525878906,31.392824172973633,149192.0,MRPL.NS
2007-01-12,40.0,42.150001525878906,40.0,41.54999923706055,32.48746109008789,603527.0,MRPL.NS
2007-01-15,41.0,43.70000076293945,41.0,43.349998474121094,33.894859313964844,1297960.0,MRPL.NS
2007-01-16,43.0,45.5,43.0,44.849998474121094,35.06769943237305,1780358.0,MRPL.NS
2007-01-17,45.599998474121094,47.79999923706055,45.0,46.900001525878906,36.670570373535156,2740714.0,MRPL.NS
2007-01-18,47.0,48.5,46.0,46.70000076293945,36.51419448852539,1922496.0,MRPL.NS
2007-01-19,47.0,47.900001525878906,46.0,46.29999923706055,36.20143127441406,845098.0,MRPL.NS
2007-01-22,46.5,46.70000076293945,45.04999923706055,45.20000076293945,35.34135437011719,471208.0,MRPL.NS
2007-01-23,44.25,45.70000076293945,44.25,44.5,34.79404067993164,384033.0,MRPL.NS
2007-01-24,45.599998474121094,46.900001525878906,45.150001525878906,45.400001525878906,35.497737884521484,887150.0,MRPL.NS
2007-01-25,47.0,47.0,45.099998474121094,46.150001525878906,36.08415603637695,1822600.0,MRPL.NS
2007-01-29,46.0,46.900001525878906,45.95000076293945,46.150001525878906,36.08415603637695,859734.0,MRPL.NS
2007-01-31,46.5,46.5,44.54999923706055,44.599998474121094,34.872222900390625,515580.0,MRPL.NS
2007-02-01,45.0,45.0,43.599998474121094,44.25,34.59856033325195,380417.0,MRPL.NS
2007-02-02,43.599998474121094,44.95000076293945,41.29999923706055,44.20000076293945,34.55946731567383,272091.0,MRPL.NS
2007-02-05,44.29999923706055,44.70000076293945,43.400001525878906,43.599998474121094,34.09033203125,188595.0,MRPL.NS
2007-02-06,44.0,44.0,43.099998474121094,43.400001525878906,33.9339599609375,235255.0,MRPL.NS
2007-02-07,43.20000076293945,44.25,42.79999923706055,43.349998474121094,33.894859313964844,259698.0,MRPL.NS
2007-02-08,44.0,44.0,42.400001525878906,42.54999923706055,33.26935577392578,287998.0,MRPL.NS
2007-02-09,42.900001525878906,43.0,41.099998474121094,41.70000076293945,32.60475158691406,373387.0,MRPL.NS
2007-02-12,42.0,42.0,39.25,39.599998474121094,30.96278190612793,482617.0,MRPL.NS
2007-02-13,39.599998474121094,40.54999923706055,38.45000076293945,39.29999923706055,30.72821617126465,381563.0,MRPL.NS
2007-02-14,38.0,39.79999923706055,38.0,39.54999923706055,30.923683166503906,310097.0,MRPL.NS
2007-02-15,39.0,40.79999923706055,39.0,40.599998474121094,31.744672775268555,266380.0,MRPL.NS
2007-02-19,40.0,40.95000076293945,40.0,40.5,31.666486740112305,179135.0,MRPL.NS
2007-02-20,40.599998474121094,40.599998474121094,39.900001525878906,40.04999923706055,31.314634323120117,129191.0,MRPL.NS
2007-02-21,40.0,40.349998474121094,39.45000076293945,39.70000076293945,31.04097557067871,555811.0,MRPL.NS
2007-02-22,40.0,40.0,37.150001525878906,37.79999923706055,29.55537986755371,1545141.0,MRPL.NS
2007-02-23,37.79999923706055,38.400001525878906,37.150001525878906,37.45000076293945,29.281719207763672,440648.0,MRPL.NS
2007-02-26,38.29999923706055,38.29999923706055,36.900001525878906,37.75,29.516294479370117,274992.0,MRPL.NS
2007-02-27,37.75,38.25,37.5,37.79999923706055,29.55537986755371,253157.0,MRPL.NS
2007-02-28,38.0,38.0,33.0,36.650001525878906,28.656206130981445,481938.0,MRPL.NS
2007-03-01,37.25,37.5,36.45000076293945,37.150001525878906,29.047157287597656,304890.0,MRPL.NS
2007-03-02,36.5,37.75,36.5,36.75,28.734403610229492,209999.0,MRPL.NS
2007-03-05,36.5,36.5,33.20000076293945,33.95000076293945,26.54511260986328,535354.0,MRPL.NS
2007-03-06,34.95000076293945,35.900001525878906,33.900001525878906,34.75,27.170625686645508,360221.0,MRPL.NS
2007-03-07,34.5,35.5,33.45000076293945,33.54999923706055,26.232358932495117,419654.0,MRPL.NS
2007-03-08,34.20000076293945,35.0,33.0,34.599998474121094,27.053340911865234,311650.0,MRPL.NS
2007-03-09,34.75,35.29999923706055,34.400001525878906,34.54999923706055,27.01424789428711,252766.0,MRPL.NS
2007-03-12,35.0,35.25,34.099998474121094,35.0,27.36609649658203,259905.0,MRPL.NS
2007-03-13,34.0,35.25,34.0,35.099998474121094,27.444286346435547,147057.0,MRPL.NS
2007-03-14,34.099998474121094,34.599998474121094,33.54999923706055,33.70000076293945,26.349639892578125,290499.0,MRPL.NS
2007-03-15,35.0,35.0,33.849998474121094,34.0,26.58420753479004,137371.0,MRPL.NS
2007-03-16,34.0,34.400001525878906,33.25,33.79999923706055,26.427827835083008,153055.0,MRPL.NS
2007-03-19,33.79999923706055,34.25,33.54999923706055,33.95000076293945,26.54511260986328,148680.0,MRPL.NS
2007-03-20,34.349998474121094,34.45000076293945,34.0,34.25,26.779682159423828,154465.0,MRPL.NS
2007-03-21,34.25,34.349998474121094,34.0,34.25,26.779682159423828,143162.0,MRPL.NS
2007-03-22,34.599998474121094,34.95000076293945,34.400001525878906,34.75,27.170625686645508,232329.0,MRPL.NS
2007-03-23,34.0,34.900001525878906,34.0,34.54999923706055,27.01424789428711,145842.0,MRPL.NS
2007-03-26,34.04999923706055,34.70000076293945,34.04999923706055,34.349998474121094,26.857864379882812,223567.0,MRPL.NS
2007-03-28,34.400001525878906,34.45000076293945,33.599998474121094,33.95000076293945,26.54511260986328,201023.0,MRPL.NS
2007-03-29,33.95000076293945,34.29999923706055,32.70000076293945,33.349998474121094,26.075979232788086,2323779.0,MRPL.NS
2007-03-30,33.099998474121094,34.0,33.099998474121094,33.849998474121094,26.466920852661133,287761.0,MRPL.NS
2007-04-02,32.75,33.849998474121094,32.5,33.349998474121094,26.075979232788086,175875.0,MRPL.NS
2007-04-03,33.5,33.95000076293945,33.25,33.599998474121094,26.271448135375977,119848.0,MRPL.NS
2007-04-04,33.70000076293945,33.900001525878906,33.0,33.20000076293945,25.958696365356445,178626.0,MRPL.NS
2007-04-05,33.79999923706055,33.79999923706055,33.0,33.5,26.193260192871094,141979.0,MRPL.NS
2007-04-09,33.5,34.25,33.349998474121094,34.04999923706055,26.623302459716797,375290.0,MRPL.NS
2007-04-10,34.0,35.349998474121094,34.0,35.04999923706055,27.40518569946289,258023.0,MRPL.NS
2007-04-11,35.349998474121094,36.5,35.150001525878906,35.599998474121094,27.835224151611328,569663.0,MRPL.NS
2007-04-12,35.0,35.70000076293945,35.0,35.349998474121094,27.639759063720703,162651.0,MRPL.NS
2007-04-13,35.45000076293945,35.70000076293945,35.099998474121094,35.29999923706055,27.600658416748047,171772.0,MRPL.NS
2007-04-16,35.900001525878906,37.400001525878906,35.349998474121094,36.95000076293945,28.890783309936523,1393392.0,MRPL.NS
2007-04-17,37.25,37.29999923706055,36.25,36.599998474121094,28.617115020751953,546679.0,MRPL.NS
2007-04-18,36.75,37.650001525878906,36.599998474121094,36.849998474121094,28.812593460083008,682286.0,MRPL.NS
2007-04-19,36.400001525878906,37.150001525878906,36.04999923706055,36.5,28.538928985595703,399883.0,MRPL.NS
2007-04-20,38.099998474121094,38.099998474121094,36.0,36.599998474121094,28.617115020751953,389247.0,MRPL.NS
2007-04-23,37.0,37.0,36.45000076293945,36.5,28.538928985595703,169447.0,MRPL.NS
2007-04-24,36.75,37.25,36.75,36.900001525878906,28.8516788482666,473430.0,MRPL.NS
2007-04-25,36.04999923706055,38.0,36.04999923706055,37.650001525878906,29.4381046295166,1059605.0,MRPL.NS
2007-04-26,37.75,39.349998474121094,37.75,39.099998474121094,30.57183265686035,1561640.0,MRPL.NS
2007-04-27,39.95000076293945,41.099998474121094,38.5,39.70000076293945,31.04097557067871,1555312.0,MRPL.NS
2007-04-30,39.0,41.20000076293945,38.5,40.5,31.666486740112305,1124613.0,MRPL.NS
2007-05-03,41.0,41.400001525878906,40.650001525878906,40.900001525878906,31.979236602783203,545152.0,MRPL.NS
2007-05-04,40.70000076293945,41.25,40.04999923706055,40.29999923706055,31.510099411010742,338240.0,MRPL.NS
2007-05-07,40.29999923706055,41.04999923706055,39.400001525878906,40.5,31.666486740112305,529605.0,MRPL.NS
2007-05-08,40.0,42.349998474121094,40.0,40.95000076293945,32.01833724975586,1389479.0,MRPL.NS
2007-05-09,41.25,41.95000076293945,40.54999923706055,41.54999923706055,32.48746109008789,956686.0,MRPL.NS
2007-05-10,41.54999923706055,42.349998474121094,40.900001525878906,41.150001525878906,32.17470932006836,669119.0,MRPL.NS
2007-05-11,41.0,42.150001525878906,40.29999923706055,41.599998474121094,32.52655792236328,603217.0,MRPL.NS
2007-05-14,42.0,44.79999923706055,42.0,44.29999923706055,34.637657165527344,2566623.0,MRPL.NS
2007-05-15,44.5,45.70000076293945,44.349998474121094,44.650001525878906,34.91131591796875,1708123.0,MRPL.NS
2007-05-16,44.95000076293945,45.0,43.400001525878906,43.900001525878906,34.32490158081055,976402.0,MRPL.NS
2007-05-17,43.599998474121094,44.45000076293945,43.25,43.5,34.01214599609375,618940.0,MRPL.NS
2007-05-18,42.0,44.349998474121094,42.0,43.0,33.62120819091797,724674.0,MRPL.NS
2007-05-21,42.04999923706055,45.54999923706055,42.04999923706055,44.900001525878906,35.10679626464844,2261506.0,MRPL.NS
2007-05-22,44.900001525878906,45.400001525878906,43.79999923706055,44.150001525878906,34.52037811279297,701263.0,MRPL.NS
2007-05-23,44.45000076293945,45.0,42.79999923706055,43.20000076293945,33.777584075927734,1025559.0,MRPL.NS
2007-05-24,42.20000076293945,43.70000076293945,42.20000076293945,43.0,33.62120819091797,569638.0,MRPL.NS
2007-05-25,42.5,43.5,40.5,43.20000076293945,33.777584075927734,412615.0,MRPL.NS
2007-05-28,43.900001525878906,43.900001525878906,43.0,43.150001525878906,33.738487243652344,324910.0,MRPL.NS
2007-05-29,44.0,44.0,42.5,42.79999923706055,33.46482467651367,432171.0,MRPL.NS
2007-05-30,42.400001525878906,43.400001525878906,41.79999923706055,42.150001525878906,32.95659255981445,359861.0,MRPL.NS
2007-05-31,42.400001525878906,42.650001525878906,41.0,41.20000076293945,32.21380615234375,908386.0,MRPL.NS
2007-06-01,42.0,42.29999923706055,41.400001525878906,41.54999923706055,32.48746109008789,373683.0,MRPL.NS
2007-06-04,42.5,42.54999923706055,40.25,40.5,31.666486740112305,418741.0,MRPL.NS
2007-06-05,40.849998474121094,42.29999923706055,40.349998474121094,41.95000076293945,32.80021286010742,487357.0,MRPL.NS
2007-06-06,42.5,42.5,40.20000076293945,40.349998474121094,31.5491943359375,252289.0,MRPL.NS
2007-06-07,40.349998474121094,40.849998474121094,39.79999923706055,39.95000076293945,31.2364444732666,354725.0,MRPL.NS
2007-06-08,39.29999923706055,40.0,37.650001525878906,38.95000076293945,30.45454978942871,414298.0,MRPL.NS
2007-06-11,39.900001525878906,39.900001525878906,38.79999923706055,39.0,30.493648529052734,217058.0,MRPL.NS
2007-06-12,39.0,39.20000076293945,37.75,38.25,29.907228469848633,237922.0,MRPL.NS
2007-06-13,38.29999923706055,39.04999923706055,38.0,38.25,29.907228469848633,316085.0,MRPL.NS
2007-06-14,38.29999923706055,38.79999923706055,38.29999923706055,38.45000076293945,30.063613891601562,189634.0,MRPL.NS
2007-06-15,38.599998474121094,38.79999923706055,38.25,38.349998474121094,29.985422134399414,180142.0,MRPL.NS
2007-06-18,38.79999923706055,39.150001525878906,38.25,38.400001525878906,30.024518966674805,344647.0,MRPL.NS
2007-06-19,38.79999923706055,40.75,38.400001525878906,40.5,31.666486740112305,1927313.0,MRPL.NS
2007-06-20,40.900001525878906,41.650001525878906,39.5,41.29999923706055,32.291996002197266,1544554.0,MRPL.NS
2007-06-21,41.45000076293945,42.599998474121094,40.599998474121094,42.20000076293945,32.99569320678711,1366747.0,MRPL.NS
2007-06-22,42.45000076293945,42.45000076293945,41.0,41.150001525878906,32.17470932006836,350827.0,MRPL.NS
2007-06-25,41.25,41.900001525878906,40.70000076293945,41.5,32.44837188720703,781889.0,MRPL.NS
2007-06-26,41.599998474121094,41.70000076293945,41.0,41.5,32.44837188720703,372676.0,MRPL.NS
2007-06-27,41.599998474121094,41.599998474121094,40.54999923706055,40.650001525878906,31.783763885498047,297399.0,MRPL.NS
2007-06-28,40.900001525878906,41.0,39.099998474121094,39.79999923706055,31.11916732788086,1380148.0,MRPL.NS
2007-06-29,40.70000076293945,41.04999923706055,39.54999923706055,40.349998474121094,31.5491943359375,503720.0,MRPL.NS
2007-07-02,40.349998474121094,41.95000076293945,40.25,41.29999923706055,32.291996002197266,636136.0,MRPL.NS
2007-07-03,41.75,41.900001525878906,41.20000076293945,41.400001525878906,32.37018585205078,363464.0,MRPL.NS
2007-07-04,41.5,41.95000076293945,40.849998474121094,41.45000076293945,32.40927505493164,487598.0,MRPL.NS
2007-07-05,41.79999923706055,41.79999923706055,40.349998474121094,40.70000076293945,31.82285499572754,222621.0,MRPL.NS
2007-07-06,41.0,42.900001525878906,40.849998474121094,41.5,32.44837188720703,1321459.0,MRPL.NS
2007-07-09,41.79999923706055,42.70000076293945,41.650001525878906,41.75,32.64384841918945,677819.0,MRPL.NS
2007-07-10,42.0,42.20000076293945,41.25,41.400001525878906,32.37018585205078,353686.0,MRPL.NS
2007-07-11,41.04999923706055,42.400001525878906,40.79999923706055,41.79999923706055,32.68293380737305,471747.0,MRPL.NS
2007-07-12,43.0,43.0,41.79999923706055,42.150001525878906,32.95659255981445,753026.0,MRPL.NS
2007-07-13,42.75,42.95000076293945,41.75,41.849998474121094,32.72203063964844,623575.0,MRPL.NS
2007-07-16,42.5,42.70000076293945,41.900001525878906,42.349998474121094,33.112972259521484,1139950.0,MRPL.NS
2007-07-17,42.400001525878906,42.400001525878906,40.599998474121094,41.0,32.05742263793945,798188.0,MRPL.NS
2007-07-18,41.400001525878906,41.5,40.650001525878906,41.150001525878906,32.17470932006836,391407.0,MRPL.NS
2007-07-19,41.45000076293945,42.20000076293945,41.25,41.849998474121094,32.72203063964844,428157.0,MRPL.NS
2007-07-20,42.20000076293945,45.900001525878906,42.20000076293945,45.25,35.38045120239258,7780176.0,MRPL.NS
2007-07-23,45.5,48.150001525878906,45.099998474121094,46.5,36.357818603515625,7948607.0,MRPL.NS
2007-07-24,46.20000076293945,47.20000076293945,44.5,44.79999923706055,35.02859878540039,2528847.0,MRPL.NS
2007-07-25,44.5,44.79999923706055,43.25,44.349998474121094,34.67675018310547,1019672.0,MRPL.NS
2007-07-26,44.849998474121094,45.849998474121094,44.349998474121094,45.0,35.18497848510742,1426734.0,MRPL.NS
2007-07-27,43.20000076293945,44.45000076293945,43.04999923706055,43.400001525878906,33.9339599609375,887100.0,MRPL.NS
2007-07-30,43.75,43.75,42.79999923706055,43.150001525878906,33.738487243652344,403999.0,MRPL.NS
2007-07-31,43.75,45.29999923706055,43.349998474121094,44.349998474121094,34.67675018310547,1085708.0,MRPL.NS
2007-08-01,43.0,43.400001525878906,41.0,41.099998474121094,32.72593307495117,681384.0,MRPL.NS
2007-08-02,42.0,42.849998474121094,41.20000076293945,41.650001525878906,33.16387939453125,462880.0,MRPL.NS
2007-08-03,42.150001525878906,42.900001525878906,41.75,41.849998474121094,33.3231315612793,277113.0,MRPL.NS
2007-08-06,42.0,42.0,40.099998474121094,41.349998474121094,32.92499923706055,246830.0,MRPL.NS
2007-08-07,41.5,42.5,41.5,41.75,33.24350357055664,258861.0,MRPL.NS
2007-08-08,42.25,43.25,42.0,42.75,34.03974914550781,522812.0,MRPL.NS
2007-08-09,43.25,44.04999923706055,41.849998474121094,42.04999923706055,33.48237609863281,813757.0,MRPL.NS
2007-08-10,40.900001525878906,41.79999923706055,40.5,41.5,33.04444122314453,588371.0,MRPL.NS
2007-08-13,42.0,42.5,41.54999923706055,41.70000076293945,33.20368957519531,298923.0,MRPL.NS
2007-08-14,41.849998474121094,43.25,41.5,42.25,33.64162826538086,661430.0,MRPL.NS
2007-08-16,41.099998474121094,43.150001525878906,40.150001525878906,41.400001525878906,32.964820861816406,1705990.0,MRPL.NS
2007-08-17,41.04999923706055,42.5,39.599998474121094,40.75,32.447242736816406,1039742.0,MRPL.NS
2007-08-20,41.95000076293945,42.79999923706055,41.04999923706055,41.20000076293945,32.80556106567383,360510.0,MRPL.NS
2007-08-21,41.75,43.20000076293945,40.20000076293945,40.95000076293945,32.606502532958984,1271459.0,MRPL.NS
2007-08-22,42.5,42.79999923706055,40.400001525878906,41.849998474121094,33.3231315612793,931596.0,MRPL.NS
2007-08-23,42.5,42.5,40.400001525878906,40.650001525878906,32.36762237548828,476228.0,MRPL.NS
2007-08-24,41.0,41.5,40.599998474121094,41.0,32.64630889892578,392090.0,MRPL.NS
2007-08-27,41.45000076293945,41.900001525878906,41.150001525878906,41.5,33.04444122314453,269975.0,MRPL.NS
2007-08-28,41.5,42.0,41.20000076293945,41.650001525878906,33.16387939453125,384645.0,MRPL.NS
2007-08-29,40.95000076293945,42.70000076293945,40.70000076293945,42.150001525878906,33.56199645996094,897324.0,MRPL.NS
2007-08-30,42.0,42.95000076293945,41.20000076293945,41.349998474121094,32.92499923706055,866025.0,MRPL.NS
2007-08-31,41.0,42.79999923706055,41.0,42.349998474121094,33.72124481201172,698516.0,MRPL.NS
2007-09-03,42.79999923706055,44.849998474121094,42.400001525878906,44.5,35.43319320678711,2099108.0,MRPL.NS
2007-09-04,45.0,47.349998474121094,44.599998474121094,46.900001525878906,37.34419631958008,4486420.0,MRPL.NS
2007-09-05,47.20000076293945,47.75,45.75,46.099998474121094,36.707191467285156,1757087.0,MRPL.NS
2007-09-06,46.0,47.900001525878906,45.75,47.04999923706055,37.46363067626953,2841546.0,MRPL.NS
2007-09-07,47.70000076293945,48.0,46.29999923706055,46.54999923706055,37.06550598144531,2294187.0,MRPL.NS
2007-09-10,45.70000076293945,49.25,45.70000076293945,48.5,38.61819839477539,2814791.0,MRPL.NS
2007-09-11,49.29999923706055,50.400001525878906,48.599998474121094,48.95000076293945,38.97651290893555,3431508.0,MRPL.NS
2007-09-12,49.45000076293945,49.70000076293945,47.79999923706055,48.099998474121094,38.29969787597656,1381072.0,MRPL.NS
2007-09-13,48.5,50.20000076293945,48.150001525878906,49.45000076293945,39.3746337890625,3516435.0,MRPL.NS
2007-09-14,49.849998474121094,50.349998474121094,48.099998474121094,48.349998474121094,38.49876022338867,1985133.0,MRPL.NS
2007-09-17,48.0,49.400001525878906,48.0,48.349998474121094,38.49876022338867,941904.0,MRPL.NS
2007-09-18,47.900001525878906,48.95000076293945,47.900001525878906,48.75,38.817264556884766,803984.0,MRPL.NS
2007-09-19,49.900001525878906,50.0,48.79999923706055,48.95000076293945,38.97651290893555,1607876.0,MRPL.NS
2007-09-20,49.20000076293945,51.95000076293945,48.650001525878906,51.45000076293945,40.967140197753906,4828238.0,MRPL.NS
2007-09-21,51.349998474121094,56.099998474121094,51.349998474121094,53.95000076293945,42.957767486572266,7309464.0,MRPL.NS
2007-09-24,54.20000076293945,59.400001525878906,54.0,58.20000076293945,46.34183883666992,8225296.0,MRPL.NS
2007-09-25,59.0,67.25,57.0,65.5999984741211,52.234100341796875,12817215.0,MRPL.NS
2007-09-26,67.0,82.9000015258789,67.0,74.30000305175781,59.1614875793457,43604545.0,MRPL.NS
2007-09-27,77.0,78.80000305175781,69.3499984741211,72.1500015258789,57.44955062866211,13631438.0,MRPL.NS
2007-09-28,72.94999694824219,75.0,68.0,72.69999694824219,57.887481689453125,8777812.0,MRPL.NS
2007-10-01,73.5,75.69999694824219,70.1500015258789,73.4000015258789,58.444862365722656,9164776.0,MRPL.NS
2007-10-03,74.4000015258789,75.75,67.3499984741211,71.0999984741211,56.61348342895508,5291746.0,MRPL.NS
2007-10-04,69.4000015258789,72.5,68.9000015258789,71.0,56.53385925292969,4223010.0,MRPL.NS
2007-10-05,71.8499984741211,71.8499984741211,66.0999984741211,67.75,53.946044921875,2339003.0,MRPL.NS
2007-10-08,68.5,69.0,58.0,59.150001525878906,47.098270416259766,4374217.0,MRPL.NS
2007-10-09,57.5,61.849998474121094,52.0,60.900001525878906,48.491722106933594,8351685.0,MRPL.NS
2007-10-10,62.0,66.30000305175781,61.29999923706055,61.900001525878906,49.287967681884766,4499577.0,MRPL.NS
2007-10-11,62.0,65.25,59.099998474121094,64.19999694824219,51.11934280395508,4373615.0,MRPL.NS
2007-10-12,64.25,65.80000305175781,60.900001525878906,61.95000076293945,49.32777786254883,4036334.0,MRPL.NS
2007-10-15,62.5,64.0,62.04999923706055,63.150001525878906,50.28328323364258,2005213.0,MRPL.NS
2007-10-16,63.150001525878906,66.55000305175781,61.45000076293945,64.05000305175781,50.99991226196289,4628488.0,MRPL.NS
2007-10-17,59.400001525878906,61.29999923706055,53.0,60.04999923706055,47.81489562988281,2726912.0,MRPL.NS
2007-10-18,60.95000076293945,65.0,57.0,58.25,46.381649017333984,3555437.0,MRPL.NS
2007-10-19,58.95000076293945,59.400001525878906,54.20000076293945,57.0,45.38633728027344,4334757.0,MRPL.NS
2007-10-22,56.0,57.5,54.0,55.650001525878906,44.31139373779297,921277.0,MRPL.NS
2007-10-23,56.0,61.0,56.0,58.79999923706055,46.819583892822266,1279538.0,MRPL.NS
2007-10-24,58.099998474121094,62.04999923706055,58.099998474121094,61.150001525878906,48.69077682495117,2890508.0,MRPL.NS
2007-10-25,61.29999923706055,62.0,58.099998474121094,59.0,46.97883605957031,1838912.0,MRPL.NS
2007-10-26,61.400001525878906,61.70000076293945,59.04999923706055,60.79999923706055,48.412086486816406,1719128.0,MRPL.NS
2007-10-29,62.0,64.9000015258789,61.45000076293945,63.79999923706055,50.80083465576172,3690980.0,MRPL.NS
2007-10-30,64.80000305175781,82.4000015258789,64.80000305175781,80.80000305175781,64.33711242675781,36152767.0,MRPL.NS
2007-10-31,82.4000015258789,87.0,81.0999984741211,82.05000305175781,65.33244323730469,21694058.0,MRPL.NS
2007-11-01,83.0,85.3499984741211,76.0,77.3499984741211,61.59005355834961,8971374.0,MRPL.NS
2007-11-02,71.5,84.9000015258789,71.5,82.30000305175781,65.531494140625,15360176.0,MRPL.NS
2007-11-05,82.80000305175781,90.0,80.5,87.4000015258789,69.59239196777344,18965483.0,MRPL.NS
2007-11-06,90.69999694824219,92.8499984741211,83.05000305175781,85.25,67.88044738769531,11620181.0,MRPL.NS
2007-11-07,88.9000015258789,89.6500015258789,81.5,85.8499984741211,68.35819244384766,7442425.0,MRPL.NS
2007-11-08,81.1500015258789,89.4000015258789,81.1500015258789,86.8499984741211,69.15444946289062,7476951.0,MRPL.NS
2007-11-12,85.0,101.0,80.69999694824219,99.1500015258789,78.9483413696289,25000757.0,MRPL.NS
2007-11-13,102.4000015258789,103.0,95.75,96.9000015258789,77.15677642822266,12934413.0,MRPL.NS
2007-11-14,95.1500015258789,106.4000015258789,95.1500015258789,104.75,83.4073486328125,22171483.0,MRPL.NS
2007-11-15,107.0,131.60000610351562,106.19999694824219,128.0500030517578,101.95999908447266,49015305.0,MRPL.NS
2007-11-16,120.0,148.6999969482422,120.0,130.39999389648438,103.83118438720703,44919996.0,MRPL.NS
2007-11-19,132.10000610351562,136.89999389648438,124.5999984741211,127.3499984741211,101.40263366699219,13690623.0,MRPL.NS
2007-11-20,122.0,128.1999969482422,116.30000305175781,118.5999984741211,94.43543243408203,7698406.0,MRPL.NS
2007-11-21,118.5999984741211,125.4000015258789,104.25,106.8499984741211,85.0794677734375,9753891.0,MRPL.NS
2007-11-22,106.0,112.69999694824219,96.0,105.80000305175781,84.243408203125,11413742.0,MRPL.NS
2007-11-23,114.1500015258789,114.80000305175781,106.30000305175781,112.80000305175781,89.81716918945312,10339516.0,MRPL.NS
2007-11-26,115.5,124.19999694824219,114.0,118.69999694824219,94.51505279541016,10847066.0,MRPL.NS
2007-11-27,118.9000015258789,124.75,114.5,122.6500015258789,97.66024017333984,13208200.0,MRPL.NS
2007-11-28,125.0,128.35000610351562,116.5999984741211,117.55000305175781,93.599365234375,10861696.0,MRPL.NS
2007-11-29,121.69999694824219,122.0999984741211,113.25,115.55000305175781,92.0068588256836,8603872.0,MRPL.NS
2007-11-30,118.69999694824219,122.8499984741211,114.69999694824219,121.0,96.34644317626953,10927425.0,MRPL.NS
2007-12-03,123.0,128.6999969482422,121.05000305175781,127.3499984741211,101.40263366699219,11339298.0,MRPL.NS
2007-12-04,128.5,144.3000030517578,127.0,139.5500030517578,111.11689758300781,22208220.0,MRPL.NS
2007-12-05,140.64999389648438,145.6999969482422,137.0,140.60000610351562,111.95296478271484,12513087.0,MRPL.NS
2007-12-06,141.0,144.39999389648438,133.3000030517578,136.4499969482422,108.64852905273438,9830244.0,MRPL.NS
2007-12-07,138.0,139.8000030517578,128.25,133.3000030517578,106.14031982421875,6195290.0,MRPL.NS
2007-12-10,133.6999969482422,145.64999389648438,130.6999969482422,144.5,115.05834197998047,18690552.0,MRPL.NS
2007-12-11,145.85000610351562,145.9499969482422,137.0,139.0,110.67897033691406,9438987.0,MRPL.NS
2007-12-12,132.0,142.0,132.0,139.25,110.87802124023438,5610331.0,MRPL.NS
2007-12-13,139.8000030517578,139.8000030517578,133.8000030517578,134.85000610351562,107.37452697753906,4906323.0,MRPL.NS
2007-12-14,134.10000610351562,137.1999969482422,133.25,135.25,107.69300842285156,3146394.0,MRPL.NS
2007-12-17,129.3000030517578,140.8000030517578,123.5999984741211,127.9000015258789,101.8405532836914,6562525.0,MRPL.NS
2007-12-18,129.25,135.39999389648438,124.0,131.89999389648438,105.02557373046875,7337904.0,MRPL.NS
2007-12-19,134.5,139.1999969482422,128.0,132.5,105.50332641601562,6196581.0,MRPL.NS
2007-12-20,132.35000610351562,133.75,128.0,128.9499969482422,102.67662811279297,2758803.0,MRPL.NS
2007-12-24,129.5,133.89999389648438,129.0,132.0500030517578,105.14501953125,2607918.0,MRPL.NS
2007-12-26,133.0,137.39999389648438,132.1999969482422,135.60000610351562,107.9717025756836,4373961.0,MRPL.NS
2007-12-27,137.1999969482422,139.0,131.64999389648438,133.5,106.29957580566406,12693545.0,MRPL.NS
2007-12-28,132.10000610351562,136.4499969482422,131.75,134.85000610351562,107.37452697753906,3961730.0,MRPL.NS
2007-12-31,133.5,138.8000030517578,133.5,136.35000610351562,108.56889343261719,3246678.0,MRPL.NS
2008-01-01,136.35000610351562,143.9499969482422,135.1999969482422,142.5500030517578,113.5056381225586,9242055.0,MRPL.NS
2008-01-02,143.5,144.4499969482422,137.0,140.10000610351562,111.55484008789062,5036319.0,MRPL.NS
2008-01-03,142.0,145.89999389648438,137.0,142.35000610351562,113.34639739990234,7613005.0,MRPL.NS
2008-01-04,143.0,148.9499969482422,141.1999969482422,142.35000610351562,113.34639739990234,9545794.0,MRPL.NS
2008-01-07,141.89999389648438,144.5,139.25,141.25,112.47051239013672,4014355.0,MRPL.NS
2008-01-08,139.0,143.75,132.5500030517578,135.8000030517578,108.13095092773438,3225739.0,MRPL.NS
2008-01-09,136.0,138.0,132.60000610351562,134.35000610351562,106.97640228271484,2363901.0,MRPL.NS
2008-01-10,135.60000610351562,137.0,124.0,126.0,100.32768249511719,3314904.0,MRPL.NS
2008-01-11,123.55000305175781,130.6999969482422,121.6500015258789,128.8000030517578,102.55718231201172,3137843.0,MRPL.NS
2008-01-14,129.60000610351562,137.89999389648438,128.0,134.0,106.69768524169922,5104465.0,MRPL.NS
2008-01-15,135.5,139.25,129.0,131.1999969482422,104.46820068359375,5003031.0,MRPL.NS
2008-01-16,130.60000610351562,130.60000610351562,122.1500015258789,127.6500015258789,101.6415023803711,2974145.0,MRPL.NS
2008-01-17,126.5,136.4499969482422,126.5,132.5500030517578,105.54314422607422,4369135.0,MRPL.NS
2008-01-18,125.5999984741211,133.0,116.0,120.19999694824219,95.70944213867188,2721058.0,MRPL.NS
2008-01-21,115.0,118.5,81.0,87.1500015258789,69.393310546875,7352719.0,MRPL.NS
2008-01-22,84.0,84.0,60.0,67.25,53.547908782958984,7017732.0,MRPL.NS
2008-01-23,71.0,86.0,71.0,82.55000305175781,65.73056030273438,6715659.0,MRPL.NS
2008-01-24,83.94999694824219,92.69999694824219,74.55000305175781,78.19999694824219,62.26686477661133,6553827.0,MRPL.NS
2008-01-25,63.150001525878906,88.9000015258789,63.150001525878906,87.44999694824219,69.63218688964844,3648829.0,MRPL.NS
2008-01-28,81.1500015258789,86.8499984741211,78.0999984741211,85.5999984741211,68.15912628173828,2849740.0,MRPL.NS
2008-01-29,87.0,89.0,84.5,85.80000305175781,68.31837463378906,2350619.0,MRPL.NS
2008-01-30,80.3499984741211,85.94999694824219,80.19999694824219,81.0999984741211,64.57598114013672,2597059.0,MRPL.NS
2008-01-31,76.3499984741211,84.6500015258789,74.5,77.69999694824219,61.868743896484375,6288479.0,MRPL.NS
2008-02-01,80.19999694824219,81.44999694824219,77.0999984741211,80.55000305175781,64.13806915283203,2929371.0,MRPL.NS
2008-02-04,81.0,86.0999984741211,81.0,84.69999694824219,67.44248962402344,3989554.0,MRPL.NS
2008-02-05,84.0999984741211,89.4000015258789,82.0,87.8499984741211,69.95068359375,3827212.0,MRPL.NS
2008-02-06,80.1500015258789,93.4000015258789,80.1500015258789,91.5999984741211,72.93663024902344,6605098.0,MRPL.NS
2008-02-07,91.0,96.25,84.6500015258789,85.5,68.07949829101562,8155099.0,MRPL.NS
2008-02-08,86.0,92.0,82.0999984741211,89.0,70.86638641357422,7534484.0,MRPL.NS
2008-02-11,89.0,89.3499984741211,75.6500015258789,78.5,62.50574493408203,3981812.0,MRPL.NS
2008-02-12,81.69999694824219,82.30000305175781,77.0999984741211,81.0999984741211,64.57598114013672,4188087.0,MRPL.NS
2008-02-13,81.30000305175781,83.80000305175781,77.30000305175781,80.05000305175781,63.73993682861328,2811423.0,MRPL.NS
2008-02-14,81.4000015258789,87.5,81.4000015258789,86.80000305175781,69.11463165283203,4259764.0,MRPL.NS
2008-02-15,85.0999984741211,90.4000015258789,84.0999984741211,88.44999694824219,70.42845916748047,5962412.0,MRPL.NS
2008-02-18,87.6500015258789,90.4000015258789,87.0999984741211,88.3499984741211,70.34882354736328,3943754.0,MRPL.NS
2008-02-19,88.0,92.0,86.6500015258789,87.6500015258789,69.79145050048828,5635992.0,MRPL.NS
2008-02-20,76.5999984741211,89.0,76.5999984741211,86.19999694824219,68.63687133789062,3236032.0,MRPL.NS
2008-02-21,87.0,88.44999694824219,85.0,86.6500015258789,68.99519348144531,2198057.0,MRPL.NS
2008-02-22,85.4000015258789,86.30000305175781,83.0999984741211,85.05000305175781,67.72119140625,1480889.0,MRPL.NS
2008-02-25,86.19999694824219,86.5,82.55000305175781,84.3499984741211,67.163818359375,1427683.0,MRPL.NS
2008-02-26,84.1500015258789,86.80000305175781,84.1500015258789,85.5999984741211,68.15912628173828,1515776.0,MRPL.NS
2008-02-27,86.0,88.80000305175781,85.0,85.6500015258789,68.19893646240234,2300628.0,MRPL.NS
2008-02-28,83.25,86.25,83.25,85.05000305175781,67.72119140625,2853762.0,MRPL.NS
2008-02-29,78.1500015258789,87.25,78.1500015258789,86.25,68.67668151855469,2189648.0,MRPL.NS
2008-03-03,75.30000305175781,85.19999694824219,75.30000305175781,83.94999694824219,66.84530639648438,2712673.0,MRPL.NS
2008-03-04,84.0,84.9000015258789,78.5999984741211,81.05000305175781,64.53617095947266,2413807.0,MRPL.NS
2008-03-05,78.05000305175781,82.9000015258789,78.05000305175781,81.8499984741211,65.17317199707031,2096532.0,MRPL.NS
2008-03-07,75.4000015258789,81.25,74.0,77.3499984741211,61.59005355834961,2872196.0,MRPL.NS
2008-03-10,67.0,76.0,67.0,74.94999694824219,59.67905044555664,1927526.0,MRPL.NS
2008-03-11,79.0,79.0,72.05000305175781,77.30000305175781,61.55024719238281,1841118.0,MRPL.NS
2008-03-12,80.0,82.5,77.0,78.0999984741211,62.1872444152832,2083182.0,MRPL.NS
2008-03-13,71.55000305175781,76.69999694824219,71.55000305175781,74.80000305175781,59.55961227416992,1868956.0,MRPL.NS
2008-03-14,75.5,76.69999694824219,74.0999984741211,75.5999984741211,60.19660186767578,1327409.0,MRPL.NS
2008-03-17,72.0999984741211,74.4000015258789,67.0,68.3499984741211,54.42378616333008,1417358.0,MRPL.NS
2008-03-18,61.0,74.3499984741211,61.0,70.25,55.936668395996094,2565663.0,MRPL.NS
2008-03-19,72.0999984741211,75.4000015258789,68.0,69.19999694824219,55.10060119628906,1379896.0,MRPL.NS
2008-03-24,62.0,71.0,62.0,70.0,55.73760986328125,1533349.0,MRPL.NS
2008-03-25,71.0,73.0,70.4000015258789,72.19999694824219,57.489356994628906,1995822.0,MRPL.NS
2008-03-26,71.0,74.75,71.0,72.4000015258789,57.64860153198242,1297484.0,MRPL.NS
2008-03-27,72.0,72.80000305175781,70.6500015258789,71.80000305175781,57.170860290527344,2262040.0,MRPL.NS
2008-03-28,68.55000305175781,76.0,68.55000305175781,75.4000015258789,60.037357330322266,1809553.0,MRPL.NS
2008-03-31,73.5,81.80000305175781,73.5,78.0999984741211,62.1872444152832,4427326.0,MRPL.NS
2008-04-01,79.55000305175781,87.4000015258789,79.0999984741211,85.8499984741211,68.35819244384766,4946579.0,MRPL.NS
2008-04-02,87.55000305175781,89.69999694824219,82.0999984741211,82.5999984741211,65.77037811279297,3308815.0,MRPL.NS
2008-04-03,75.0,84.0,75.0,82.3499984741211,65.5713119506836,1482127.0,MRPL.NS
2008-04-04,78.55000305175781,86.6500015258789,78.55000305175781,84.69999694824219,67.44248962402344,3848160.0,MRPL.NS
2008-04-07,80.0999984741211,89.55000305175781,80.0999984741211,87.75,69.8710708618164,4104785.0,MRPL.NS
2008-04-08,87.80000305175781,92.0999984741211,85.5999984741211,90.05000305175781,71.70244598388672,6953422.0,MRPL.NS
2008-04-09,89.0,92.9000015258789,85.75,90.5,72.0607681274414,4571335.0,MRPL.NS
2008-04-10,88.5,93.5,88.3499984741211,89.05000305175781,70.90619659423828,3788700.0,MRPL.NS
2008-04-11,86.6500015258789,92.19999694824219,86.6500015258789,89.9000015258789,71.58300018310547,3399800.0,MRPL.NS
2008-04-15,85.3499984741211,92.9000015258789,85.3499984741211,91.94999694824219,73.21532440185547,3149893.0,MRPL.NS
2008-04-16,91.69999694824219,94.94999694824219,91.69999694824219,92.44999694824219,73.61344146728516,3321207.0,MRPL.NS
2008-04-17,92.1500015258789,97.9000015258789,92.1500015258789,97.25,77.43546295166016,3796087.0,MRPL.NS
2008-04-21,99.0,100.4000015258789,84.0,97.05000305175781,77.27619934082031,4267963.0,MRPL.NS
2008-04-22,93.0,99.5,93.0,97.6500015258789,77.75395965576172,3169250.0,MRPL.NS
2008-04-23,95.05000305175781,108.5,95.05000305175781,106.25,84.60173034667969,12352010.0,MRPL.NS
2008-04-24,103.5,109.94999694824219,100.5999984741211,101.55000305175781,80.8593521118164,7214703.0,MRPL.NS
2008-04-25,101.0,106.19999694824219,100.4000015258789,103.0,82.01390075683594,6312140.0,MRPL.NS
2008-04-28,98.1500015258789,105.4000015258789,98.1500015258789,102.30000305175781,81.45653533935547,2483901.0,MRPL.NS
2008-04-29,98.1500015258789,105.19999694824219,98.1500015258789,103.3499984741211,82.29259490966797,3579502.0,MRPL.NS
2008-04-30,103.69999694824219,106.9000015258789,100.80000305175781,101.69999694824219,80.97877502441406,3969224.0,MRPL.NS
2008-05-02,103.05000305175781,104.25,102.0999984741211,102.5999984741211,81.69539642333984,1937705.0,MRPL.NS
2008-05-05,103.0,105.80000305175781,102.55000305175781,103.25,82.21296691894531,2629288.0,MRPL.NS
2008-05-06,101.5999984741211,107.5,101.5999984741211,104.5999984741211,83.28790283203125,8824673.0,MRPL.NS
2008-05-07,105.0,106.0,101.69999694824219,102.6500015258789,81.73522186279297,4491890.0,MRPL.NS
2008-05-08,100.9000015258789,101.5,96.5,97.75,77.83358764648438,5601058.0,MRPL.NS
2008-05-09,97.4000015258789,97.80000305175781,89.5,91.05000305175781,72.49869537353516,3879732.0,MRPL.NS
2008-05-12,87.19999694824219,90.4000015258789,85.0,89.6500015258789,71.38394165039062,4001932.0,MRPL.NS
2008-05-13,90.25,92.8499984741211,86.5,87.0,69.27387237548828,3746329.0,MRPL.NS
2008-05-14,86.9000015258789,88.30000305175781,85.25,87.5,69.67200469970703,3267722.0,MRPL.NS
2008-05-15,89.0,89.3499984741211,87.0999984741211,88.1500015258789,70.18956756591797,1996969.0,MRPL.NS
2008-05-16,97.9000015258789,97.9000015258789,89.0,91.69999694824219,73.01625061035156,4068479.0,MRPL.NS
2008-05-20,92.9000015258789,92.9000015258789,88.4000015258789,89.3499984741211,71.14507293701172,1934680.0,MRPL.NS
2008-05-21,86.05000305175781,94.69999694824219,86.05000305175781,94.1500015258789,74.96707916259766,5039494.0,MRPL.NS
2008-05-22,93.0,93.5,90.05000305175781,90.69999694824219,72.22000122070312,4192415.0,MRPL.NS
2008-05-23,90.25,92.4000015258789,88.0999984741211,88.5,70.46825408935547,2187656.0,MRPL.NS
2008-05-26,85.5,87.9000015258789,85.5,86.0,68.4776382446289,1554212.0,MRPL.NS
2008-05-27,87.19999694824219,88.9000015258789,83.5,84.05000305175781,66.92494201660156,2742598.0,MRPL.NS
2008-05-28,85.0,86.75,84.1500015258789,86.3499984741211,68.75630187988281,1677401.0,MRPL.NS
2008-05-29,87.80000305175781,89.69999694824219,83.30000305175781,84.4000015258789,67.2036361694336,2894833.0,MRPL.NS
2008-05-30,85.4000015258789,86.4000015258789,81.55000305175781,83.0999984741211,66.16848754882812,1676430.0,MRPL.NS
2008-06-02,84.75,86.55000305175781,78.55000305175781,79.9000015258789,63.6204948425293,2402060.0,MRPL.NS
2008-06-03,79.9000015258789,81.9000015258789,76.55000305175781,81.0999984741211,64.57598114013672,1646180.0,MRPL.NS
2008-06-04,82.0999984741211,82.9000015258789,72.75,74.0,58.922603607177734,5263090.0,MRPL.NS
2008-06-05,76.9000015258789,77.3499984741211,74.05000305175781,76.3499984741211,60.79379653930664,2485475.0,MRPL.NS
2008-06-06,77.9000015258789,78.1500015258789,73.1500015258789,73.80000305175781,58.76335144042969,2052291.0,MRPL.NS
2008-06-09,71.0,72.80000305175781,66.55000305175781,69.30000305175781,55.180233001708984,1972769.0,MRPL.NS
2008-06-10,68.0,71.19999694824219,67.5,69.19999694824219,55.10060119628906,1778565.0,MRPL.NS
2008-06-11,70.0,71.19999694824219,69.25,70.0,55.73760986328125,1184789.0,MRPL.NS
2008-06-12,67.75,72.5999984741211,65.55000305175781,71.80000305175781,57.170860290527344,1987647.0,MRPL.NS
2008-06-13,72.55000305175781,72.55000305175781,70.05000305175781,70.5999984741211,56.21535110473633,998779.0,MRPL.NS
2008-06-16,71.25,74.5,71.25,72.05000305175781,57.36992645263672,1642029.0,MRPL.NS
2008-06-17,72.5999984741211,74.5999984741211,71.5,74.0,58.922603607177734,1487241.0,MRPL.NS
2008-06-18,73.8499984741211,75.9000015258789,73.0,73.19999694824219,59.24635696411133,1942636.0,MRPL.NS
2008-06-19,72.5,73.25,71.1500015258789,72.0,58.275115966796875,1284889.0,MRPL.NS
2008-06-20,72.0,72.9000015258789,67.5999984741211,68.30000305175781,55.28041458129883,1339299.0,MRPL.NS
2008-06-23,67.25,68.05000305175781,64.0,64.80000305175781,52.447601318359375,1404902.0,MRPL.NS
2008-06-24,64.0,67.9000015258789,60.20000076293945,61.0,49.37196350097656,1581491.0,MRPL.NS
2008-06-25,60.0,62.349998474121094,58.0,61.650001525878906,49.8980598449707,1613358.0,MRPL.NS
2008-06-26,63.20000076293945,63.599998474121094,58.400001525878906,59.25,47.95555877685547,3072747.0,MRPL.NS
2008-06-27,57.650001525878906,58.900001525878906,55.599998474121094,57.099998474121094,46.21539306640625,1339953.0,MRPL.NS
2008-06-30,56.5,57.900001525878906,51.20000076293945,52.099998474121094,42.168514251708984,1828859.0,MRPL.NS
2008-07-01,52.0,52.54999923706055,46.70000076293945,47.599998474121094,38.52632141113281,1692929.0,MRPL.NS
2008-07-02,47.0,49.79999923706055,43.0,48.54999923706055,39.295230865478516,4424031.0,MRPL.NS
2008-07-03,48.0,48.900001525878906,43.599998474121094,44.650001525878906,36.1386604309082,3389864.0,MRPL.NS
2008-07-04,45.0,48.5,44.0,46.20000076293945,37.39319610595703,3685862.0,MRPL.NS
2008-07-07,46.70000076293945,49.150001525878906,46.349998474121094,46.79999923706055,37.878822326660156,2869906.0,MRPL.NS
2008-07-08,45.400001525878906,47.349998474121094,44.25,46.29999923706055,37.4741325378418,1630329.0,MRPL.NS
2008-07-09,47.25,50.849998474121094,47.25,49.900001525878906,40.38789367675781,4159640.0,MRPL.NS
2008-07-10,50.0,52.099998474121094,48.400001525878906,51.599998474121094,41.763824462890625,3628561.0,MRPL.NS
2008-07-11,52.0,55.0,50.150001525878906,51.099998474121094,41.35913848876953,4689540.0,MRPL.NS
2008-07-14,51.5,52.75,49.5,50.849998474121094,41.156795501708984,2151604.0,MRPL.NS
2008-07-15,49.5,50.400001525878906,48.099998474121094,48.79999923706055,39.49757385253906,2047652.0,MRPL.NS
2008-07-16,49.0,50.95000076293945,47.099998474121094,48.45000076293945,39.214290618896484,1816673.0,MRPL.NS
2008-07-17,49.75,52.5,48.70000076293945,49.70000076293945,40.226016998291016,1353825.0,MRPL.NS
2008-07-18,50.79999923706055,53.400001525878906,49.099998474121094,52.20000076293945,42.249454498291016,2688030.0,MRPL.NS
2008-07-21,52.79999923706055,53.20000076293945,50.400001525878906,51.599998474121094,41.763824462890625,1451365.0,MRPL.NS
2008-07-22,52.900001525878906,53.349998474121094,50.5,51.79999923706055,41.92570114135742,2239047.0,MRPL.NS
2008-07-23,52.0,57.0,52.0,56.20000076293945,45.486961364746094,3190930.0,MRPL.NS
2008-07-24,57.0,59.5,56.150001525878906,57.849998474121094,46.82242965698242,2983903.0,MRPL.NS
2008-07-25,52.099998474121094,69.30000305175781,52.099998474121094,67.25,54.43056869506836,27737969.0,MRPL.NS
2008-07-28,69.0,71.3499984741211,67.0,68.0999984741211,55.11853790283203,18738469.0,MRPL.NS
2008-07-29,64.6500015258789,67.9000015258789,64.25,66.4000015258789,53.74259948730469,7591977.0,MRPL.NS
2008-07-30,67.80000305175781,68.69999694824219,66.8499984741211,67.19999694824219,54.39009094238281,4317207.0,MRPL.NS
2008-07-31,67.05000305175781,67.94999694824219,65.6500015258789,66.30000305175781,53.66166305541992,2858944.0,MRPL.NS
2008-08-01,62.650001525878906,70.75,62.650001525878906,69.5999984741211,56.33260726928711,7226423.0,MRPL.NS
2008-08-04,69.8499984741211,76.9000015258789,67.9000015258789,75.19999694824219,60.865116119384766,11568302.0,MRPL.NS
2008-08-05,76.4000015258789,78.19999694824219,74.5,75.19999694824219,60.865116119384766,9645016.0,MRPL.NS
2008-08-06,75.6500015258789,77.69999694824219,71.55000305175781,72.25,58.47745132446289,5808557.0,MRPL.NS
2008-08-07,70.0,74.30000305175781,70.0,72.44999694824219,58.63932800292969,3093095.0,MRPL.NS
2008-08-08,73.0,73.5,70.55000305175781,71.25,57.6680793762207,2853335.0,MRPL.NS
2008-08-11,70.1500015258789,74.19999694824219,70.1500015258789,72.80000305175781,58.922611236572266,2360887.0,MRPL.NS
2008-08-12,73.0,73.44999694824219,69.30000305175781,70.05000305175781,56.69682693481445,2202043.0,MRPL.NS
2008-08-13,69.69999694824219,71.80000305175781,68.3499984741211,69.44999694824219,56.2111930847168,2451570.0,MRPL.NS
2008-08-14,70.0,75.5,66.80000305175781,67.1500015258789,54.34963607788086,1967127.0,MRPL.NS
2008-08-18,67.0,67.5,65.3499984741211,66.0,53.41884994506836,1451946.0,MRPL.NS
2008-08-19,66.0,69.0,64.5999984741211,68.30000305175781,55.28041458129883,4097683.0,MRPL.NS
2008-08-20,69.25,70.25,68.30000305175781,69.1500015258789,55.968387603759766,2561938.0,MRPL.NS
2008-08-21,67.55000305175781,69.0,65.4000015258789,65.94999694824219,53.37838363647461,1693682.0,MRPL.NS
2008-08-22,61.150001525878906,67.44999694824219,61.150001525878906,66.44999694824219,53.7830696105957,1798836.0,MRPL.NS
2008-08-25,67.5,68.4000015258789,65.0999984741211,65.69999694824219,53.1760368347168,1361968.0,MRPL.NS
2008-08-26,65.4000015258789,65.80000305175781,64.0,65.0999984741211,52.69040298461914,1278232.0,MRPL.NS
2008-08-27,65.5999984741211,66.19999694824219,63.599998474121094,64.0,51.80009460449219,1293349.0,MRPL.NS
2008-08-28,55.0,64.9000015258789,55.0,60.099998474121094,48.643524169921875,2407258.0,MRPL.NS
2008-08-29,61.349998474121094,64.0999984741211,61.29999923706055,62.29999923706055,50.42416000366211,1785532.0,MRPL.NS
2008-09-01,62.0,63.75,61.0,63.150001525878906,51.112125396728516,1969302.0,MRPL.NS
2008-09-02,63.70000076293945,64.3499984741211,63.0,63.349998474121094,51.27400207519531,2010878.0,MRPL.NS
2008-09-04,62.25,64.94999694824219,62.25,63.5,51.395408630371094,1596404.0,MRPL.NS
2008-09-05,62.0,63.29999923706055,61.650001525878906,62.54999923706055,50.626502990722656,1059609.0,MRPL.NS
2008-09-08,63.25,64.5,62.599998474121094,62.849998474121094,50.86930847167969,707574.0,MRPL.NS
2008-09-09,62.70000076293945,63.400001525878906,62.25,62.650001525878906,50.70743942260742,714266.0,MRPL.NS
2008-09-10,62.0,63.25,61.25,62.29999923706055,50.42416000366211,1242557.0,MRPL.NS
2008-09-11,62.0,62.0,58.75,59.45000076293945,48.11743927001953,1349889.0,MRPL.NS
2008-09-12,60.400001525878906,60.650001525878906,57.0,57.599998474121094,46.62009048461914,1187350.0,MRPL.NS
2008-09-15,57.29999923706055,57.29999923706055,52.150001525878906,53.599998474121094,43.3825798034668,1323760.0,MRPL.NS
2008-09-16,51.04999923706055,56.650001525878906,50.099998474121094,56.0,45.3250846862793,2079533.0,MRPL.NS
2008-09-17,57.0,57.400001525878906,53.5,54.150001525878906,43.82773971557617,1475888.0,MRPL.NS
2008-09-18,50.29999923706055,54.25,47.650001525878906,53.70000076293945,43.46351623535156,1612254.0,MRPL.NS
2008-09-19,55.150001525878906,57.0,54.54999923706055,55.95000076293945,45.28461456298828,1152913.0,MRPL.NS
2008-09-22,57.0,57.25,55.54999923706055,55.79999923706055,45.163211822509766,920929.0,MRPL.NS
2008-09-23,55.29999923706055,56.0,54.099998474121094,54.599998474121094,44.191959381103516,794221.0,MRPL.NS
2008-09-24,54.5,55.650001525878906,54.20000076293945,54.95000076293945,44.475242614746094,673412.0,MRPL.NS
2008-09-25,55.099998474121094,55.20000076293945,52.54999923706055,53.25,43.09930419921875,1436321.0,MRPL.NS
2008-09-26,53.0,53.95000076293945,50.599998474121094,51.45000076293945,41.642417907714844,918283.0,MRPL.NS
2008-09-29,51.45000076293945,51.599998474121094,48.70000076293945,50.849998474121094,41.156795501708984,1655080.0,MRPL.NS
2008-09-30,46.5,54.29999923706055,46.5,53.5,43.30164337158203,1758383.0,MRPL.NS
2008-10-01,53.79999923706055,55.95000076293945,52.45000076293945,55.45000076293945,44.87992477416992,1284214.0,MRPL.NS
2008-10-03,53.5,55.849998474121094,53.5,54.900001525878906,44.43477249145508,1301505.0,MRPL.NS
2008-10-06,54.45000076293945,54.45000076293945,51.5,52.20000076293945,42.249454498291016,1902857.0,MRPL.NS
2008-10-07,52.20000076293945,53.849998474121094,47.5,48.45000076293945,39.214290618896484,1430024.0,MRPL.NS
2008-10-08,47.0,47.25,44.5,46.650001525878906,37.75741958618164,1036292.0,MRPL.NS
2008-10-10,47.0,47.0,40.099998474121094,44.099998474121094,35.69350051879883,851317.0,MRPL.NS
2008-10-13,45.599998474121094,47.0,45.0,46.099998474121094,37.312255859375,762569.0,MRPL.NS
2008-10-14,48.0,50.849998474121094,47.25,47.79999923706055,38.68819808959961,1222316.0,MRPL.NS
2008-10-15,46.79999923706055,47.5,44.5,45.20000076293945,36.583824157714844,769630.0,MRPL.NS
2008-10-16,43.0,45.0,40.599998474121094,43.45000076293945,35.16741180419922,1113195.0,MRPL.NS
2008-10-17,44.099998474121094,45.95000076293945,42.5,42.95000076293945,34.76272201538086,1108030.0,MRPL.NS
2008-10-20,43.0,44.150001525878906,41.599998474121094,42.650001525878906,34.51990509033203,768333.0,MRPL.NS
2008-10-21,43.349998474121094,44.5,42.5,42.900001525878906,34.722251892089844,819253.0,MRPL.NS
2008-10-22,41.0,42.75,41.0,42.0,33.99381637573242,472377.0,MRPL.NS
2008-10-23,42.0,42.0,40.0,40.150001525878906,32.4964714050293,569259.0,MRPL.NS
2008-10-24,40.0,40.0,35.0,35.75,28.935209274291992,1049055.0,MRPL.NS
2008-10-27,35.5,37.5,30.049999237060547,33.099998474121094,26.790359497070312,1188009.0,MRPL.NS
2008-10-29,36.25,39.400001525878906,33.0,37.95000076293945,30.715839385986328,1452789.0,MRPL.NS
2008-10-31,38.150001525878906,39.79999923706055,36.599998474121094,37.900001525878906,30.675369262695312,804725.0,MRPL.NS
2008-11-03,38.5,43.900001525878906,38.5,42.45000076293945,34.3580322265625,909672.0,MRPL.NS
2008-11-04,43.5,47.5,42.599998474121094,47.0,38.04069137573242,1429440.0,MRPL.NS
2008-11-05,49.45000076293945,49.45000076293945,41.75,42.099998474121094,34.07475662231445,1275206.0,MRPL.NS
2008-11-06,40.95000076293945,42.70000076293945,39.150001525878906,41.95000076293945,33.953346252441406,871527.0,MRPL.NS
2008-11-07,41.5,43.849998474121094,41.0,42.70000076293945,34.56037902832031,882700.0,MRPL.NS
2008-11-10,43.25,44.400001525878906,43.099998474121094,44.04999923706055,35.65303039550781,511481.0,MRPL.NS
2008-11-11,43.25,44.0,41.099998474121094,41.70000076293945,33.75100326538086,626201.0,MRPL.NS
2008-11-12,40.400001525878906,41.70000076293945,39.70000076293945,40.849998474121094,33.063026428222656,637301.0,MRPL.NS
2008-11-14,42.29999923706055,42.29999923706055,40.04999923706055,40.599998474121094,32.860687255859375,429789.0,MRPL.NS
2008-11-17,40.5,40.900001525878906,38.099998474121094,39.650001525878906,32.09178161621094,477274.0,MRPL.NS
2008-11-18,39.0,39.0,37.5,37.849998474121094,30.63489532470703,336894.0,MRPL.NS
2008-11-19,38.0,38.5,34.70000076293945,35.04999923706055,28.36864471435547,575792.0,MRPL.NS
2008-11-20,34.0,34.900001525878906,32.599998474121094,34.400001525878906,27.84255599975586,691924.0,MRPL.NS
2008-11-21,34.099998474121094,35.0,33.400001525878906,34.70000076293945,28.085363388061523,487927.0,MRPL.NS
2008-11-24,35.0,36.0,33.099998474121094,35.599998474121094,28.813798904418945,439804.0,MRPL.NS
2008-11-25,36.45000076293945,36.5,34.75,35.04999923706055,28.36864471435547,342359.0,MRPL.NS
2008-11-26,33.349998474121094,35.400001525878906,33.349998474121094,34.900001525878906,28.247241973876953,295733.0,MRPL.NS
2008-11-27,34.900001525878906,34.900001525878906,34.900001525878906,34.900001525878906,28.247241973876953,0.0,MRPL.NS
2008-11-28,34.0,35.0,33.400001525878906,34.349998474121094,27.802082061767578,385554.0,MRPL.NS
2008-12-01,34.45000076293945,36.20000076293945,33.599998474121094,34.75,28.125835418701172,428849.0,MRPL.NS
2008-12-02,34.0,34.400001525878906,32.349998474121094,33.54999923706055,27.154584884643555,453843.0,MRPL.NS
2008-12-03,34.5,34.5,33.400001525878906,33.70000076293945,27.27598762512207,276225.0,MRPL.NS
2008-12-04,34.349998474121094,34.650001525878906,33.04999923706055,34.20000076293945,27.68067741394043,578925.0,MRPL.NS
2008-12-05,34.400001525878906,35.150001525878906,33.70000076293945,33.900001525878906,27.4378662109375,399649.0,MRPL.NS
2008-12-08,34.54999923706055,34.900001525878906,33.79999923706055,34.04999923706055,27.559268951416016,277895.0,MRPL.NS
2008-12-10,34.0,35.20000076293945,33.79999923706055,34.900001525878906,28.247241973876953,401711.0,MRPL.NS
2008-12-11,35.0,38.5,34.849998474121094,37.650001525878906,30.473026275634766,1876091.0,MRPL.NS
2008-12-12,38.0,41.400001525878906,36.20000076293945,39.45000076293945,31.92990493774414,3060610.0,MRPL.NS
2008-12-15,40.29999923706055,41.29999923706055,39.54999923706055,39.95000076293945,32.3345947265625,1168133.0,MRPL.NS
2008-12-16,40.5,42.29999923706055,39.54999923706055,41.95000076293945,33.953346252441406,1627380.0,MRPL.NS
2008-12-17,42.95000076293945,42.95000076293945,38.29999923706055,38.900001525878906,31.484750747680664,1254051.0,MRPL.NS
2008-12-18,39.45000076293945,41.95000076293945,38.54999923706055,41.400001525878906,33.50818634033203,1414864.0,MRPL.NS
2008-12-19,42.0,42.650001525878906,41.099998474121094,41.650001525878906,33.71053695678711,1442393.0,MRPL.NS
2008-12-22,50.0,50.0,41.75,43.25,35.00553512573242,3241096.0,MRPL.NS
2008-12-23,44.25,44.5,41.400001525878906,41.95000076293945,33.953346252441406,1446685.0,MRPL.NS
2008-12-24,41.45000076293945,42.400001525878906,39.54999923706055,40.04999923706055,32.415531158447266,749458.0,MRPL.NS
2008-12-26,40.400001525878906,41.400001525878906,38.599998474121094,38.75,31.36333656311035,784172.0,MRPL.NS
2008-12-29,39.0,40.400001525878906,37.79999923706055,39.599998474121094,32.051307678222656,666453.0,MRPL.NS
2008-12-30,39.900001525878906,41.25,39.75,40.20000076293945,32.53693771362305,763678.0,MRPL.NS
2008-12-31,41.0,42.20000076293945,40.150001525878906,41.099998474121094,33.26537322998047,1219187.0,MRPL.NS
2009-01-02,42.95000076293945,43.650001525878906,42.099998474121094,42.349998474121094,34.2770881652832,1022012.0,MRPL.NS
2009-01-05,42.95000076293945,43.599998474121094,42.599998474121094,43.0,34.80319595336914,920303.0,MRPL.NS
2009-01-06,43.400001525878906,45.20000076293945,41.0,43.25,35.00553512573242,2417416.0,MRPL.NS
2009-01-07,43.70000076293945,44.45000076293945,38.900001525878906,40.25,32.5774040222168,1522982.0,MRPL.NS
2009-01-09,38.20000076293945,40.099998474121094,37.099998474121094,39.150001525878906,31.687091827392578,524150.0,MRPL.NS
2009-01-12,40.0,40.0,38.150001525878906,38.400001525878906,31.08005714416504,366904.0,MRPL.NS
2009-01-13,38.0,39.0,36.599998474121094,37.20000076293945,30.108808517456055,625905.0,MRPL.NS
2009-01-14,37.95000076293945,38.900001525878906,37.29999923706055,38.20000076293945,30.918184280395508,399391.0,MRPL.NS
2009-01-15,37.900001525878906,45.0,36.099998474121094,37.29999923706055,30.18974494934082,350260.0,MRPL.NS
2009-01-16,38.0,38.45000076293945,37.0,38.150001525878906,30.87771224975586,554807.0,MRPL.NS
2009-01-19,39.5,39.5,37.900001525878906,38.45000076293945,31.120527267456055,362508.0,MRPL.NS
2009-01-20,38.0,39.599998474121094,35.349998474121094,36.79999923706055,29.785057067871094,3402358.0,MRPL.NS
2009-01-21,36.5,37.400001525878906,35.349998474121094,36.5,29.542245864868164,695487.0,MRPL.NS
2009-01-22,36.650001525878906,37.5,36.20000076293945,37.25,30.149274826049805,608497.0,MRPL.NS
2009-01-23,37.0,37.25,35.5,36.79999923706055,29.785057067871094,535994.0,MRPL.NS
2009-01-27,38.0,38.0,36.70000076293945,37.099998474121094,30.027868270874023,311280.0,MRPL.NS
2009-01-28,37.5,38.599998474121094,37.0,38.04999923706055,30.796772003173828,324090.0,MRPL.NS
2009-01-29,38.5,38.95000076293945,36.95000076293945,37.099998474121094,30.027868270874023,363177.0,MRPL.NS
2009-01-30,35.75,37.75,35.54999923706055,36.95000076293945,29.906461715698242,352098.0,MRPL.NS
2009-02-02,36.849998474121094,37.900001525878906,36.5,37.04999923706055,29.987401962280273,316736.0,MRPL.NS
2009-02-03,37.20000076293945,37.849998474121094,36.20000076293945,37.04999923706055,29.987401962280273,257232.0,MRPL.NS
2009-02-04,37.5,39.20000076293945,36.79999923706055,37.099998474121094,30.027868270874023,478647.0,MRPL.NS
2009-02-05,37.5,37.75,37.0,37.54999923706055,30.3920841217041,221896.0,MRPL.NS
2009-02-06,37.900001525878906,39.099998474121094,37.5,38.54999923706055,31.201467514038086,376855.0,MRPL.NS
2009-02-09,39.0,40.20000076293945,38.0,39.900001525878906,32.294124603271484,516164.0,MRPL.NS
2009-02-10,40.25,40.79999923706055,39.0,39.349998474121094,31.84896469116211,500361.0,MRPL.NS
2009-02-11,39.0,40.599998474121094,38.5,40.25,32.5774040222168,544905.0,MRPL.NS
2009-02-12,40.0,41.400001525878906,39.75,40.75,32.982093811035156,774290.0,MRPL.NS
2009-02-13,40.95000076293945,41.650001525878906,40.599998474121094,41.0,33.18443298339844,326544.0,MRPL.NS
2009-02-16,41.0,41.25,39.650001525878906,39.95000076293945,32.3345947265625,614413.0,MRPL.NS
2009-02-17,39.0,41.349998474121094,38.95000076293945,40.099998474121094,32.455997467041016,626243.0,MRPL.NS
2009-02-18,39.5,40.150001525878906,39.25,39.650001525878906,32.09178161621094,237470.0,MRPL.NS
2009-02-19,39.900001525878906,41.29999923706055,39.70000076293945,41.04999923706055,33.22490310668945,436118.0,MRPL.NS
2009-02-20,40.150001525878906,40.75,39.5,40.54999923706055,32.82021713256836,364420.0,MRPL.NS
2009-02-24,39.5,40.29999923706055,39.099998474121094,39.75,32.1727180480957,203674.0,MRPL.NS
2009-02-25,40.95000076293945,40.95000076293945,38.650001525878906,38.849998474121094,31.44428062438965,180606.0,MRPL.NS
2009-02-26,39.0,39.0,38.099998474121094,38.650001525878906,31.28240394592285,258727.0,MRPL.NS
2009-02-27,38.900001525878906,39.25,38.29999923706055,39.099998474121094,31.646617889404297,194378.0,MRPL.NS
2009-03-02,38.5,39.20000076293945,38.29999923706055,38.900001525878906,31.484750747680664,178836.0,MRPL.NS
2009-03-03,37.599998474121094,38.70000076293945,37.5,38.0,30.756305694580078,128018.0,MRPL.NS
2009-03-04,38.29999923706055,38.5,37.650001525878906,38.0,30.756305694580078,132466.0,MRPL.NS
2009-03-05,38.04999923706055,38.5,36.79999923706055,37.5,30.35161590576172,173170.0,MRPL.NS
2009-03-06,37.099998474121094,37.45000076293945,36.25,37.04999923706055,29.987401962280273,176155.0,MRPL.NS
2009-03-09,36.5,37.849998474121094,35.5,37.0,29.946931838989258,203067.0,MRPL.NS
2009-03-12,37.5,37.75,36.79999923706055,37.29999923706055,30.18974494934082,223326.0,MRPL.NS
2009-03-13,37.5,38.20000076293945,37.400001525878906,37.79999923706055,30.594432830810547,228625.0,MRPL.NS
2009-03-16,39.099998474121094,39.400001525878906,37.79999923706055,38.650001525878906,31.28240394592285,321892.0,MRPL.NS
2009-03-17,38.650001525878906,39.95000076293945,38.25,38.400001525878906,31.08005714416504,286041.0,MRPL.NS
2009-03-18,38.70000076293945,40.900001525878906,38.650001525878906,39.400001525878906,31.88943099975586,474802.0,MRPL.NS
2009-03-19,39.95000076293945,40.29999923706055,39.29999923706055,39.400001525878906,31.88943099975586,148290.0,MRPL.NS
2009-03-20,39.400001525878906,41.04999923706055,39.0,40.5,32.77975082397461,669424.0,MRPL.NS
2009-03-23,41.5,41.5,40.5,40.75,32.982093811035156,431617.0,MRPL.NS
2009-03-24,41.0,42.5,40.599998474121094,40.79999923706055,33.02255630493164,676146.0,MRPL.NS
2009-03-25,41.0,42.150001525878906,40.75,41.099998474121094,33.26537322998047,517547.0,MRPL.NS
2009-03-26,41.5,42.5,40.54999923706055,42.04999923706055,34.03428268432617,662211.0,MRPL.NS
2009-03-27,42.20000076293945,43.400001525878906,42.04999923706055,42.650001525878906,34.51990509033203,681036.0,MRPL.NS
2009-03-30,42.0,42.150001525878906,40.599998474121094,41.29999923706055,33.42724609375,428451.0,MRPL.NS
2009-03-31,40.900001525878906,41.54999923706055,40.75,41.0,33.18443298339844,267128.0,MRPL.NS
2009-04-01,41.400001525878906,42.0,40.95000076293945,41.650001525878906,33.71053695678711,245753.0,MRPL.NS
2009-04-02,42.75,44.650001525878906,41.900001525878906,43.900001525878906,35.53163146972656,1146413.0,MRPL.NS
2009-04-06,45.20000076293945,53.20000076293945,44.150001525878906,52.349998474121094,42.37086486816406,6009721.0,MRPL.NS
2009-04-08,50.0,53.29999923706055,49.29999923706055,51.20000076293945,41.44008255004883,4324789.0,MRPL.NS
2009-04-09,52.0,53.849998474121094,50.29999923706055,50.79999923706055,41.11632537841797,2591269.0,MRPL.NS
2009-04-13,52.70000076293945,53.0,50.849998474121094,51.70000076293945,41.84476852416992,1538193.0,MRPL.NS
2009-04-15,51.45000076293945,57.25,50.20000076293945,54.599998474121094,44.191959381103516,4907109.0,MRPL.NS
2009-04-16,55.5,56.0,47.79999923706055,49.099998474121094,39.740386962890625,2098465.0,MRPL.NS
2009-04-17,49.04999923706055,51.599998474121094,46.099998474121094,49.29999923706055,39.90226364135742,1761897.0,MRPL.NS
2009-04-20,49.79999923706055,51.900001525878906,49.0,49.650001525878906,40.185543060302734,1168523.0,MRPL.NS
2009-04-21,49.45000076293945,50.79999923706055,48.0,49.95000076293945,40.4283561706543,994238.0,MRPL.NS
2009-04-22,49.95000076293945,51.5,47.599998474121094,48.650001525878906,39.37616729736328,842151.0,MRPL.NS
2009-04-23,48.900001525878906,49.20000076293945,47.04999923706055,48.849998474121094,39.53804016113281,534747.0,MRPL.NS
2009-04-24,49.70000076293945,52.0,48.599998474121094,51.150001525878906,41.39960861206055,1250075.0,MRPL.NS
2009-04-27,52.0,52.45000076293945,49.04999923706055,49.349998474121094,39.94272994995117,896703.0,MRPL.NS
2009-04-28,49.04999923706055,50.599998474121094,47.70000076293945,48.099998474121094,38.931007385253906,745569.0,MRPL.NS
2009-04-29,48.5,49.5,47.70000076293945,49.150001525878906,39.78085708618164,962213.0,MRPL.NS
2009-04-30,49.150001525878906,49.150001525878906,49.150001525878906,49.150001525878906,39.78085708618164,0.0,MRPL.NS
2009-05-04,50.0,51.95000076293945,50.0,50.70000076293945,41.0353889465332,930493.0,MRPL.NS
2009-05-05,52.0,53.099998474121094,50.5,52.599998474121094,42.57320022583008,1467882.0,MRPL.NS
2009-05-06,52.900001525878906,54.5,50.5,51.150001525878906,41.39960861206055,1349680.0,MRPL.NS
2009-05-07,52.0,53.400001525878906,51.5,53.0,42.89695358276367,1027250.0,MRPL.NS
2009-05-08,53.0,54.75,51.5,52.79999923706055,42.735076904296875,1228898.0,MRPL.NS
2009-05-11,54.5,56.29999923706055,53.25,54.29999923706055,43.94914245605469,3426044.0,MRPL.NS
2009-05-12,54.29999923706055,54.29999923706055,52.599998474121094,53.650001525878906,43.42304992675781,1008609.0,MRPL.NS
2009-05-13,54.0,55.20000076293945,52.0,52.599998474121094,42.57320022583008,1146648.0,MRPL.NS
2009-05-14,51.900001525878906,52.25,51.099998474121094,51.45000076293945,41.642417907714844,585066.0,MRPL.NS
2009-05-15,52.0,53.25,51.04999923706055,51.25,41.48054504394531,639146.0,MRPL.NS
2009-05-18,54.5,60.0,53.45000076293945,57.599998474121094,46.62009048461914,8718.0,MRPL.NS
2009-05-19,58.400001525878906,62.0,53.0,56.29999923706055,45.56789779663086,2259979.0,MRPL.NS
2009-05-20,56.0,60.5,55.45000076293945,59.400001525878906,48.07696533203125,2246740.0,MRPL.NS
2009-05-21,59.849998474121094,65.8499984741211,59.849998474121094,62.25,50.383689880371094,4365430.0,MRPL.NS
2009-05-22,62.0,64.0,60.70000076293945,62.54999923706055,50.626502990722656,1694223.0,MRPL.NS
2009-05-25,62.5,70.5,62.5,69.69999694824219,56.41352844238281,4369297.0,MRPL.NS
2009-05-26,71.0,71.94999694824219,65.0,65.75,53.216514587402344,3085327.0,MRPL.NS
2009-05-27,67.5,76.75,67.1500015258789,75.94999694824219,61.47214889526367,13219594.0,MRPL.NS
2009-05-28,77.19999694824219,77.19999694824219,72.05000305175781,72.5999984741211,58.7607421875,6779079.0,MRPL.NS
2009-05-29,74.69999694824219,79.30000305175781,73.4000015258789,75.69999694824219,61.26979064941406,9442940.0,MRPL.NS
2009-06-01,75.0,77.80000305175781,74.5,76.44999694824219,61.87683868408203,3053860.0,MRPL.NS
2009-06-02,77.0,77.44999694824219,73.69999694824219,74.75,60.50089645385742,1673358.0,MRPL.NS
2009-06-03,75.5,77.3499984741211,73.0999984741211,74.4000015258789,60.21761703491211,2161988.0,MRPL.NS
2009-06-04,73.4000015258789,77.0,72.80000305175781,75.75,61.31027603149414,2099160.0,MRPL.NS
2009-06-05,77.0,95.44999694824219,76.0999984741211,93.55000305175781,75.71717834472656,35853016.0,MRPL.NS
2009-06-08,95.80000305175781,102.44999694824219,89.0,92.30000305175781,74.70545959472656,40174056.0,MRPL.NS
2009-06-09,92.5,97.19999694824219,90.5999984741211,95.05000305175781,76.93123626708984,19119387.0,MRPL.NS
2009-06-10,96.5999984741211,98.4000015258789,91.0999984741211,92.30000305175781,74.70545959472656,10971265.0,MRPL.NS
2009-06-11,92.5,94.69999694824219,90.25,91.19999694824219,73.81513214111328,5834379.0,MRPL.NS
2009-06-12,91.80000305175781,93.80000305175781,85.05000305175781,86.19999694824219,69.76825714111328,4684656.0,MRPL.NS
2009-06-15,84.5999984741211,87.5999984741211,82.44999694824219,83.5,67.58293914794922,4060609.0,MRPL.NS
2009-06-16,83.75,97.19999694824219,80.25,95.19999694824219,77.05264282226562,17838513.0,MRPL.NS
2009-06-17,97.0,97.0,85.3499984741211,86.5999984741211,70.0920181274414,10185379.0,MRPL.NS
2009-06-18,86.25,87.44999694824219,78.80000305175781,80.25,64.95246887207031,6765179.0,MRPL.NS
2009-06-19,82.30000305175781,86.4000015258789,80.0999984741211,83.69999694824219,67.74482727050781,7786374.0,MRPL.NS
2009-06-22,83.55000305175781,90.5,81.4000015258789,87.0999984741211,70.49668884277344,18782253.0,MRPL.NS
2009-06-23,88.0,88.0,83.1500015258789,85.19999694824219,68.95886993408203,6838472.0,MRPL.NS
2009-06-24,85.69999694824219,87.94999694824219,84.55000305175781,86.05000305175781,69.64684295654297,5457495.0,MRPL.NS
2009-06-25,86.9000015258789,90.0,84.19999694824219,85.0999984741211,68.87793731689453,6690685.0,MRPL.NS
2009-06-26,86.69999694824219,87.80000305175781,85.25,86.30000305175781,69.84920501708984,3897746.0,MRPL.NS
2009-06-29,86.69999694824219,88.9000015258789,85.80000305175781,86.75,70.2134017944336,4026468.0,MRPL.NS
2009-06-30,87.5999984741211,88.80000305175781,81.25,82.19999694824219,66.53074645996094,3428725.0,MRPL.NS
2009-07-01,83.0,85.30000305175781,79.5999984741211,83.6500015258789,67.70433807373047,3651819.0,MRPL.NS
2009-07-02,84.80000305175781,87.5,83.25,84.1500015258789,68.1090316772461,4995557.0,MRPL.NS
2009-07-03,83.4000015258789,84.5,82.30000305175781,83.30000305175781,67.42107391357422,2280966.0,MRPL.NS
2009-07-06,84.69999694824219,84.9000015258789,78.0999984741211,78.5999984741211,63.61698913574219,2688956.0,MRPL.NS
2009-07-07,79.5999984741211,79.5999984741211,75.0999984741211,77.8499984741211,63.00996017456055,1900095.0,MRPL.NS
2009-07-08,77.0,77.0,70.69999694824219,71.4000015258789,57.789485931396484,2081484.0,MRPL.NS
2009-07-09,70.0,72.80000305175781,68.80000305175781,70.3499984741211,56.939640045166016,3365459.0,MRPL.NS
2009-07-10,71.0,75.75,70.05000305175781,73.05000305175781,59.12495040893555,6007722.0,MRPL.NS
2009-07-13,71.0,73.75,68.80000305175781,70.69999694824219,57.222923278808594,2845114.0,MRPL.NS
2009-07-14,71.80000305175781,74.4000015258789,71.80000305175781,73.30000305175781,59.32729721069336,1878294.0,MRPL.NS
2009-07-15,74.0,76.9000015258789,73.8499984741211,76.25,61.714962005615234,2300527.0,MRPL.NS
2009-07-16,78.0,79.1500015258789,75.19999694824219,75.94999694824219,61.47214889526367,2083557.0,MRPL.NS
2009-07-17,77.0,80.0,76.25,78.8499984741211,63.819339752197266,2663758.0,MRPL.NS
2009-07-20,81.0,81.0,78.0999984741211,79.94999694824219,64.70965576171875,1614960.0,MRPL.NS
2009-07-21,80.0,87.9000015258789,79.0999984741211,85.4000015258789,69.12075805664062,9792437.0,MRPL.NS
2009-07-22,85.8499984741211,87.44999694824219,81.9000015258789,84.80000305175781,68.6351318359375,5618856.0,MRPL.NS
2009-07-23,86.0999984741211,86.3499984741211,81.0,82.6500015258789,66.89497375488281,5884722.0,MRPL.NS
2009-07-24,83.4000015258789,84.6500015258789,83.0,83.19999694824219,67.34011840820312,1855232.0,MRPL.NS
2009-07-27,83.5,84.25,82.3499984741211,83.0,67.17825317382812,1205226.0,MRPL.NS
2009-07-28,83.5,84.5,82.5,83.1500015258789,67.2996597290039,1363797.0,MRPL.NS
2009-07-29,82.80000305175781,85.0,80.25,83.69999694824219,67.74482727050781,2180807.0,MRPL.NS
2009-07-30,83.4000015258789,86.19999694824219,82.55000305175781,85.05000305175781,68.83747100830078,3341420.0,MRPL.NS
2009-07-31,86.4000015258789,87.0,83.4000015258789,84.5,68.39231872558594,1977747.0,MRPL.NS
2009-08-03,84.5999984741211,85.69999694824219,82.6500015258789,84.19999694824219,68.1495132446289,1265654.0,MRPL.NS
2009-08-04,84.69999694824219,89.5,84.3499984741211,88.25,71.4274673461914,6059966.0,MRPL.NS
2009-08-05,88.80000305175781,93.19999694824219,88.75,91.6500015258789,74.17936706542969,10026885.0,MRPL.NS
2009-08-06,91.0,91.0999984741211,84.80000305175781,85.94999694824219,70.48884582519531,3904015.0,MRPL.NS
2009-08-07,85.0999984741211,86.0,82.0999984741211,83.94999694824219,68.84860229492188,3027169.0,MRPL.NS
2009-08-10,85.80000305175781,86.25,82.1500015258789,83.69999694824219,68.64359283447266,1512605.0,MRPL.NS
2009-08-11,83.0999984741211,84.69999694824219,80.5,82.0999984741211,67.3313980102539,1917928.0,MRPL.NS
2009-08-12,80.75,81.8499984741211,78.4000015258789,81.05000305175781,66.47027587890625,1834398.0,MRPL.NS
2009-08-13,82.0999984741211,84.75,81.8499984741211,84.4000015258789,69.2176742553711,1762727.0,MRPL.NS
2009-08-14,84.94999694824219,86.5,83.5,84.6500015258789,69.42269134521484,2515041.0,MRPL.NS
2009-08-17,82.94999694824219,83.69999694824219,77.80000305175781,78.69999694824219,64.54300689697266,1691453.0,MRPL.NS
2009-08-18,79.05000305175781,82.69999694824219,78.75,81.9000015258789,67.1673812866211,1915742.0,MRPL.NS
2009-08-19,82.4000015258789,83.0,78.6500015258789,79.0999984741211,64.87105560302734,1280421.0,MRPL.NS
2009-08-20,80.30000305175781,81.9000015258789,79.75,80.19999694824219,65.77318572998047,864329.0,MRPL.NS
2009-08-21,80.25,81.4000015258789,79.75,80.8499984741211,66.30625915527344,880025.0,MRPL.NS
2009-08-24,82.5,82.9000015258789,81.6500015258789,82.19999694824219,67.41340637207031,867382.0,MRPL.NS
2009-08-25,82.0,83.80000305175781,81.0999984741211,83.1500015258789,68.19252014160156,1582522.0,MRPL.NS
2009-08-26,83.5,85.5,82.69999694824219,84.44999694824219,69.2586669921875,2068023.0,MRPL.NS
2009-08-27,83.80000305175781,84.80000305175781,82.5,83.1500015258789,68.19252014160156,1518733.0,MRPL.NS
2009-08-28,83.5,84.3499984741211,82.1500015258789,83.8499984741211,68.7666015625,1061534.0,MRPL.NS
2009-08-31,80.0,86.5,80.0,85.75,70.32481384277344,2363748.0,MRPL.NS
2009-09-01,86.80000305175781,89.8499984741211,85.4000015258789,86.0,70.52985382080078,5464758.0,MRPL.NS
2009-09-02,84.94999694824219,88.5,84.5,86.6500015258789,71.06293487548828,3187959.0,MRPL.NS
2009-09-03,87.30000305175781,89.9000015258789,86.0999984741211,87.5,71.76002502441406,4235973.0,MRPL.NS
2009-09-04,88.4000015258789,88.9000015258789,87.25,87.8499984741211,72.04705047607422,1624181.0,MRPL.NS
2009-09-07,88.5,90.0,88.19999694824219,89.1500015258789,73.11321258544922,2533658.0,MRPL.NS
2009-09-08,90.19999694824219,90.5999984741211,86.5999984741211,87.4000015258789,71.67801666259766,1414611.0,MRPL.NS
2009-09-09,87.0,89.6500015258789,86.6500015258789,87.5999984741211,71.84203338623047,1598154.0,MRPL.NS
2009-09-10,88.6500015258789,89.0,86.25,86.8499984741211,71.22693634033203,1520645.0,MRPL.NS
2009-09-11,87.6500015258789,87.6500015258789,84.19999694824219,85.5,70.11979675292969,1004536.0,MRPL.NS
2009-09-14,85.0,86.9000015258789,83.8499984741211,86.5,70.93990325927734,1326111.0,MRPL.NS
2009-09-15,87.19999694824219,87.6500015258789,86.0,86.8499984741211,71.22693634033203,1031494.0,MRPL.NS
2009-09-16,87.25,87.5,85.5,86.3499984741211,70.81689453125,798877.0,MRPL.NS
2009-09-17,87.30000305175781,91.5999984741211,85.6500015258789,90.6500015258789,74.34337615966797,4836545.0,MRPL.NS
2009-09-18,90.3499984741211,90.5999984741211,87.4000015258789,88.4000015258789,72.49813079833984,2238111.0,MRPL.NS
2009-09-22,87.0,88.9000015258789,87.0,87.5999984741211,71.84203338623047,1162286.0,MRPL.NS
2009-09-23,87.9000015258789,88.30000305175781,85.25,85.75,70.32481384277344,1017826.0,MRPL.NS
2009-09-24,84.55000305175781,86.1500015258789,84.55000305175781,85.8499984741211,70.4068374633789,1230976.0,MRPL.NS
2009-09-25,85.6500015258789,87.69999694824219,85.0,86.4000015258789,70.85789489746094,1354808.0,MRPL.NS
2009-09-29,87.19999694824219,93.55000305175781,86.55000305175781,93.0999984741211,76.35265350341797,8010707.0,MRPL.NS
2009-09-30,93.6500015258789,93.69999694824219,90.4000015258789,91.30000305175781,74.87645721435547,6444877.0,MRPL.NS
2009-10-01,91.30000305175781,92.4000015258789,89.0,89.3499984741211,73.27722930908203,3030735.0,MRPL.NS
2009-10-05,88.0999984741211,89.19999694824219,85.80000305175781,86.44999694824219,70.8989028930664,935022.0,MRPL.NS
2009-10-06,87.19999694824219,87.55000305175781,83.0999984741211,85.0999984741211,69.79174041748047,1202557.0,MRPL.NS
2009-10-07,85.9000015258789,86.8499984741211,84.6500015258789,85.05000305175781,69.75074005126953,1295001.0,MRPL.NS
2009-10-08,85.25,86.44999694824219,84.0999984741211,85.1500015258789,69.83275604248047,1298702.0,MRPL.NS
2009-10-09,85.80000305175781,87.75,84.80000305175781,85.19999694824219,69.87374877929688,1867857.0,MRPL.NS
2009-10-12,85.25,86.69999694824219,75.0,85.75,70.32481384277344,806099.0,MRPL.NS
2009-10-13,85.75,85.75,85.75,85.75,70.32481384277344,0.0,MRPL.NS
2009-10-14,86.0,89.19999694824219,85.9000015258789,88.44999694824219,72.53913116455078,2105076.0,MRPL.NS
2009-10-15,89.80000305175781,89.8499984741211,87.30000305175781,88.0,72.17008209228516,1856687.0,MRPL.NS
2009-10-16,87.19999694824219,90.55000305175781,87.19999694824219,89.0,72.99018859863281,2575668.0,MRPL.NS
2009-10-20,89.25,89.5,86.55000305175781,86.80000305175781,71.1859359741211,791729.0,MRPL.NS
2009-10-21,86.80000305175781,88.0,85.5,85.9000015258789,70.44784545898438,798480.0,MRPL.NS
2009-10-22,85.80000305175781,86.30000305175781,83.25,83.75,68.68458557128906,688418.0,MRPL.NS
2009-10-23,84.55000305175781,85.55000305175781,82.3499984741211,83.0999984741211,68.15151977539062,681399.0,MRPL.NS
2009-10-26,83.69999694824219,84.19999694824219,81.4000015258789,81.8499984741211,67.1263656616211,715147.0,MRPL.NS
2009-10-27,80.25,81.0999984741211,76.25,77.0,63.14882278442383,1187574.0,MRPL.NS
2009-10-28,76.75,77.80000305175781,72.80000305175781,74.94999694824219,61.467586517333984,1262201.0,MRPL.NS
2009-10-29,73.5,75.30000305175781,72.5,73.6500015258789,60.401432037353516,2126608.0,MRPL.NS
2009-10-30,75.5999984741211,76.05000305175781,74.4000015258789,74.69999694824219,61.262542724609375,802894.0,MRPL.NS
2009-11-03,74.30000305175781,74.80000305175781,71.05000305175781,71.9000015258789,58.96623229980469,1045207.0,MRPL.NS
2009-11-04,72.9000015258789,73.44999694824219,70.0999984741211,73.0,59.86835479736328,909267.0,MRPL.NS
2009-11-05,73.5,75.44999694824219,72.4000015258789,74.94999694824219,61.467586517333984,719125.0,MRPL.NS
2009-11-06,76.69999694824219,78.5999984741211,75.19999694824219,77.25,63.353851318359375,986525.0,MRPL.NS
2009-11-09,77.44999694824219,79.19999694824219,75.5999984741211,78.30000305175781,64.2149658203125,956635.0,MRPL.NS
2009-11-10,79.0,81.94999694824219,78.19999694824219,78.94999694824219,64.74803924560547,1782675.0,MRPL.NS
2009-11-11,78.94999694824219,81.9000015258789,78.0999984741211,81.30000305175781,66.6753158569336,1604824.0,MRPL.NS
2009-11-12,80.5,80.9000015258789,78.9000015258789,79.5999984741211,65.28112030029297,827099.0,MRPL.NS
2009-11-13,79.0,82.0,79.0,80.55000305175781,66.06023406982422,1271913.0,MRPL.NS
2009-11-16,81.0,81.3499984741211,79.5999984741211,79.9000015258789,65.52716064453125,600119.0,MRPL.NS
2009-11-17,80.19999694824219,83.1500015258789,79.9000015258789,82.19999694824219,67.41340637207031,1820675.0,MRPL.NS
2009-11-18,82.19999694824219,83.25,81.3499984741211,82.0999984741211,67.3313980102539,1118842.0,MRPL.NS
2009-11-19,81.55000305175781,81.9000015258789,78.05000305175781,78.5999984741211,64.46099090576172,752778.0,MRPL.NS
2009-11-20,78.19999694824219,79.5,77.69999694824219,79.0,64.78904724121094,714459.0,MRPL.NS
2009-11-23,79.0999984741211,79.80000305175781,78.55000305175781,79.0999984741211,64.87105560302734,491114.0,MRPL.NS
2009-11-24,78.5999984741211,80.80000305175781,78.0,79.55000305175781,65.2401123046875,563545.0,MRPL.NS
2009-11-25,79.8499984741211,81.1500015258789,79.1500015258789,80.0999984741211,65.69116973876953,794370.0,MRPL.NS
2009-11-26,80.0,80.8499984741211,77.44999694824219,77.80000305175781,63.80491256713867,446162.0,MRPL.NS
2009-11-27,76.75,76.75,74.19999694824219,76.0,62.32870864868164,888799.0,MRPL.NS
2009-11-30,77.25,78.8499984741211,76.5,77.8499984741211,63.84590530395508,593626.0,MRPL.NS
2009-12-01,77.8499984741211,80.5999984741211,77.8499984741211,79.0,64.78904724121094,1281061.0,MRPL.NS
2009-12-02,79.5,80.5999984741211,76.25,76.5999984741211,62.820770263671875,1290370.0,MRPL.NS
2009-12-03,77.05000305175781,79.19999694824219,76.75,77.4000015258789,63.476863861083984,1461638.0,MRPL.NS
2009-12-04,76.9000015258789,81.5999984741211,76.69999694824219,81.0999984741211,66.51127624511719,2502309.0,MRPL.NS
2009-12-07,81.0999984741211,81.75,78.8499984741211,79.4000015258789,65.1170883178711,2235114.0,MRPL.NS
2009-12-08,79.5,81.5999984741211,79.25,80.80000305175781,66.26525115966797,1442845.0,MRPL.NS
2009-12-09,80.19999694824219,81.4000015258789,79.5,79.8499984741211,65.48614501953125,1107327.0,MRPL.NS
2009-12-10,80.0999984741211,80.0999984741211,78.69999694824219,79.30000305175781,65.03508758544922,945523.0,MRPL.NS
2009-12-11,80.0,80.4000015258789,77.0,77.3499984741211,63.435855865478516,1228069.0,MRPL.NS
2009-12-14,76.94999694824219,78.0,75.9000015258789,76.75,62.94379806518555,1219235.0,MRPL.NS
2009-12-15,77.0,77.5,76.0,76.5,62.7387580871582,875250.0,MRPL.NS
2009-12-16,76.9000015258789,76.9000015258789,75.5,76.0999984741211,62.41071319580078,547724.0,MRPL.NS
2009-12-17,76.5999984741211,77.30000305175781,75.9000015258789,76.30000305175781,62.57474899291992,467928.0,MRPL.NS
2009-12-18,76.0999984741211,78.5,75.75,76.5999984741211,62.820770263671875,1034156.0,MRPL.NS
2009-12-21,76.9000015258789,77.0999984741211,74.9000015258789,75.0999984741211,61.59059143066406,510524.0,MRPL.NS
2009-12-22,75.55000305175781,76.4000015258789,75.0,76.0,62.32870864868164,448301.0,MRPL.NS
2009-12-23,76.0,77.80000305175781,76.0,77.4000015258789,63.476863861083984,654915.0,MRPL.NS
2009-12-24,78.25,79.19999694824219,77.5,78.0,63.968936920166016,686536.0,MRPL.NS
2009-12-29,78.69999694824219,79.44999694824219,77.5999984741211,79.0,64.78904724121094,884314.0,MRPL.NS
2009-12-30,79.19999694824219,79.75,78.5,78.69999694824219,64.54300689697266,445116.0,MRPL.NS
2009-12-31,78.80000305175781,79.30000305175781,77.8499984741211,78.0999984741211,64.05094909667969,487808.0,MRPL.NS
2010-01-04,78.80000305175781,79.9000015258789,78.1500015258789,79.4000015258789,65.1170883178711,976011.0,MRPL.NS
2010-01-05,80.5999984741211,81.9000015258789,79.69999694824219,81.25,66.63430786132812,3354667.0,MRPL.NS
2010-01-06,81.9000015258789,85.3499984741211,81.4000015258789,84.19999694824219,69.05364227294922,6240124.0,MRPL.NS
2010-01-07,84.9000015258789,85.1500015258789,82.4000015258789,84.30000305175781,69.1356430053711,2828729.0,MRPL.NS
2010-01-08,84.80000305175781,85.8499984741211,83.4000015258789,83.80000305175781,68.72560119628906,2716407.0,MRPL.NS
2010-01-11,84.69999694824219,85.0999984741211,83.0,83.19999694824219,68.23351287841797,1583348.0,MRPL.NS
2010-01-12,83.5,85.0,81.6500015258789,82.19999694824219,67.41340637207031,2108295.0,MRPL.NS
2010-01-13,81.6500015258789,83.44999694824219,81.05000305175781,83.0,68.06951141357422,1482485.0,MRPL.NS
2010-01-14,83.5,84.5999984741211,83.05000305175781,84.0,68.88961791992188,1288044.0,MRPL.NS
2010-01-15,84.44999694824219,85.5999984741211,83.30000305175781,84.94999694824219,69.6687240600586,2192395.0,MRPL.NS
2010-01-18,84.94999694824219,90.3499984741211,84.80000305175781,89.0999984741211,73.07221221923828,10501563.0,MRPL.NS
2010-01-19,91.0,91.0,85.75,86.25,70.73487854003906,5250890.0,MRPL.NS
2010-01-20,88.4000015258789,89.75,85.5,86.0999984741211,70.61185455322266,3603991.0,MRPL.NS
2010-01-21,86.0999984741211,86.1500015258789,82.1500015258789,82.6500015258789,67.782470703125,1421311.0,MRPL.NS
2010-01-22,79.44999694824219,81.25,78.4000015258789,80.0,65.6091537475586,1531402.0,MRPL.NS
2010-01-25,79.0,80.55000305175781,78.6500015258789,79.4000015258789,65.1170883178711,743450.0,MRPL.NS
2010-01-27,79.0,81.9000015258789,76.0,77.05000305175781,63.18983459472656,2441002.0,MRPL.NS
2010-01-28,78.0,79.0999984741211,75.5,76.8499984741211,63.02579879760742,2754194.0,MRPL.NS
2010-01-29,75.8499984741211,78.80000305175781,74.19999694824219,77.94999694824219,63.927921295166016,1632142.0,MRPL.NS
2010-02-01,78.25,79.5999984741211,77.05000305175781,78.5,64.37898254394531,752647.0,MRPL.NS
2010-02-02,79.0,81.0999984741211,78.0,78.4000015258789,64.29698181152344,1545881.0,MRPL.NS
2010-02-03,79.0,80.9000015258789,79.0,80.4000015258789,65.93721008300781,838823.0,MRPL.NS
2010-02-04,80.8499984741211,81.4000015258789,78.19999694824219,78.4000015258789,64.29698181152344,1035594.0,MRPL.NS
2010-02-05,76.0,77.0,74.80000305175781,75.1500015258789,61.63159942626953,800003.0,MRPL.NS
2010-02-06,,,,,,,MRPL.NS
2010-02-08,76.94999694824219,77.19999694824219,75.55000305175781,76.69999694824219,62.90278625488281,526441.0,MRPL.NS
2010-02-09,76.5999984741211,78.30000305175781,76.30000305175781,77.6500015258789,63.68189239501953,827939.0,MRPL.NS
2010-02-10,77.80000305175781,78.5,76.05000305175781,76.25,62.53373718261719,556402.0,MRPL.NS
2010-02-11,76.6500015258789,77.9000015258789,76.5,77.30000305175781,63.39485549926758,472096.0,MRPL.NS
2010-02-15,77.9000015258789,78.44999694824219,76.0,76.1500015258789,62.45172119140625,297525.0,MRPL.NS
2010-02-16,76.5,78.1500015258789,76.05000305175781,77.5999984741211,63.64087677001953,517516.0,MRPL.NS
2010-02-17,78.44999694824219,78.8499984741211,77.0999984741211,77.25,63.353851318359375,499785.0,MRPL.NS
2010-02-18,77.30000305175781,78.6500015258789,76.4000015258789,77.1500015258789,63.271827697753906,695495.0,MRPL.NS
2010-02-19,76.94999694824219,78.0,75.25,75.5999984741211,62.000648498535156,613251.0,MRPL.NS
2010-02-22,76.5999984741211,77.0,74.5,75.0999984741211,61.59059143066406,380856.0,MRPL.NS
2010-02-23,74.9000015258789,75.3499984741211,73.5,73.75,60.48344802856445,460110.0,MRPL.NS
2010-02-24,74.5,74.5,72.25,73.5,60.278411865234375,576070.0,MRPL.NS
2010-02-25,73.8499984741211,74.25,71.5999984741211,72.0,59.048248291015625,1109994.0,MRPL.NS
2010-02-26,72.19999694824219,74.94999694824219,72.0,74.0999984741211,60.77048873901367,972547.0,MRPL.NS
2010-03-02,74.30000305175781,75.4000015258789,74.0999984741211,74.8499984741211,61.385562896728516,474328.0,MRPL.NS
2010-03-03,75.25,76.4000015258789,74.80000305175781,75.80000305175781,62.164676666259766,561588.0,MRPL.NS
2010-03-04,76.80000305175781,76.80000305175781,75.5,76.4000015258789,62.65675735473633,479335.0,MRPL.NS
2010-03-05,77.0,79.25,76.55000305175781,78.4000015258789,64.29698181152344,1277697.0,MRPL.NS
2010-03-08,79.5999984741211,80.3499984741211,78.0,78.3499984741211,64.25597381591797,1641148.0,MRPL.NS
2010-03-09,78.8499984741211,78.8499984741211,76.55000305175781,76.75,62.94379806518555,517191.0,MRPL.NS
2010-03-10,76.5,77.9000015258789,76.30000305175781,76.75,62.94379806518555,386295.0,MRPL.NS
2010-03-11,75.1500015258789,76.8499984741211,75.0999984741211,75.75,62.12367248535156,436601.0,MRPL.NS
2010-03-12,75.05000305175781,76.80000305175781,75.05000305175781,75.44999694824219,61.87763595581055,438350.0,MRPL.NS
2010-03-15,75.55000305175781,76.1500015258789,74.6500015258789,74.9000015258789,61.42658615112305,520718.0,MRPL.NS
2010-03-16,74.9000015258789,76.30000305175781,74.9000015258789,76.0999984741211,62.41071319580078,574768.0,MRPL.NS
2010-03-17,76.30000305175781,77.0,75.55000305175781,75.69999694824219,62.082672119140625,433234.0,MRPL.NS
2010-03-18,76.0999984741211,76.69999694824219,75.25,75.6500015258789,62.04167938232422,332621.0,MRPL.NS
2010-03-19,75.6500015258789,76.44999694824219,74.80000305175781,75.19999694824219,61.67261505126953,454750.0,MRPL.NS
2010-03-22,74.05000305175781,75.25,73.69999694824219,74.05000305175781,60.7294807434082,593690.0,MRPL.NS
2010-03-23,74.4000015258789,75.0,74.0,74.44999694824219,61.05752944946289,407273.0,MRPL.NS
2010-03-25,74.25,75.25,74.0,74.44999694824219,61.05752944946289,1035937.0,MRPL.NS
2010-03-26,74.55000305175781,76.0,74.55000305175781,74.94999694824219,61.467586517333984,616893.0,MRPL.NS
2010-03-29,73.0999984741211,75.94999694824219,70.05000305175781,75.55000305175781,61.95965576171875,839927.0,MRPL.NS
2010-03-30,76.80000305175781,77.6500015258789,75.5999984741211,76.1500015258789,62.45172119140625,1222774.0,MRPL.NS
2010-03-31,76.1500015258789,77.44999694824219,75.80000305175781,76.19999694824219,62.49272155761719,532873.0,MRPL.NS
2010-04-01,76.80000305175781,78.9000015258789,76.6500015258789,78.1500015258789,64.09194946289062,1016890.0,MRPL.NS
2010-04-05,82.0,82.0,77.5,78.0,63.968936920166016,555809.0,MRPL.NS
2010-04-06,79.0,79.75,78.19999694824219,78.4000015258789,64.29698181152344,847218.0,MRPL.NS
2010-04-07,78.6500015258789,79.55000305175781,77.5999984741211,78.19999694824219,64.13294982910156,467955.0,MRPL.NS
2010-04-08,78.0999984741211,81.1500015258789,77.75,79.4000015258789,65.1170883178711,1845447.0,MRPL.NS
2010-04-09,79.44999694824219,83.5,79.19999694824219,83.0999984741211,68.15151977539062,2920529.0,MRPL.NS
2010-04-12,84.0,84.0,80.6500015258789,81.3499984741211,66.71631622314453,1502644.0,MRPL.NS
2010-04-13,81.9000015258789,81.9000015258789,79.25,79.44999694824219,65.1581039428711,778773.0,MRPL.NS
2010-04-15,80.0999984741211,81.5,78.0,78.55000305175781,64.41999816894531,1035784.0,MRPL.NS
2010-04-16,78.30000305175781,79.3499984741211,76.8499984741211,77.0999984741211,63.23082733154297,886368.0,MRPL.NS
2010-04-19,76.19999694824219,77.80000305175781,75.30000305175781,77.05000305175781,63.18983459472656,882165.0,MRPL.NS
2010-04-20,77.5,78.4000015258789,76.6500015258789,77.5,63.55887985229492,624585.0,MRPL.NS
2010-04-21,78.0,78.4000015258789,77.0,77.19999694824219,63.312843322753906,532944.0,MRPL.NS
2010-04-22,77.30000305175781,77.9000015258789,76.05000305175781,76.44999694824219,62.697750091552734,584765.0,MRPL.NS
2010-04-23,76.5999984741211,77.4000015258789,75.75,76.0,62.32870864868164,642102.0,MRPL.NS
2010-04-26,77.4000015258789,77.4000015258789,75.5999984741211,75.6500015258789,62.04167938232422,509538.0,MRPL.NS
2010-04-27,75.69999694824219,76.19999694824219,75.05000305175781,75.19999694824219,61.67261505126953,591948.0,MRPL.NS
2010-04-28,74.0,75.30000305175781,73.4000015258789,73.6500015258789,60.401432037353516,828928.0,MRPL.NS
2010-04-29,74.9000015258789,75.0999984741211,73.19999694824219,74.55000305175781,61.13954162597656,788749.0,MRPL.NS
2010-04-30,74.5,77.30000305175781,74.5,76.44999694824219,62.697750091552734,911827.0,MRPL.NS
2010-05-03,75.8499984741211,77.8499984741211,75.75,77.0999984741211,63.23082733154297,793019.0,MRPL.NS
2010-05-04,77.69999694824219,78.05000305175781,74.6500015258789,74.94999694824219,61.467586517333984,730487.0,MRPL.NS
2010-05-05,74.0,75.05000305175781,73.0,74.8499984741211,61.385562896728516,568403.0,MRPL.NS
2010-05-06,74.6500015258789,75.8499984741211,73.5999984741211,74.94999694824219,61.467586517333984,673937.0,MRPL.NS
2010-05-07,74.05000305175781,74.30000305175781,72.30000305175781,72.5999984741211,59.540313720703125,533682.0,MRPL.NS
2010-05-10,73.30000305175781,75.0,73.30000305175781,74.6500015258789,61.22154235839844,397325.0,MRPL.NS
2010-05-11,74.3499984741211,75.4000015258789,73.30000305175781,73.69999694824219,60.44243621826172,508494.0,MRPL.NS
2010-05-12,72.9000015258789,75.0,72.9000015258789,74.6500015258789,61.22154235839844,461598.0,MRPL.NS
2010-05-13,74.0,74.0999984741211,73.0999984741211,73.4000015258789,60.1964111328125,502624.0,MRPL.NS
2010-05-14,73.0,73.30000305175781,70.4000015258789,71.0999984741211,58.31014633178711,551075.0,MRPL.NS
2010-05-17,70.0999984741211,71.6500015258789,69.8499984741211,71.44999694824219,58.5971794128418,310369.0,MRPL.NS
2010-05-18,71.19999694824219,71.69999694824219,70.5,70.75,58.02309036254883,342686.0,MRPL.NS
2010-05-19,70.0,70.69999694824219,68.0999984741211,68.55000305175781,56.2188606262207,280087.0,MRPL.NS
2010-05-20,68.9000015258789,70.25,68.1500015258789,68.5,56.177852630615234,570155.0,MRPL.NS
2010-05-21,68.05000305175781,68.05000305175781,66.25,67.05000305175781,54.98868179321289,335545.0,MRPL.NS
2010-05-24,68.0999984741211,69.30000305175781,67.80000305175781,68.19999694824219,55.93181610107422,379201.0,MRPL.NS
2010-05-25,67.9000015258789,67.94999694824219,64.3499984741211,65.0999984741211,53.38944625854492,339047.0,MRPL.NS
2010-05-26,66.0,66.5,65.5,66.1500015258789,54.250572204589844,276552.0,MRPL.NS
2010-05-27,65.9000015258789,68.0,64.69999694824219,64.94999694824219,53.26643371582031,817849.0,MRPL.NS
2010-05-28,65.94999694824219,67.0,65.9000015258789,66.30000305175781,54.373592376708984,627698.0,MRPL.NS
2010-05-31,66.6500015258789,68.6500015258789,65.8499984741211,68.19999694824219,55.93181610107422,1375811.0,MRPL.NS
2010-06-01,68.0999984741211,70.69999694824219,66.80000305175781,67.05000305175781,54.98868179321289,1158851.0,MRPL.NS
2010-06-02,67.0,68.30000305175781,66.9000015258789,68.05000305175781,55.808799743652344,767358.0,MRPL.NS
2010-06-03,68.25,69.4000015258789,68.25,68.8499984741211,56.46488571166992,481609.0,MRPL.NS
2010-06-04,69.0,70.75,68.69999694824219,69.94999694824219,57.36700439453125,1111282.0,MRPL.NS
2010-06-07,68.0,69.5,66.05000305175781,68.3499984741211,56.05482864379883,505062.0,MRPL.NS
2010-06-08,68.0999984741211,68.5,65.55000305175781,65.75,53.92253875732422,706969.0,MRPL.NS
2010-06-09,66.0,67.19999694824219,66.0,66.5999984741211,54.61962127685547,284014.0,MRPL.NS
2010-06-10,66.19999694824219,68.55000305175781,66.19999694824219,67.94999694824219,55.72677230834961,517399.0,MRPL.NS
2010-06-11,68.5,68.5999984741211,66.8499984741211,67.0999984741211,55.029685974121094,381842.0,MRPL.NS
2010-06-14,67.30000305175781,68.69999694824219,67.30000305175781,68.44999694824219,56.1368293762207,370400.0,MRPL.NS
2010-06-15,68.5,69.25,67.75,68.25,55.97282028198242,542597.0,MRPL.NS
2010-06-16,68.75,68.94999694824219,68.1500015258789,68.5,56.177852630615234,401330.0,MRPL.NS
2010-06-17,68.9000015258789,70.05000305175781,68.05000305175781,69.25,56.79292678833008,734399.0,MRPL.NS
2010-06-18,69.0,69.9000015258789,68.0999984741211,68.30000305175781,56.01382064819336,501016.0,MRPL.NS
2010-06-21,69.30000305175781,69.5,68.6500015258789,68.8499984741211,56.46488571166992,451770.0,MRPL.NS
2010-06-22,69.0,72.0999984741211,68.0999984741211,70.8499984741211,58.10511016845703,3151645.0,MRPL.NS
2010-06-23,71.0,72.5999984741211,70.25,71.3499984741211,58.51517868041992,1776548.0,MRPL.NS
2010-06-24,71.9000015258789,72.1500015258789,69.9000015258789,70.19999694824219,57.57203674316406,1374596.0,MRPL.NS
2010-06-25,70.69999694824219,75.0,70.4000015258789,73.30000305175781,60.1143913269043,3561893.0,MRPL.NS
2010-06-28,74.0,77.44999694824219,73.75,75.6500015258789,62.04167938232422,5184275.0,MRPL.NS
2010-06-29,76.0,76.0999984741211,73.55000305175781,74.25,60.893497467041016,1886804.0,MRPL.NS
2010-06-30,72.5999984741211,76.3499984741211,72.5999984741211,75.69999694824219,62.082672119140625,2545565.0,MRPL.NS
2010-07-01,75.75,76.9000015258789,74.55000305175781,76.19999694824219,62.49272155761719,2965499.0,MRPL.NS
2010-07-02,77.0,84.44999694824219,76.4000015258789,82.9000015258789,67.98749542236328,20175051.0,MRPL.NS
2010-07-05,83.0,84.25,81.6500015258789,82.0,67.2493896484375,4365815.0,MRPL.NS
2010-07-06,82.19999694824219,82.9000015258789,80.9000015258789,81.4000015258789,66.75730895996094,2926642.0,MRPL.NS
2010-07-07,81.44999694824219,83.4000015258789,81.0,82.0999984741211,67.3313980102539,6244268.0,MRPL.NS
2010-07-08,83.19999694824219,85.4000015258789,82.6500015258789,84.0,68.88961791992188,5625144.0,MRPL.NS
2010-07-09,84.9000015258789,86.30000305175781,84.25,84.75,69.50469970703125,3634791.0,MRPL.NS
2010-07-12,85.0,86.4000015258789,84.5,85.4000015258789,70.03778076171875,2720385.0,MRPL.NS
2010-07-13,85.0,86.19999694824219,84.80000305175781,85.1500015258789,69.83275604248047,1210777.0,MRPL.NS
2010-07-14,85.5,86.0,84.0,84.25,69.09463500976562,1639678.0,MRPL.NS
2010-07-15,83.9000015258789,83.9000015258789,80.0999984741211,80.8499984741211,67.26432037353516,1957135.0,MRPL.NS
2010-07-16,81.0,82.44999694824219,80.0,80.69999694824219,67.1395263671875,1521455.0,MRPL.NS
2010-07-19,80.69999694824219,82.30000305175781,80.4000015258789,81.05000305175781,67.43072509765625,963211.0,MRPL.NS
2010-07-20,81.25,81.8499984741211,79.3499984741211,79.9000015258789,66.47396850585938,912588.0,MRPL.NS
2010-07-21,80.3499984741211,81.30000305175781,79.0999984741211,80.4000015258789,66.88994598388672,1580137.0,MRPL.NS
2010-07-22,80.25,81.0999984741211,79.80000305175781,80.25,66.76515197753906,611565.0,MRPL.NS
2010-07-23,80.69999694824219,82.30000305175781,80.19999694824219,80.5999984741211,67.05632781982422,1855631.0,MRPL.NS
2010-07-26,81.0,81.19999694824219,79.8499984741211,80.1500015258789,66.68194580078125,821990.0,MRPL.NS
2010-07-27,80.3499984741211,81.0,79.55000305175781,79.69999694824219,66.30755615234375,745491.0,MRPL.NS
2010-07-28,79.0,79.0,75.5999984741211,76.6500015258789,63.77008056640625,1323467.0,MRPL.NS
2010-07-29,76.6500015258789,76.8499984741211,74.0999984741211,75.4000015258789,62.7301139831543,837366.0,MRPL.NS
2010-07-30,75.75,77.6500015258789,75.5,76.55000305175781,63.686885833740234,1079084.0,MRPL.NS
2010-08-02,77.0,77.5,76.25,76.94999694824219,64.01966094970703,843060.0,MRPL.NS
2010-08-03,77.0,78.9000015258789,76.94999694824219,78.05000305175781,64.93482208251953,1373542.0,MRPL.NS
2010-08-04,78.9000015258789,79.94999694824219,78.3499984741211,79.05000305175781,65.76679229736328,1190674.0,MRPL.NS
2010-08-05,79.5,79.9000015258789,78.05000305175781,78.19999694824219,65.05961608886719,755440.0,MRPL.NS
2010-08-06,78.19999694824219,79.25,77.0999984741211,77.4000015258789,64.39405059814453,603909.0,MRPL.NS
2010-08-09,77.55000305175781,78.55000305175781,77.4000015258789,77.6500015258789,64.60204315185547,401634.0,MRPL.NS
2010-08-10,78.0,78.69999694824219,77.05000305175781,77.25,64.26925659179688,701663.0,MRPL.NS
2010-08-11,77.9000015258789,79.5,77.1500015258789,77.69999694824219,64.64363098144531,1200208.0,MRPL.NS
2010-08-12,77.5,79.94999694824219,77.0999984741211,79.5999984741211,66.22437286376953,1671078.0,MRPL.NS
2010-08-13,80.5,88.0,80.4000015258789,81.05000305175781,67.43072509765625,3478232.0,MRPL.NS
2010-08-16,81.94999694824219,82.5,79.0,79.5,66.14116668701172,1376459.0,MRPL.NS
2010-08-17,80.4000015258789,80.9000015258789,78.55000305175781,80.0999984741211,66.64035034179688,1261963.0,MRPL.NS
2010-08-18,80.80000305175781,81.5999984741211,79.55000305175781,80.19999694824219,66.72354888916016,1528080.0,MRPL.NS
2010-08-19,80.69999694824219,81.5,80.0,80.9000015258789,67.30592346191406,1150566.0,MRPL.NS
2010-08-20,80.0,81.4000015258789,79.69999694824219,80.1500015258789,66.68194580078125,994816.0,MRPL.NS
2010-08-23,80.5999984741211,83.1500015258789,79.75,82.30000305175781,68.47067260742188,3805988.0,MRPL.NS
2010-08-24,83.19999694824219,83.5999984741211,79.80000305175781,80.0999984741211,66.64035034179688,1888629.0,MRPL.NS
2010-08-25,79.5,81.0,77.5,77.9000015258789,64.81002807617188,1236734.0,MRPL.NS
2010-08-26,79.0,79.0,76.19999694824219,76.8499984741211,63.93646240234375,1259761.0,MRPL.NS
2010-08-27,76.8499984741211,79.0999984741211,76.05000305175781,76.55000305175781,63.686885833740234,1507455.0,MRPL.NS
2010-08-30,77.44999694824219,78.0,76.05000305175781,76.30000305175781,63.47889709472656,581672.0,MRPL.NS
2010-08-31,76.5,76.5999984741211,74.4000015258789,75.19999694824219,62.56372833251953,1196020.0,MRPL.NS
2010-09-01,76.0,76.80000305175781,75.25,76.55000305175781,63.686885833740234,1038947.0,MRPL.NS
2010-09-02,76.5999984741211,77.3499984741211,76.30000305175781,76.55000305175781,63.686885833740234,560060.0,MRPL.NS
2010-09-03,76.69999694824219,78.1500015258789,76.5999984741211,76.8499984741211,63.93646240234375,770212.0,MRPL.NS
2010-09-06,77.5,78.3499984741211,77.0999984741211,77.5999984741211,64.56044006347656,737397.0,MRPL.NS
2010-09-07,77.75,79.0,77.4000015258789,77.69999694824219,64.64363098144531,875027.0,MRPL.NS
2010-09-08,78.0,78.55000305175781,77.05000305175781,77.9000015258789,64.81002807617188,837983.0,MRPL.NS
2010-09-09,78.30000305175781,78.69999694824219,77.25,77.3499984741211,64.35244750976562,516172.0,MRPL.NS
2010-09-13,77.9000015258789,78.25,77.05000305175781,77.69999694824219,64.64363098144531,812864.0,MRPL.NS
2010-09-14,77.5999984741211,80.69999694824219,77.30000305175781,79.94999694824219,66.51556396484375,3217799.0,MRPL.NS
2010-09-15,80.5,80.9000015258789,79.0999984741211,79.44999694824219,66.09957122802734,1402006.0,MRPL.NS
2010-09-16,79.44999694824219,80.5999984741211,77.5,77.75,64.68523406982422,1310299.0,MRPL.NS
2010-09-17,77.80000305175781,78.80000305175781,77.75,78.25,65.1012191772461,1274791.0,MRPL.NS
2010-09-20,78.5,80.5,78.30000305175781,79.5999984741211,66.22437286376953,1718254.0,MRPL.NS
2010-09-21,80.25,81.94999694824219,79.4000015258789,80.3499984741211,66.84834289550781,3364793.0,MRPL.NS
2010-09-22,80.80000305175781,80.80000305175781,78.5999984741211,79.30000305175781,65.97478485107422,974568.0,MRPL.NS
2010-09-23,79.5,79.9000015258789,78.4000015258789,78.69999694824219,65.47560119628906,732387.0,MRPL.NS
2010-09-24,78.80000305175781,79.9000015258789,78.1500015258789,79.5,66.14116668701172,981663.0,MRPL.NS
2010-09-27,80.9000015258789,80.9000015258789,78.75,79.0,65.72518920898438,1175749.0,MRPL.NS
2010-09-28,79.0999984741211,79.9000015258789,78.69999694824219,79.05000305175781,65.76679229736328,697259.0,MRPL.NS
2010-09-29,79.30000305175781,79.4000015258789,77.5,77.75,64.68523406982422,498391.0,MRPL.NS
2010-09-30,77.9000015258789,77.9000015258789,76.0999984741211,76.44999694824219,63.60367965698242,488692.0,MRPL.NS
2010-10-01,77.0,79.0,77.0,78.4000015258789,65.22601318359375,871792.0,MRPL.NS
2010-10-04,78.94999694824219,80.69999694824219,78.5,79.5999984741211,66.22437286376953,1376886.0,MRPL.NS
2010-10-05,79.5999984741211,83.44999694824219,79.5,82.30000305175781,68.47067260742188,4160013.0,MRPL.NS
2010-10-06,82.5,83.69999694824219,81.5,82.25,68.4290771484375,1761429.0,MRPL.NS
2010-10-07,82.30000305175781,84.5,81.4000015258789,81.75,68.0130844116211,2713217.0,MRPL.NS
2010-10-08,82.0999984741211,83.3499984741211,81.0999984741211,81.69999694824219,67.97149658203125,1717783.0,MRPL.NS
2010-10-11,82.8499984741211,82.8499984741211,81.55000305175781,81.94999694824219,68.17948913574219,662831.0,MRPL.NS
2010-10-12,81.5,82.25,80.30000305175781,81.0,67.38912200927734,689262.0,MRPL.NS
2010-10-13,81.5,83.05000305175781,80.80000305175781,82.0,68.22108459472656,1232098.0,MRPL.NS
2010-10-14,82.5,82.8499984741211,79.6500015258789,80.25,66.76515197753906,825425.0,MRPL.NS
2010-10-15,80.5,83.25,80.1500015258789,80.80000305175781,67.22272491455078,2760903.0,MRPL.NS
2010-10-18,81.25,81.44999694824219,79.1500015258789,80.94999694824219,67.34751892089844,1425861.0,MRPL.NS
2010-10-19,81.19999694824219,82.1500015258789,79.5,79.94999694824219,66.51556396484375,914303.0,MRPL.NS
2010-10-20,79.19999694824219,81.1500015258789,73.05000305175781,79.55000305175781,66.18276977539062,760303.0,MRPL.NS
2010-10-21,80.0,81.1500015258789,79.80000305175781,80.5,66.97313690185547,876267.0,MRPL.NS
2010-10-22,81.0999984741211,83.69999694824219,80.44999694824219,82.80000305175781,68.88665771484375,4066761.0,MRPL.NS
2010-10-25,83.0,85.5,82.55000305175781,84.19999694824219,70.05140686035156,4455017.0,MRPL.NS
2010-10-26,84.30000305175781,84.80000305175781,82.1500015258789,82.5,68.63706970214844,1309158.0,MRPL.NS
2010-10-27,83.0,85.75,82.6500015258789,83.8499984741211,69.7602310180664,3073219.0,MRPL.NS
2010-10-28,84.5,84.9000015258789,81.5,82.05000305175781,68.26268768310547,2186469.0,MRPL.NS
2010-10-29,82.25,83.5999984741211,80.1500015258789,81.19999694824219,67.55550384521484,1700488.0,MRPL.NS
2010-11-01,81.55000305175781,83.3499984741211,81.55000305175781,82.5999984741211,68.72026062011719,1392778.0,MRPL.NS
2010-11-02,82.0999984741211,83.75,81.8499984741211,83.3499984741211,69.34423828125,1922079.0,MRPL.NS
2010-11-03,83.6500015258789,84.25,82.9000015258789,83.19999694824219,69.21943664550781,1220415.0,MRPL.NS
2010-11-04,83.5999984741211,87.6500015258789,83.30000305175781,87.0,72.38090515136719,5159315.0,MRPL.NS
2010-11-08,88.25,88.25,85.6500015258789,86.30000305175781,71.79853057861328,1415553.0,MRPL.NS
2010-11-09,87.4000015258789,88.9000015258789,86.0999984741211,88.55000305175781,73.67045593261719,2729434.0,MRPL.NS
2010-11-10,90.0,91.0,87.0999984741211,87.6500015258789,72.92168426513672,2320978.0,MRPL.NS
2010-11-11,88.0,88.5999984741211,84.80000305175781,85.3499984741211,71.0081558227539,1362885.0,MRPL.NS
2010-11-12,85.0,85.9000015258789,82.0,82.4000015258789,68.55387115478516,1395444.0,MRPL.NS
2010-11-15,82.5,83.4000015258789,80.5999984741211,82.0999984741211,68.30427551269531,1119311.0,MRPL.NS
2010-11-16,82.9000015258789,83.0,77.19999694824219,77.75,64.68523406982422,2105518.0,MRPL.NS
2010-11-18,78.0,78.9000015258789,74.5,77.0999984741211,64.14446258544922,1205724.0,MRPL.NS
2010-11-19,77.55000305175781,77.9000015258789,73.30000305175781,74.30000305175781,61.81496047973633,1210874.0,MRPL.NS
2010-11-22,74.9000015258789,76.19999694824219,73.1500015258789,75.69999694824219,62.979713439941406,1286828.0,MRPL.NS
2010-11-23,75.0,76.0,71.55000305175781,74.25,61.77335739135742,908966.0,MRPL.NS
2010-11-24,74.5,75.80000305175781,72.0999984741211,74.0,61.56536865234375,776978.0,MRPL.NS
2010-11-25,74.8499984741211,74.8499984741211,71.1500015258789,71.9000015258789,59.8182487487793,1055817.0,MRPL.NS
2010-11-26,72.80000305175781,73.0,66.0999984741211,69.30000305175781,57.6551399230957,1439233.0,MRPL.NS
2010-11-29,70.0,70.9000015258789,68.19999694824219,70.4000015258789,58.570289611816406,764699.0,MRPL.NS
2010-11-30,69.9000015258789,72.25,69.25,71.5999984741211,59.56865310668945,928184.0,MRPL.NS
2010-12-01,71.9000015258789,74.5,71.05000305175781,73.94999694824219,61.52375793457031,844350.0,MRPL.NS
2010-12-02,75.0,75.44999694824219,74.0,74.55000305175781,62.02294158935547,509655.0,MRPL.NS
2010-12-03,74.94999694824219,75.0,72.1500015258789,72.8499984741211,60.608612060546875,729203.0,MRPL.NS
2010-12-06,73.1500015258789,74.19999694824219,72.75,73.0,60.7333984375,559996.0,MRPL.NS
2010-12-07,72.25,73.69999694824219,72.05000305175781,72.69999694824219,60.48380661010742,658328.0,MRPL.NS
2010-12-08,72.5999984741211,73.3499984741211,70.4000015258789,71.0,59.06947326660156,837381.0,MRPL.NS
2010-12-09,71.80000305175781,71.9000015258789,66.05000305175781,67.05000305175781,55.78321838378906,960249.0,MRPL.NS
2010-12-10,66.55000305175781,69.19999694824219,66.0,68.5999984741211,57.07276153564453,871900.0,MRPL.NS
2010-12-13,68.94999694824219,69.94999694824219,68.0999984741211,69.75,58.02952194213867,593665.0,MRPL.NS
2010-12-14,69.75,71.44999694824219,69.75,71.1500015258789,59.19426727294922,611945.0,MRPL.NS
2010-12-15,72.0,72.9000015258789,70.30000305175781,70.80000305175781,58.90308380126953,987676.0,MRPL.NS
2010-12-16,71.6500015258789,72.3499984741211,69.5,71.5,59.48545837402344,1026905.0,MRPL.NS
2010-12-20,71.6500015258789,72.30000305175781,70.8499984741211,71.6500015258789,59.61025619506836,555650.0,MRPL.NS
2010-12-21,72.0,72.5,71.30000305175781,72.3499984741211,60.192630767822266,382607.0,MRPL.NS
2010-12-22,72.80000305175781,73.25,72.05000305175781,72.4000015258789,60.234222412109375,431055.0,MRPL.NS
2010-12-23,72.69999694824219,72.9000015258789,71.69999694824219,72.0999984741211,59.9846305847168,303605.0,MRPL.NS
2010-12-24,72.0,72.5999984741211,71.5,72.4000015258789,60.234222412109375,273087.0,MRPL.NS
2010-12-27,72.9000015258789,73.0,71.6500015258789,71.8499984741211,59.776641845703125,262184.0,MRPL.NS
2010-12-28,71.4000015258789,72.75,71.4000015258789,72.3499984741211,60.192630767822266,372751.0,MRPL.NS
2010-12-29,72.3499984741211,72.9000015258789,72.05000305175781,72.25,60.10942459106445,378614.0,MRPL.NS
2010-12-30,72.4000015258789,72.4000015258789,71.05000305175781,71.55000305175781,59.527061462402344,496686.0,MRPL.NS
2010-12-31,71.6500015258789,74.0999984741211,71.6500015258789,73.3499984741211,61.02458190917969,1006379.0,MRPL.NS
2011-01-03,74.0,75.80000305175781,74.0,75.25,62.605323791503906,1139499.0,MRPL.NS
2011-01-04,75.75,78.1500015258789,74.55000305175781,77.3499984741211,64.35244750976562,1507230.0,MRPL.NS
2011-01-05,77.5,78.44999694824219,75.3499984741211,75.5,62.81331253051758,970444.0,MRPL.NS
2011-01-06,76.4000015258789,76.69999694824219,74.0,74.1500015258789,61.69016647338867,795699.0,MRPL.NS
2011-01-07,74.5,74.5,71.5,71.75,59.69345474243164,535532.0,MRPL.NS
2011-01-10,71.69999694824219,71.75,68.0,68.3499984741211,56.864768981933594,612447.0,MRPL.NS
2011-01-11,68.30000305175781,69.44999694824219,67.8499984741211,68.5999984741211,57.07276153564453,1055908.0,MRPL.NS
2011-01-12,69.5,70.0,66.80000305175781,69.5999984741211,57.904727935791016,739347.0,MRPL.NS
2011-01-13,70.0,70.55000305175781,68.69999694824219,69.05000305175781,57.4471435546875,486156.0,MRPL.NS
2011-01-14,68.69999694824219,71.25,68.0,68.6500015258789,57.11436080932617,929748.0,MRPL.NS
2011-01-17,69.05000305175781,69.9000015258789,68.0999984741211,69.1500015258789,57.53034591674805,760732.0,MRPL.NS
2011-01-18,69.9000015258789,70.0,68.75,69.69999694824219,57.987911224365234,364897.0,MRPL.NS
2011-01-19,70.0,70.6500015258789,69.30000305175781,70.0999984741211,58.32070541381836,469679.0,MRPL.NS
2011-01-20,70.0,70.19999694824219,69.19999694824219,69.5,57.821533203125,453219.0,MRPL.NS
2011-01-21,69.0999984741211,70.30000305175781,69.0,70.05000305175781,58.279109954833984,715684.0,MRPL.NS
2011-01-24,71.0999984741211,71.3499984741211,69.44999694824219,69.9000015258789,58.15431594848633,746848.0,MRPL.NS
2011-01-25,70.25,70.75,69.19999694824219,69.55000305175781,57.86312484741211,312171.0,MRPL.NS
2011-01-27,70.0,70.0,68.1500015258789,68.6500015258789,57.11436080932617,845764.0,MRPL.NS
2011-01-28,67.1500015258789,70.0,65.75,68.4000015258789,56.906368255615234,1481097.0,MRPL.NS
2011-01-31,68.0,68.3499984741211,67.0999984741211,67.4000015258789,56.074398040771484,435426.0,MRPL.NS
2011-02-01,66.55000305175781,68.0999984741211,65.75,66.19999694824219,55.07604217529297,311079.0,MRPL.NS
2011-02-02,66.69999694824219,67.4000015258789,66.19999694824219,66.8499984741211,55.616817474365234,340312.0,MRPL.NS
2011-02-03,67.0,68.0,66.25,67.44999694824219,56.116004943847656,214821.0,MRPL.NS
2011-02-04,67.0,68.9000015258789,66.80000305175781,67.75,56.36559295654297,440201.0,MRPL.NS
2011-02-07,68.0,69.5999984741211,67.25,69.30000305175781,57.6551399230957,587258.0,MRPL.NS
2011-02-08,69.80000305175781,69.80000305175781,66.5,67.0,55.741615295410156,613627.0,MRPL.NS
2011-02-09,67.5,68.0,60.099998474121094,61.45000076293945,51.12421417236328,1670837.0,MRPL.NS
2011-02-10,61.0,62.45000076293945,58.25,59.29999923706055,49.335487365722656,917258.0,MRPL.NS
2011-02-11,59.0,62.400001525878906,58.599998474121094,61.900001525878906,51.498600006103516,695678.0,MRPL.NS
2011-02-14,62.5,63.75,61.75,63.349998474121094,52.7049446105957,531744.0,MRPL.NS
2011-02-15,58.0,64.0,58.0,63.25,52.62174606323242,424618.0,MRPL.NS
2011-02-16,63.95000076293945,64.69999694824219,62.45000076293945,64.0999984741211,53.328914642333984,406694.0,MRPL.NS
2011-02-17,64.0999984741211,64.69999694824219,63.5,64.0,53.245723724365234,293385.0,MRPL.NS
2011-02-18,64.30000305175781,64.6500015258789,60.25,60.849998474121094,50.625038146972656,728507.0,MRPL.NS
2011-02-21,61.45000076293945,62.400001525878906,59.849998474121094,61.79999923706055,51.41539764404297,399107.0,MRPL.NS
2011-02-22,62.5,62.5,60.849998474121094,61.20000076293945,50.91622543334961,519983.0,MRPL.NS
2011-02-23,61.5,61.900001525878906,60.349998474121094,60.70000076293945,50.500244140625,265395.0,MRPL.NS
2011-02-24,60.29999923706055,60.849998474121094,55.29999923706055,56.25,46.798004150390625,2500401.0,MRPL.NS
2011-02-25,56.5,58.0,55.5,56.75,47.213985443115234,674041.0,MRPL.NS
2011-02-28,57.099998474121094,58.0,55.0,56.900001525878906,47.33877944946289,1111683.0,MRPL.NS
2011-03-01,57.400001525878906,59.25,57.04999923706055,58.900001525878906,49.002708435058594,485862.0,MRPL.NS
2011-03-03,58.900001525878906,59.75,58.04999923706055,58.900001525878906,49.002708435058594,449914.0,MRPL.NS
2011-03-04,59.849998474121094,59.900001525878906,56.25,58.70000076293945,48.83631134033203,279205.0,MRPL.NS
2011-03-07,59.0,60.79999923706055,57.25,60.29999923706055,50.16745376586914,1326617.0,MRPL.NS
2011-03-08,61.0,61.650001525878906,60.54999923706055,60.900001525878906,50.66663360595703,645661.0,MRPL.NS
2011-03-09,61.5,62.349998474121094,60.29999923706055,61.900001525878906,51.498600006103516,615134.0,MRPL.NS
2011-03-10,61.29999923706055,63.0,60.79999923706055,62.599998474121094,52.08097457885742,842168.0,MRPL.NS
2011-03-11,61.849998474121094,62.900001525878906,61.25,61.70000076293945,51.332210540771484,388143.0,MRPL.NS
2011-03-14,61.599998474121094,62.900001525878906,61.400001525878906,62.650001525878906,52.12257385253906,428522.0,MRPL.NS
2011-03-15,61.0,63.70000076293945,60.20000076293945,62.099998474121094,51.66498565673828,947921.0,MRPL.NS
2011-03-16,62.5,63.349998474121094,62.400001525878906,62.650001525878906,52.12257385253906,387025.0,MRPL.NS
2011-03-17,62.25,62.900001525878906,61.5,61.75,51.37380599975586,233345.0,MRPL.NS
2011-03-18,62.0,62.54999923706055,58.650001525878906,59.29999923706055,49.335487365722656,815906.0,MRPL.NS
2011-03-21,59.099998474121094,59.400001525878906,58.0,58.75,48.87791061401367,655788.0,MRPL.NS
2011-03-22,59.0,60.25,58.79999923706055,59.95000076293945,49.87627029418945,546007.0,MRPL.NS
2011-03-23,60.75,62.150001525878906,59.5,61.75,51.37380599975586,575198.0,MRPL.NS
2011-03-24,62.0,62.599998474121094,61.29999923706055,61.70000076293945,51.332210540771484,417750.0,MRPL.NS
2011-03-25,62.849998474121094,62.849998474121094,61.79999923706055,62.20000076293945,51.74818801879883,403700.0,MRPL.NS
2011-03-28,62.400001525878906,63.20000076293945,62.0,62.20000076293945,51.74818801879883,398134.0,MRPL.NS
2011-03-29,62.650001525878906,63.150001525878906,62.04999923706055,63.0,52.413761138916016,742435.0,MRPL.NS
2011-03-30,62.5,64.69999694824219,62.5,64.3499984741211,53.53691101074219,891969.0,MRPL.NS
2011-03-31,64.5999984741211,65.1500015258789,63.95000076293945,64.5,53.66170883178711,1027009.0,MRPL.NS
2011-04-01,65.69999694824219,65.94999694824219,64.25,65.6500015258789,54.618473052978516,405560.0,MRPL.NS
2011-04-04,65.94999694824219,67.25,65.55000305175781,66.19999694824219,55.07604217529297,433101.0,MRPL.NS
2011-04-05,66.25,69.3499984741211,66.0999984741211,68.44999694824219,56.947959899902344,837515.0,MRPL.NS
2011-04-06,68.0,70.1500015258789,67.55000305175781,68.6500015258789,57.11436080932617,801791.0,MRPL.NS
2011-04-07,68.0,70.5,68.0,69.1500015258789,57.53034591674805,655827.0,MRPL.NS
2011-04-08,68.25,73.25,68.25,72.05000305175781,59.94304656982422,3719233.0,MRPL.NS
2011-04-11,72.5,72.5999984741211,69.5,69.8499984741211,58.11271286010742,621689.0,MRPL.NS
2011-04-13,70.0,72.0,69.0999984741211,71.25,59.2774658203125,809409.0,MRPL.NS
2011-04-15,71.30000305175781,72.5,69.75,71.05000305175781,59.111080169677734,682111.0,MRPL.NS
2011-04-18,71.25,74.80000305175781,70.75,73.8499984741211,61.440574645996094,2918055.0,MRPL.NS
2011-04-19,73.9000015258789,73.9000015258789,71.4000015258789,72.3499984741211,60.192630767822266,896084.0,MRPL.NS
2011-04-20,72.94999694824219,73.5,71.80000305175781,72.44999694824219,60.275821685791016,701291.0,MRPL.NS
2011-04-21,73.4000015258789,73.80000305175781,72.3499984741211,73.05000305175781,60.77499771118164,478359.0,MRPL.NS
2011-04-25,72.6500015258789,74.5,72.6500015258789,73.55000305175781,61.19099044799805,612365.0,MRPL.NS
2011-04-26,73.55000305175781,75.5,73.19999694824219,74.8499984741211,62.27253341674805,1202863.0,MRPL.NS
2011-04-27,75.19999694824219,75.8499984741211,74.19999694824219,74.69999694824219,62.147735595703125,833147.0,MRPL.NS
2011-04-28,75.0,76.3499984741211,74.19999694824219,75.0999984741211,62.48053741455078,966646.0,MRPL.NS
2011-04-29,75.69999694824219,76.4000015258789,73.25,73.6500015258789,61.2741813659668,761806.0,MRPL.NS
2011-05-02,73.0,74.0,72.0,72.4000015258789,60.234222412109375,365205.0,MRPL.NS
2011-05-03,72.0999984741211,73.0,70.0,70.55000305175781,58.695091247558594,406449.0,MRPL.NS
2011-05-04,70.0,72.5999984741211,70.0,71.5999984741211,59.56865310668945,536072.0,MRPL.NS
2011-05-05,71.94999694824219,73.5,71.6500015258789,72.69999694824219,60.48380661010742,862016.0,MRPL.NS
2011-05-06,72.80000305175781,73.25,71.5,72.44999694824219,60.275821685791016,266663.0,MRPL.NS
2011-05-09,72.55000305175781,76.6500015258789,72.55000305175781,75.25,62.605323791503906,1886247.0,MRPL.NS
2011-05-10,75.05000305175781,76.0,73.6500015258789,73.94999694824219,61.52375793457031,457500.0,MRPL.NS
2011-05-11,74.8499984741211,76.0,74.0,75.55000305175781,62.85491180419922,466630.0,MRPL.NS
2011-05-12,73.75,76.19999694824219,73.75,74.05000305175781,61.606971740722656,448343.0,MRPL.NS
2011-05-13,74.0999984741211,75.5,72.5999984741211,74.3499984741211,61.8565559387207,391970.0,MRPL.NS
2011-05-16,75.25,75.6500015258789,74.1500015258789,74.6500015258789,62.10614776611328,440326.0,MRPL.NS
2011-05-17,74.5999984741211,75.5999984741211,70.69999694824219,71.30000305175781,59.319068908691406,873814.0,MRPL.NS
2011-05-18,71.4000015258789,71.94999694824219,70.0,70.9000015258789,58.98627853393555,395334.0,MRPL.NS
2011-05-19,72.0,72.0,70.30000305175781,70.80000305175781,58.90308380126953,182661.0,MRPL.NS
2011-05-20,71.0,75.6500015258789,71.0,73.94999694824219,61.52375793457031,4180719.0,MRPL.NS
2011-05-23,73.0,74.69999694824219,71.5999984741211,72.8499984741211,60.608612060546875,1140444.0,MRPL.NS
2011-05-24,72.8499984741211,73.1500015258789,71.05000305175781,71.94999694824219,59.859832763671875,750816.0,MRPL.NS
2011-05-25,71.5,72.0,67.8499984741211,69.80000305175781,58.07111740112305,1484647.0,MRPL.NS
2011-05-26,70.0999984741211,70.44999694824219,69.0999984741211,69.5999984741211,57.904727935791016,792644.0,MRPL.NS
2011-05-27,69.80000305175781,72.0,69.80000305175781,71.5999984741211,59.56865310668945,397572.0,MRPL.NS
2011-05-30,72.5,73.5999984741211,71.5,73.0,60.7333984375,432007.0,MRPL.NS
2011-05-31,73.69999694824219,74.4000015258789,73.0,73.94999694824219,61.52375793457031,389053.0,MRPL.NS
2011-06-01,74.05000305175781,74.55000305175781,73.30000305175781,74.05000305175781,61.606971740722656,352000.0,MRPL.NS
2011-06-02,73.8499984741211,74.9000015258789,72.5999984741211,73.94999694824219,61.52375793457031,862484.0,MRPL.NS
2011-06-03,74.3499984741211,77.80000305175781,74.30000305175781,76.5999984741211,63.72847366333008,2512669.0,MRPL.NS
2011-06-06,76.5999984741211,78.4000015258789,76.25,77.6500015258789,64.60204315185547,1744796.0,MRPL.NS
2011-06-07,77.94999694824219,78.30000305175781,77.05000305175781,77.25,64.26925659179688,573188.0,MRPL.NS
2011-06-08,77.25,77.25,74.5,74.80000305175781,62.2309455871582,659149.0,MRPL.NS
2011-06-09,74.25,78.19999694824219,74.25,77.75,64.68523406982422,1705369.0,MRPL.NS
2011-06-10,78.05000305175781,78.19999694824219,75.80000305175781,76.1500015258789,63.354087829589844,950466.0,MRPL.NS
2011-06-13,75.69999694824219,76.30000305175781,75.0,76.05000305175781,63.27090835571289,434893.0,MRPL.NS
2011-06-14,76.1500015258789,79.80000305175781,75.5,79.0,65.72518920898438,1092331.0,MRPL.NS
2011-06-15,80.5,80.5999984741211,78.75,79.44999694824219,66.09957122802734,2245190.0,MRPL.NS
2011-06-16,79.44999694824219,79.44999694824219,77.5,78.19999694824219,65.05961608886719,862787.0,MRPL.NS
2011-06-17,78.80000305175781,78.80000305175781,77.0,77.4000015258789,64.39405059814453,565513.0,MRPL.NS
2011-06-20,77.5,77.9000015258789,71.0,72.69999694824219,60.48380661010742,719343.0,MRPL.NS
2011-06-21,72.75,74.19999694824219,71.1500015258789,72.25,60.10942459106445,583008.0,MRPL.NS
2011-06-22,73.0,74.9000015258789,71.80000305175781,74.1500015258789,61.69016647338867,990917.0,MRPL.NS
2011-06-23,73.30000305175781,75.5999984741211,73.19999694824219,75.19999694824219,62.56372833251953,739569.0,MRPL.NS
2011-06-24,75.19999694824219,76.5,75.19999694824219,76.05000305175781,63.27090835571289,595571.0,MRPL.NS
2011-06-27,77.19999694824219,78.5,76.1500015258789,77.05000305175781,64.10286712646484,926203.0,MRPL.NS
2011-06-28,77.5,77.5,75.69999694824219,76.5999984741211,63.72847366333008,416134.0,MRPL.NS
2011-06-29,77.0,77.5,75.69999694824219,76.19999694824219,63.39569091796875,365629.0,MRPL.NS
2011-06-30,76.0,78.0,75.69999694824219,77.69999694824219,64.64363098144531,744664.0,MRPL.NS
2011-07-01,77.9000015258789,78.5,76.80000305175781,77.75,64.68523406982422,332548.0,MRPL.NS
2011-07-04,79.0,83.25,78.0,82.8499984741211,68.92825317382812,2412690.0,MRPL.NS
2011-07-05,82.5,83.25,81.80000305175781,82.05000305175781,68.26268768310547,815501.0,MRPL.NS
2011-07-06,81.0,82.9000015258789,78.0,81.80000305175781,68.0546875,721460.0,MRPL.NS
2011-07-07,81.19999694824219,83.1500015258789,80.55000305175781,82.0,69.23677825927734,759299.0,MRPL.NS
2011-07-08,82.44999694824219,83.9000015258789,81.05000305175781,81.55000305175781,68.85682678222656,1037953.0,MRPL.NS
2011-07-11,81.80000305175781,82.44999694824219,80.30000305175781,80.55000305175781,68.01248168945312,642972.0,MRPL.NS
2011-07-12,80.0,81.5,78.25,78.80000305175781,66.53487396240234,579587.0,MRPL.NS
2011-07-13,79.75,81.5,79.0999984741211,81.0,68.3924331665039,615970.0,MRPL.NS
2011-07-14,80.0999984741211,82.0,80.0999984741211,80.80000305175781,68.22356414794922,450737.0,MRPL.NS
2011-07-15,80.80000305175781,81.3499984741211,80.0,80.44999694824219,67.92803192138672,290347.0,MRPL.NS
2011-07-18,81.0,81.19999694824219,79.69999694824219,79.9000015258789,67.46365356445312,271777.0,MRPL.NS
2011-07-19,79.9000015258789,80.4000015258789,78.30000305175781,78.5,66.28155517578125,1131657.0,MRPL.NS
2011-07-20,79.19999694824219,79.4000015258789,77.55000305175781,78.0,65.85939025878906,383796.0,MRPL.NS
2011-07-21,78.0,80.19999694824219,77.19999694824219,79.30000305175781,66.95704650878906,931488.0,MRPL.NS
2011-07-22,79.6500015258789,82.4000015258789,79.5999984741211,81.1500015258789,68.51908111572266,1657489.0,MRPL.NS
2011-07-25,80.30000305175781,84.4000015258789,80.30000305175781,83.19999694824219,70.25000762939453,1484258.0,MRPL.NS
2011-07-26,84.0,84.5,79.80000305175781,80.30000305175781,67.8013916015625,1491178.0,MRPL.NS
2011-07-27,81.8499984741211,83.8499984741211,79.6500015258789,80.19999694824219,67.71694946289062,4004535.0,MRPL.NS
2011-07-28,80.5,81.0,78.80000305175781,79.19999694824219,66.87260437011719,1168755.0,MRPL.NS
2011-07-29,79.19999694824219,80.1500015258789,77.9000015258789,78.4000015258789,66.19712829589844,766422.0,MRPL.NS
2011-08-01,79.94999694824219,80.30000305175781,78.1500015258789,78.6500015258789,66.408203125,525968.0,MRPL.NS
2011-08-02,78.4000015258789,78.5,75.5999984741211,75.94999694824219,64.12846374511719,531524.0,MRPL.NS
2011-08-03,75.0,76.69999694824219,73.6500015258789,76.1500015258789,64.29732513427734,742599.0,MRPL.NS
2011-08-04,76.69999694824219,77.4000015258789,74.5,74.69999694824219,63.07301712036133,412319.0,MRPL.NS
2011-08-05,74.69999694824219,74.69999694824219,71.0,72.6500015258789,61.34210968017578,940226.0,MRPL.NS
2011-08-08,71.05000305175781,72.0,69.8499984741211,70.3499984741211,59.40009307861328,911850.0,MRPL.NS
2011-08-09,68.80000305175781,70.5999984741211,68.0,68.25,57.62696075439453,608005.0,MRPL.NS
2011-08-10,70.0,71.3499984741211,69.0,70.6500015258789,59.653404235839844,675642.0,MRPL.NS
2011-08-11,70.6500015258789,72.19999694824219,70.19999694824219,70.69999694824219,59.695613861083984,640680.0,MRPL.NS
2011-08-12,71.0,71.5,68.55000305175781,69.0,58.260223388671875,352026.0,MRPL.NS
2011-08-16,69.0,69.94999694824219,65.0,65.5,55.30499267578125,425580.0,MRPL.NS
2011-08-17,65.5,67.80000305175781,62.349998474121094,66.69999694824219,56.318214416503906,1038411.0,MRPL.NS
2011-08-18,65.0,66.94999694824219,62.20000076293945,63.0,53.194114685058594,893967.0,MRPL.NS
2011-08-19,63.0,63.0,59.04999923706055,60.04999923706055,50.703277587890625,706571.0,MRPL.NS
2011-08-22,60.95000076293945,62.45000076293945,59.79999923706055,61.900001525878906,52.26533126831055,578596.0,MRPL.NS
2011-08-23,62.5,64.75,61.29999923706055,64.25,54.24955368041992,588991.0,MRPL.NS
2011-08-24,64.69999694824219,65.0999984741211,63.5,64.0,54.0384635925293,704739.0,MRPL.NS
2011-08-25,64.0,64.69999694824219,60.04999923706055,60.599998474121094,51.16767120361328,993852.0,MRPL.NS
2011-08-26,62.900001525878906,62.900001525878906,57.70000076293945,58.400001525878906,49.31010055541992,657753.0,MRPL.NS
2011-08-29,58.95000076293945,61.54999923706055,58.95000076293945,61.0,51.505409240722656,445806.0,MRPL.NS
2011-08-30,61.95000076293945,63.349998474121094,61.599998474121094,62.79999923706055,53.025245666503906,593692.0,MRPL.NS
2011-09-02,62.900001525878906,64.55000305175781,62.29999923706055,63.650001525878906,53.742950439453125,574778.0,MRPL.NS
2011-09-05,63.599998474121094,64.9000015258789,61.79999923706055,64.19999694824219,54.207332611083984,622999.0,MRPL.NS
2011-09-06,64.0,67.0,64.0,66.5,56.14934539794922,1708633.0,MRPL.NS
2011-09-07,67.0,68.0,66.25,67.44999694824219,56.95146942138672,844641.0,MRPL.NS
2011-09-08,67.94999694824219,69.30000305175781,67.5999984741211,68.5,57.838050842285156,845416.0,MRPL.NS
2011-09-09,68.5,69.75,67.30000305175781,67.69999694824219,57.16256332397461,738485.0,MRPL.NS
2011-09-12,66.25,68.5999984741211,66.25,66.9000015258789,56.48708724975586,830538.0,MRPL.NS
2011-09-13,66.80000305175781,68.4000015258789,66.30000305175781,66.5,56.14934539794922,327091.0,MRPL.NS
2011-09-14,66.80000305175781,68.0,65.5999984741211,67.19999694824219,56.74038314819336,391619.0,MRPL.NS
2011-09-15,68.0,69.25,67.55000305175781,68.4000015258789,57.75361251831055,449835.0,MRPL.NS
2011-09-16,67.0,69.69999694824219,65.80000305175781,66.19999694824219,55.896034240722656,929845.0,MRPL.NS
2011-09-19,66.5999984741211,67.4000015258789,65.0999984741211,66.8499984741211,56.44486618041992,393075.0,MRPL.NS
2011-09-20,64.9000015258789,67.80000305175781,64.9000015258789,67.25,56.7826042175293,238844.0,MRPL.NS
2011-09-21,67.30000305175781,67.94999694824219,66.5,67.4000015258789,56.90925979614258,400637.0,MRPL.NS
2011-09-22,66.30000305175781,66.8499984741211,64.19999694824219,64.55000305175781,54.502864837646484,244457.0,MRPL.NS
2011-09-23,64.0999984741211,64.9000015258789,62.5,63.650001525878906,53.742950439453125,396932.0,MRPL.NS
2011-09-26,64.0,64.0,61.5,61.95000076293945,52.30754852294922,383380.0,MRPL.NS
2011-09-27,62.54999923706055,64.0999984741211,62.54999923706055,63.70000076293945,53.78516387939453,339844.0,MRPL.NS
2011-09-28,64.0,64.0,61.900001525878906,62.45000076293945,52.72972106933594,252383.0,MRPL.NS
2011-09-29,62.349998474121094,62.400001525878906,61.099998474121094,61.650001525878906,52.05424118041992,492682.0,MRPL.NS
2011-09-30,61.5,63.25,61.5,62.099998474121094,52.43419647216797,363187.0,MRPL.NS
2011-10-03,60.099998474121094,62.400001525878906,60.099998474121094,61.54999923706055,51.96980667114258,385717.0,MRPL.NS
2011-10-04,61.0,62.349998474121094,59.29999923706055,59.79999923706055,50.49219512939453,584291.0,MRPL.NS
2011-10-05,60.0,61.099998474121094,59.0,59.95000076293945,50.61884307861328,546750.0,MRPL.NS
2011-10-07,60.599998474121094,62.04999923706055,60.599998474121094,61.45000076293945,51.885372161865234,288723.0,MRPL.NS
2011-10-10,61.5,63.099998474121094,60.70000076293945,63.0,53.194114685058594,356418.0,MRPL.NS
2011-10-11,63.45000076293945,64.5,63.349998474121094,64.0999984741211,54.12289810180664,546806.0,MRPL.NS
2011-10-12,61.25,65.69999694824219,58.099998474121094,65.5,55.30499267578125,291253.0,MRPL.NS
2011-10-13,66.0,66.05000305175781,65.0,65.05000305175781,54.92504119873047,206239.0,MRPL.NS
2011-10-14,64.0999984741211,65.6500015258789,63.95000076293945,65.30000305175781,55.13612365722656,204080.0,MRPL.NS
2011-10-17,65.30000305175781,67.9000015258789,65.05000305175781,66.75,56.36042785644531,487636.0,MRPL.NS
2011-10-18,66.5,66.75,63.0,64.44999694824219,54.418418884277344,717309.0,MRPL.NS
2011-10-19,64.0,65.5,61.400001525878906,64.94999694824219,54.840599060058594,238376.0,MRPL.NS
2011-10-20,64.94999694824219,65.0999984741211,63.75,64.5,54.46063995361328,125267.0,MRPL.NS
2011-10-21,64.5,64.5,63.099998474121094,63.400001525878906,53.531856536865234,194373.0,MRPL.NS
2011-10-24,63.0,64.25,60.400001525878906,60.79999923706055,51.33654022216797,938832.0,MRPL.NS
2011-10-25,60.5,63.04999923706055,60.04999923706055,62.70000076293945,52.94081115722656,1909785.0,MRPL.NS
2011-10-28,64.0,66.5,63.400001525878906,65.25,55.093910217285156,415048.0,MRPL.NS
2011-10-31,64.4000015258789,66.4000015258789,64.05000305175781,64.44999694824219,54.418418884277344,348269.0,MRPL.NS
2011-11-01,64.0999984741211,64.94999694824219,62.5,62.650001525878906,52.89859390258789,397032.0,MRPL.NS
2011-11-02,62.5,63.900001525878906,62.099998474121094,63.0,53.194114685058594,337786.0,MRPL.NS
2011-11-03,63.0,63.900001525878906,62.75,63.349998474121094,53.4896354675293,189937.0,MRPL.NS
2011-11-04,64.0999984741211,64.6500015258789,63.5,64.0999984741211,54.12289810180664,204583.0,MRPL.NS
2011-11-08,64.6500015258789,64.6500015258789,63.54999923706055,63.70000076293945,53.78516387939453,103566.0,MRPL.NS
2011-11-09,63.25,64.4000015258789,61.150001525878906,61.900001525878906,52.26533126831055,310436.0,MRPL.NS
2011-11-11,61.5,63.0,61.20000076293945,62.650001525878906,52.89859390258789,241952.0,MRPL.NS
2011-11-14,63.25,63.5,62.20000076293945,62.54999923706055,52.81414794921875,250531.0,MRPL.NS
2011-11-15,62.70000076293945,62.849998474121094,61.29999923706055,61.5,51.92759323120117,239165.0,MRPL.NS
2011-11-16,61.70000076293945,63.5,60.70000076293945,63.150001525878906,53.320770263671875,617144.0,MRPL.NS
2011-11-17,63.0,63.5,62.0,62.70000076293945,52.94081115722656,382656.0,MRPL.NS
2011-11-18,62.20000076293945,62.29999923706055,61.0,62.04999923706055,52.39198303222656,677585.0,MRPL.NS
2011-11-21,61.95000076293945,62.75,59.0,61.04999923706055,51.54762649536133,479584.0,MRPL.NS
2011-11-22,60.099998474121094,61.5,60.0,61.150001525878906,51.6320686340332,535073.0,MRPL.NS
2011-11-23,61.0,61.0,58.5,59.650001525878906,50.365543365478516,566392.0,MRPL.NS
2011-11-24,59.599998474121094,61.70000076293945,58.79999923706055,60.650001525878906,51.20989227294922,359377.0,MRPL.NS
2011-11-25,58.349998474121094,63.29999923706055,58.349998474121094,62.25,52.56085205078125,310881.0,MRPL.NS
2011-11-28,66.9000015258789,66.9000015258789,61.849998474121094,62.45000076293945,52.72972106933594,232272.0,MRPL.NS
2011-11-29,56.20000076293945,63.400001525878906,56.20000076293945,61.29999923706055,51.75872039794922,131820.0,MRPL.NS
2011-11-30,60.099998474121094,61.79999923706055,60.099998474121094,60.45000076293945,51.04102325439453,114632.0,MRPL.NS
2011-12-01,69.0,69.0,60.0,60.29999923706055,50.91436767578125,250767.0,MRPL.NS
2011-12-02,60.5,62.599998474121094,60.20000076293945,62.0,52.34976577758789,139309.0,MRPL.NS
2011-12-05,62.04999923706055,63.20000076293945,62.0,62.150001525878906,52.476417541503906,121035.0,MRPL.NS
2011-12-07,62.400001525878906,62.95000076293945,61.20000076293945,61.54999923706055,51.96980667114258,61203.0,MRPL.NS
2011-12-08,61.5,61.5,59.75,60.25,50.87215042114258,294115.0,MRPL.NS
2011-12-09,60.25,60.79999923706055,58.79999923706055,60.04999923706055,50.703277587890625,117069.0,MRPL.NS
2011-12-12,60.099998474121094,61.25,59.45000076293945,60.04999923706055,50.703277587890625,266857.0,MRPL.NS
2011-12-13,60.04999923706055,60.349998474121094,59.0,59.79999923706055,50.49219512939453,114767.0,MRPL.NS
2011-12-14,60.0,60.650001525878906,59.0,59.099998474121094,49.90114212036133,162744.0,MRPL.NS
2011-12-15,58.5,61.599998474121094,58.5,60.75,51.2943229675293,280526.0,MRPL.NS
2011-12-16,61.349998474121094,61.400001525878906,57.70000076293945,58.400001525878906,49.31010055541992,117963.0,MRPL.NS
2011-12-19,58.400001525878906,58.400001525878906,55.0,56.0,47.283660888671875,145578.0,MRPL.NS
2011-12-20,56.0,56.900001525878906,53.29999923706055,53.599998474121094,45.25720977783203,157302.0,MRPL.NS
2011-12-21,54.599998474121094,56.0,53.650001525878906,55.54999923706055,46.90369415283203,182835.0,MRPL.NS
2011-12-22,54.099998474121094,56.0,54.099998474121094,55.79999923706055,47.11479187011719,110976.0,MRPL.NS
2011-12-23,57.95000076293945,57.95000076293945,55.099998474121094,56.0,47.283660888671875,149957.0,MRPL.NS
2011-12-26,56.900001525878906,56.900001525878906,55.70000076293945,56.349998474121094,47.57918167114258,74208.0,MRPL.NS
2011-12-27,56.54999923706055,56.70000076293945,53.20000076293945,53.599998474121094,45.25720977783203,133041.0,MRPL.NS
2011-12-28,54.0,54.04999923706055,50.25,50.70000076293945,42.808597564697266,359952.0,MRPL.NS
2011-12-29,50.70000076293945,52.5,49.29999923706055,51.849998474121094,43.779598236083984,403065.0,MRPL.NS
2011-12-30,51.5,52.45000076293945,51.29999923706055,51.70000076293945,43.652950286865234,169885.0,MRPL.NS
2012-01-02,52.0,52.349998474121094,50.25,51.04999923706055,43.10411834716797,95423.0,MRPL.NS
2012-01-03,51.900001525878906,53.79999923706055,51.54999923706055,53.400001525878906,45.08834457397461,132265.0,MRPL.NS
2012-01-04,53.650001525878906,54.29999923706055,53.04999923706055,53.45000076293945,45.13056182861328,209515.0,MRPL.NS
2012-01-05,53.650001525878906,54.29999923706055,53.25,53.70000076293945,45.34164810180664,133522.0,MRPL.NS
2012-01-06,53.5,54.20000076293945,52.75,53.849998474121094,45.468299865722656,104588.0,MRPL.NS
2012-01-07,,,,,,,MRPL.NS
2012-01-09,54.0,54.650001525878906,53.29999923706055,54.349998474121094,45.890480041503906,113158.0,MRPL.NS
2012-01-10,54.04999923706055,56.349998474121094,54.04999923706055,55.79999923706055,47.11479187011719,227362.0,MRPL.NS
2012-01-11,55.79999923706055,57.04999923706055,55.79999923706055,56.45000076293945,47.663612365722656,150241.0,MRPL.NS
2012-01-12,56.0,58.099998474121094,55.75,56.650001525878906,47.83248519897461,210106.0,MRPL.NS
2012-01-13,57.5,58.95000076293945,56.849998474121094,57.5,48.5501823425293,254048.0,MRPL.NS
2012-01-16,58.20000076293945,58.900001525878906,57.150001525878906,58.650001525878906,49.52118682861328,223978.0,MRPL.NS
2012-01-17,58.79999923706055,60.400001525878906,58.5,58.849998474121094,49.69005584716797,311857.0,MRPL.NS
2012-01-18,59.400001525878906,59.79999923706055,56.599998474121094,56.849998474121094,48.00135803222656,316121.0,MRPL.NS
2012-01-19,57.04999923706055,58.0,57.0,57.70000076293945,48.71905517578125,105429.0,MRPL.NS
2012-01-20,57.45000076293945,58.849998474121094,56.599998474121094,57.25,48.33909606933594,217927.0,MRPL.NS
2012-01-23,57.5,59.29999923706055,56.04999923706055,58.45000076293945,49.35232162475586,440676.0,MRPL.NS
2012-01-24,59.0,60.5,57.900001525878906,60.04999923706055,50.703277587890625,562640.0,MRPL.NS
2012-01-25,59.75,61.95000076293945,56.900001525878906,61.349998474121094,51.80093765258789,1006585.0,MRPL.NS
2012-01-27,61.0,62.20000076293945,60.900001525878906,61.20000076293945,51.67428207397461,289668.0,MRPL.NS
2012-01-30,60.70000076293945,63.0,59.900001525878906,60.099998474121094,50.74549865722656,437000.0,MRPL.NS
2012-01-31,61.0,61.95000076293945,60.150001525878906,61.20000076293945,51.67428207397461,176543.0,MRPL.NS
2012-02-01,60.599998474121094,62.599998474121094,60.599998474121094,61.54999923706055,51.96980667114258,238587.0,MRPL.NS
2012-02-02,62.5,62.5,60.20000076293945,60.70000076293945,51.252105712890625,245861.0,MRPL.NS
2012-02-03,60.70000076293945,63.29999923706055,60.70000076293945,62.5,52.771934509277344,339847.0,MRPL.NS
2012-02-06,63.70000076293945,66.9000015258789,62.099998474121094,66.1500015258789,55.85382080078125,1521819.0,MRPL.NS
2012-02-07,67.5,67.69999694824219,64.69999694824219,66.5,56.14934539794922,1297074.0,MRPL.NS
2012-02-08,66.5999984741211,68.5,65.5,67.94999694824219,57.3736457824707,734448.0,MRPL.NS
2012-02-09,67.0,69.80000305175781,67.0,69.05000305175781,58.30244064331055,481150.0,MRPL.NS
2012-02-10,69.5,71.0,68.44999694824219,70.19999694824219,59.27344512939453,989633.0,MRPL.NS
2012-02-13,70.0,73.6500015258789,68.8499984741211,72.6500015258789,61.34210968017578,1392883.0,MRPL.NS
2012-02-14,71.44999694824219,73.5,71.44999694824219,72.4000015258789,61.13102340698242,675860.0,MRPL.NS
2012-02-15,71.6500015258789,73.94999694824219,71.0,71.55000305175781,60.41332244873047,634779.0,MRPL.NS
2012-02-16,71.55000305175781,72.30000305175781,70.44999694824219,71.44999694824219,60.32887649536133,330281.0,MRPL.NS
2012-02-17,71.4000015258789,72.9000015258789,70.69999694824219,71.25,60.160011291503906,345252.0,MRPL.NS
2012-02-21,70.8499984741211,73.30000305175781,69.0999984741211,72.55000305175781,61.25767135620117,834063.0,MRPL.NS
2012-02-22,73.25,73.9000015258789,66.75,67.5,56.99368667602539,981441.0,MRPL.NS
2012-02-23,66.5,69.30000305175781,66.5,68.25,57.62696075439453,462764.0,MRPL.NS
2012-02-24,69.4000015258789,69.4000015258789,66.6500015258789,67.5,56.99368667602539,313812.0,MRPL.NS
2012-02-27,67.05000305175781,67.80000305175781,65.4000015258789,67.19999694824219,56.74038314819336,539169.0,MRPL.NS
2012-02-28,67.4000015258789,71.80000305175781,67.19999694824219,71.05000305175781,59.991146087646484,925587.0,MRPL.NS
2012-02-29,71.0999984741211,72.30000305175781,69.5,71.05000305175781,59.991146087646484,666083.0,MRPL.NS
2012-03-01,71.55000305175781,72.30000305175781,69.1500015258789,69.94999694824219,59.06235122680664,654599.0,MRPL.NS
2012-03-02,70.0999984741211,72.25,69.0999984741211,70.30000305175781,59.357879638671875,755157.0,MRPL.NS
2012-03-03,,,,,,,MRPL.NS
2012-03-05,70.8499984741211,72.44999694824219,69.5999984741211,70.0999984741211,59.18899917602539,1288485.0,MRPL.NS
2012-03-06,69.05000305175781,71.3499984741211,67.0,67.44999694824219,56.95146942138672,471178.0,MRPL.NS
2012-03-07,67.44999694824219,67.69999694824219,65.9000015258789,67.0,56.57151412963867,375436.0,MRPL.NS
2012-03-09,67.5,69.3499984741211,67.30000305175781,69.0,58.260223388671875,691005.0,MRPL.NS
2012-03-12,69.94999694824219,70.0,67.80000305175781,69.44999694824219,58.64017868041992,320812.0,MRPL.NS
2012-03-13,70.0,70.0,68.5,68.69999694824219,58.00690841674805,291825.0,MRPL.NS
2012-03-14,69.44999694824219,69.8499984741211,68.0,68.25,57.62696075439453,187638.0,MRPL.NS
2012-03-15,68.9000015258789,69.6500015258789,66.0999984741211,66.55000305175781,56.19156265258789,290758.0,MRPL.NS
2012-03-16,66.6500015258789,67.80000305175781,65.55000305175781,65.9000015258789,55.64273452758789,341461.0,MRPL.NS
2012-03-19,66.69999694824219,66.9000015258789,64.30000305175781,66.05000305175781,55.769386291503906,453563.0,MRPL.NS
2012-03-20,66.44999694824219,67.5,65.30000305175781,66.8499984741211,56.44486618041992,243569.0,MRPL.NS
2012-03-21,66.69999694824219,69.69999694824219,66.19999694824219,68.80000305175781,58.09135437011719,383654.0,MRPL.NS
2012-03-22,68.30000305175781,68.9000015258789,64.5,64.80000305175781,54.71394729614258,572942.0,MRPL.NS
2012-03-23,65.0,66.0,61.04999923706055,62.54999923706055,52.81414794921875,1073649.0,MRPL.NS
2012-03-26,63.0,63.54999923706055,60.79999923706055,61.349998474121094,51.80093765258789,244463.0,MRPL.NS
2012-03-27,61.95000076293945,63.0,61.150001525878906,62.25,52.56085205078125,358021.0,MRPL.NS
2012-03-28,62.20000076293945,62.349998474121094,58.79999923706055,59.45000076293945,50.1966667175293,384645.0,MRPL.NS
2012-03-29,59.0,61.349998474121094,58.29999923706055,60.849998474121094,51.37875747680664,610658.0,MRPL.NS
2012-03-30,61.150001525878906,69.44999694824219,61.150001525878906,68.19999694824219,57.584739685058594,1348310.0,MRPL.NS
2012-04-02,68.5,68.5,66.0999984741211,67.75,57.20478820800781,506107.0,MRPL.NS
2012-04-03,62.099998474121094,69.5999984741211,62.099998474121094,68.75,58.049137115478516,543348.0,MRPL.NS
2012-04-04,68.5,68.8499984741211,67.0,67.75,57.20478820800781,186842.0,MRPL.NS
2012-04-09,67.1500015258789,67.75,64.19999694824219,64.9000015258789,54.798377990722656,159582.0,MRPL.NS
2012-04-10,65.0,66.0999984741211,62.04999923706055,65.5999984741211,55.389427185058594,322457.0,MRPL.NS
2012-04-11,65.5,66.69999694824219,64.6500015258789,65.0,54.88282012939453,190728.0,MRPL.NS
2012-04-12,65.44999694824219,67.1500015258789,64.9000015258789,66.80000305175781,56.40264892578125,331474.0,MRPL.NS
2012-04-13,65.0,67.0,62.70000076293945,63.95000076293945,53.996246337890625,855984.0,MRPL.NS
2012-04-16,64.0,65.30000305175781,63.25,64.9000015258789,54.798377990722656,139271.0,MRPL.NS
2012-04-17,65.0,67.9000015258789,64.69999694824219,67.1500015258789,56.69816970825195,531117.0,MRPL.NS
2012-04-18,67.5,68.0,66.5,66.69999694824219,56.318214416503906,191966.0,MRPL.NS
2012-04-19,66.75,67.0999984741211,65.4000015258789,65.8499984741211,55.60051345825195,235375.0,MRPL.NS
2012-04-20,64.5,65.69999694824219,62.0,62.349998474121094,52.64528274536133,1116145.0,MRPL.NS
2012-04-23,61.04999923706055,62.900001525878906,61.04999923706055,61.900001525878906,52.26533126831055,210972.0,MRPL.NS
2012-04-24,61.0,63.29999923706055,61.0,62.900001525878906,53.10968017578125,207891.0,MRPL.NS
2012-04-25,61.5,63.400001525878906,60.650001525878906,61.599998474121094,52.012020111083984,282497.0,MRPL.NS
2012-04-26,62.04999923706055,62.849998474121094,61.20000076293945,61.599998474121094,52.012020111083984,1117347.0,MRPL.NS
2012-04-27,62.400001525878906,62.599998474121094,61.04999923706055,61.45000076293945,51.885372161865234,228069.0,MRPL.NS
2012-04-30,61.75,62.650001525878906,61.400001525878906,62.150001525878906,52.476417541503906,153457.0,MRPL.NS
2012-05-02,62.04999923706055,63.25,61.20000076293945,61.5,51.92759323120117,234524.0,MRPL.NS
2012-05-03,61.5,62.04999923706055,60.400001525878906,60.849998474121094,51.37875747680664,323702.0,MRPL.NS
2012-05-04,60.29999923706055,60.29999923706055,58.650001525878906,59.099998474121094,49.90114212036133,242485.0,MRPL.NS
2012-05-07,58.349998474121094,59.45000076293945,56.099998474121094,58.70000076293945,49.56340789794922,368114.0,MRPL.NS
2012-05-08,58.54999923706055,59.900001525878906,56.29999923706055,56.79999923706055,47.95914077758789,203816.0,MRPL.NS
2012-05-09,56.5,57.599998474121094,56.20000076293945,56.599998474121094,47.7902717590332,190209.0,MRPL.NS
2012-05-10,57.099998474121094,58.5,55.5,55.70000076293945,47.03034973144531,320683.0,MRPL.NS
2012-05-11,55.70000076293945,56.5,55.29999923706055,55.95000076293945,47.24143981933594,115544.0,MRPL.NS
2012-05-14,56.400001525878906,56.400001525878906,54.79999923706055,55.04999923706055,46.48152542114258,105034.0,MRPL.NS
2012-05-15,55.349998474121094,58.0,53.79999923706055,57.0,48.12800598144531,235460.0,MRPL.NS
2012-05-16,57.0,58.95000076293945,55.04999923706055,56.900001525878906,48.04357147216797,434387.0,MRPL.NS
2012-05-17,57.70000076293945,58.29999923706055,56.0,56.75,47.91691970825195,214693.0,MRPL.NS
2012-05-18,55.79999923706055,59.5,55.150001525878906,58.400001525878906,49.31010055541992,222614.0,MRPL.NS
2012-05-21,58.75,60.5,58.29999923706055,58.5,49.39453887939453,360816.0,MRPL.NS
2012-05-22,58.79999923706055,60.150001525878906,57.04999923706055,57.349998474121094,48.423526763916016,308811.0,MRPL.NS
2012-05-23,57.349998474121094,58.400001525878906,56.599998474121094,57.20000076293945,48.296878814697266,461761.0,MRPL.NS
2012-05-24,58.75,60.0,58.0,58.45000076293945,49.35232162475586,519940.0,MRPL.NS
2012-05-25,58.70000076293945,59.0,57.79999923706055,58.150001525878906,49.09901809692383,168301.0,MRPL.NS
2012-05-28,58.20000076293945,58.900001525878906,58.20000076293945,58.599998474121094,49.478965759277344,120123.0,MRPL.NS
2012-05-29,58.29999923706055,59.0,57.599998474121094,57.849998474121094,48.845706939697266,115505.0,MRPL.NS
2012-05-30,57.900001525878906,57.900001525878906,55.0,55.54999923706055,46.90369415283203,205007.0,MRPL.NS
2012-05-31,55.29999923706055,55.95000076293945,53.0,55.650001525878906,46.98813247680664,411724.0,MRPL.NS
2012-06-01,56.0,56.400001525878906,53.0,53.70000076293945,45.34164810180664,532234.0,MRPL.NS
2012-06-04,53.79999923706055,53.79999923706055,51.150001525878906,52.099998474121094,43.990692138671875,644478.0,MRPL.NS
2012-06-05,52.599998474121094,53.20000076293945,51.79999923706055,52.349998474121094,44.20177459716797,342553.0,MRPL.NS
2012-06-06,53.0,53.599998474121094,52.349998474121094,52.70000076293945,44.4973030090332,953975.0,MRPL.NS
2012-06-07,54.04999923706055,54.95000076293945,53.5,53.75,45.38386535644531,1721289.0,MRPL.NS
2012-06-08,53.95000076293945,54.0,52.099998474121094,52.70000076293945,44.4973030090332,768399.0,MRPL.NS
2012-06-11,53.650001525878906,54.45000076293945,51.150001525878906,51.79999923706055,43.73737716674805,787982.0,MRPL.NS
2012-06-12,51.099998474121094,52.29999923706055,50.29999923706055,51.95000076293945,43.86403274536133,644432.0,MRPL.NS
2012-06-13,52.400001525878906,53.400001525878906,52.099998474121094,52.650001525878906,44.455078125,1208559.0,MRPL.NS
2012-06-14,52.900001525878906,53.349998474121094,52.099998474121094,52.349998474121094,44.20177459716797,985616.0,MRPL.NS
2012-06-15,52.75,53.75,52.5,52.849998474121094,44.62395095825195,521981.0,MRPL.NS
2012-06-18,53.04999923706055,53.75,52.45000076293945,53.20000076293945,44.91947555541992,483132.0,MRPL.NS
2012-06-19,53.04999923706055,53.349998474121094,52.25,52.70000076293945,44.4973030090332,200173.0,MRPL.NS
2012-06-20,52.75,53.400001525878906,52.54999923706055,52.75,44.539520263671875,750070.0,MRPL.NS
2012-06-21,53.0,54.75,52.70000076293945,54.5,46.01713180541992,1600319.0,MRPL.NS
2012-06-22,54.0,55.650001525878906,54.0,54.400001525878906,45.93269729614258,883458.0,MRPL.NS
2012-06-25,54.79999923706055,55.45000076293945,54.099998474121094,54.79999923706055,46.27043151855469,754686.0,MRPL.NS
2012-06-26,54.650001525878906,55.349998474121094,54.400001525878906,54.650001525878906,46.1437873840332,259949.0,MRPL.NS
2012-06-27,55.0,55.349998474121094,54.5,54.650001525878906,46.1437873840332,253277.0,MRPL.NS
2012-06-28,54.54999923706055,55.45000076293945,52.70000076293945,53.20000076293945,44.91947555541992,1002597.0,MRPL.NS
2012-06-29,53.599998474121094,54.5,53.400001525878906,54.349998474121094,45.890480041503906,463238.0,MRPL.NS
2012-07-02,55.400001525878906,56.0,54.349998474121094,55.79999923706055,47.11479187011719,718247.0,MRPL.NS
2012-07-03,56.5,61.849998474121094,55.900001525878906,60.5,51.08323669433594,3328032.0,MRPL.NS
2012-07-04,60.70000076293945,60.900001525878906,58.54999923706055,59.04999923706055,49.858924865722656,1044207.0,MRPL.NS
2012-07-05,59.150001525878906,60.20000076293945,58.54999923706055,59.400001525878906,50.15445327758789,473379.0,MRPL.NS
2012-07-06,59.95000076293945,60.150001525878906,58.349998474121094,58.70000076293945,49.56340789794922,458778.0,MRPL.NS
2012-07-09,57.25,59.29999923706055,57.25,59.0,49.81671142578125,458673.0,MRPL.NS
2012-07-10,59.400001525878906,59.75,58.650001525878906,59.20000076293945,49.9855842590332,233437.0,MRPL.NS
2012-07-11,58.5,60.650001525878906,58.5,60.0,50.66106414794922,610395.0,MRPL.NS
2012-07-12,59.0,59.099998474121094,58.04999923706055,58.5,50.23173141479492,208453.0,MRPL.NS
2012-07-13,58.900001525878906,59.29999923706055,58.099998474121094,58.400001525878906,50.1458625793457,132981.0,MRPL.NS
2012-07-16,58.54999923706055,59.0,58.099998474121094,58.25,50.01706314086914,149927.0,MRPL.NS
2012-07-17,58.29999923706055,58.849998474121094,57.04999923706055,57.20000076293945,49.11547088623047,125552.0,MRPL.NS
2012-07-18,62.0,62.0,56.599998474121094,57.25,49.15840148925781,126044.0,MRPL.NS
2012-07-19,57.70000076293945,59.599998474121094,57.45000076293945,58.900001525878906,50.5751953125,308548.0,MRPL.NS
2012-07-20,59.5,59.79999923706055,58.0,58.150001525878906,49.93120193481445,508323.0,MRPL.NS
2012-07-23,57.54999923706055,58.0,56.70000076293945,57.0,48.9437370300293,145099.0,MRPL.NS
2012-07-24,57.25,59.099998474121094,56.349998474121094,58.400001525878906,50.1458625793457,363716.0,MRPL.NS
2012-07-25,58.0,58.0,55.650001525878906,56.95000076293945,48.90080261230469,352748.0,MRPL.NS
2012-07-26,57.0,57.599998474121094,55.650001525878906,56.79999923706055,48.772003173828125,238015.0,MRPL.NS
2012-07-27,57.79999923706055,58.25,49.5,54.849998474121094,47.09761047363281,4047301.0,MRPL.NS
2012-07-30,55.25,57.900001525878906,53.25,57.349998474121094,49.244266510009766,473156.0,MRPL.NS
2012-07-31,57.349998474121094,59.20000076293945,56.25,58.45000076293945,50.18879699707031,410383.0,MRPL.NS
2012-08-01,58.0,58.5,57.150001525878906,57.650001525878906,49.50187301635742,223252.0,MRPL.NS
2012-08-02,57.25,58.25,57.099998474121094,57.70000076293945,49.5447998046875,214682.0,MRPL.NS
2012-08-03,57.25,57.5,55.150001525878906,55.900001525878906,47.999210357666016,315245.0,MRPL.NS
2012-08-06,55.900001525878906,56.849998474121094,55.20000076293945,56.45000076293945,48.47146987915039,297254.0,MRPL.NS
2012-08-07,56.900001525878906,57.79999923706055,56.5,57.54999923706055,49.41599655151367,429405.0,MRPL.NS
2012-08-08,57.79999923706055,58.79999923706055,56.79999923706055,58.0,49.802398681640625,407429.0,MRPL.NS
2012-08-09,58.04999923706055,58.45000076293945,57.599998474121094,58.0,49.802398681640625,177227.0,MRPL.NS
2012-08-10,58.0,60.20000076293945,57.25,58.849998474121094,50.53226089477539,492687.0,MRPL.NS
2012-08-13,59.0,59.54999923706055,57.650001525878906,58.79999923706055,50.48932647705078,313527.0,MRPL.NS
2012-08-14,58.70000076293945,59.0,58.0,58.54999923706055,50.274662017822266,105280.0,MRPL.NS
2012-08-16,58.75,61.150001525878906,57.25,60.20000076293945,51.69145584106445,513715.0,MRPL.NS
2012-08-17,60.29999923706055,65.19999694824219,60.29999923706055,63.5,54.52504348754883,2834921.0,MRPL.NS
2012-08-21,63.45000076293945,66.80000305175781,63.099998474121094,66.30000305175781,56.92929458618164,1490970.0,MRPL.NS
2012-08-22,66.69999694824219,66.69999694824219,64.25,64.55000305175781,55.426639556884766,282826.0,MRPL.NS
2012-08-23,64.4000015258789,65.75,62.04999923706055,62.849998474121094,53.9669075012207,389614.0,MRPL.NS
2012-08-24,58.0,62.75,58.0,61.45000076293945,52.7647819519043,458103.0,MRPL.NS
2012-08-27,61.25,65.5,61.25,64.5999984741211,55.469566345214844,1088124.0,MRPL.NS
2012-08-28,65.0999984741211,65.19999694824219,61.599998474121094,64.4000015258789,55.29783630371094,841503.0,MRPL.NS
2012-08-29,64.5,64.55000305175781,62.099998474121094,62.349998474121094,53.53757858276367,504295.0,MRPL.NS
2012-08-30,62.95000076293945,63.79999923706055,61.25,63.0,54.09571075439453,293741.0,MRPL.NS
2012-08-31,63.0,63.0,61.04999923706055,61.849998474121094,53.108245849609375,345576.0,MRPL.NS
2012-09-03,62.099998474121094,63.0,60.099998474121094,60.400001525878906,51.86318588256836,256996.0,MRPL.NS
2012-09-04,60.29999923706055,62.45000076293945,59.25,61.400001525878906,52.72185134887695,517037.0,MRPL.NS
2012-09-05,60.79999923706055,61.70000076293945,60.150001525878906,61.20000076293945,52.55011749267578,327335.0,MRPL.NS
2012-09-06,60.900001525878906,62.45000076293945,60.70000076293945,61.650001525878906,52.93651580810547,896578.0,MRPL.NS
2012-09-07,61.900001525878906,62.95000076293945,60.75,61.5,52.80772018432617,509203.0,MRPL.NS
2012-09-08,,,,,,,MRPL.NS
2012-09-10,62.54999923706055,62.79999923706055,61.400001525878906,61.650001525878906,52.93651580810547,245531.0,MRPL.NS
2012-09-11,61.5,62.20000076293945,61.0,61.70000076293945,52.97944641113281,172472.0,MRPL.NS
2012-09-12,62.099998474121094,62.099998474121094,61.0,61.099998474121094,52.46424865722656,126841.0,MRPL.NS
2012-09-13,61.400001525878906,61.79999923706055,60.95000076293945,61.099998474121094,52.46424865722656,126384.0,MRPL.NS
2012-09-14,62.79999923706055,65.1500015258789,61.0,61.45000076293945,52.7647819519043,459851.0,MRPL.NS
2012-09-17,61.25,62.5,60.0,60.400001525878906,51.86318588256836,261201.0,MRPL.NS
2012-09-18,60.599998474121094,62.25,60.0,60.150001525878906,51.648521423339844,512234.0,MRPL.NS
2012-09-20,59.099998474121094,60.400001525878906,58.599998474121094,59.04999923706055,50.7039909362793,251306.0,MRPL.NS
2012-09-21,57.0,61.0,57.0,59.95000076293945,51.47679138183594,798438.0,MRPL.NS
2012-09-24,59.900001525878906,61.099998474121094,59.349998474121094,59.599998474121094,51.17626190185547,526100.0,MRPL.NS
2012-09-25,60.5,61.0,59.04999923706055,59.20000076293945,50.832794189453125,292403.0,MRPL.NS
2012-09-26,55.79999923706055,59.79999923706055,55.79999923706055,59.20000076293945,50.832794189453125,203642.0,MRPL.NS
2012-09-27,59.5,61.20000076293945,58.29999923706055,60.25,51.73439025878906,675354.0,MRPL.NS
2012-09-28,60.5,61.650001525878906,60.150001525878906,61.0,52.37838363647461,422452.0,MRPL.NS
2012-10-01,60.900001525878906,61.900001525878906,60.599998474121094,61.70000076293945,52.97944641113281,287209.0,MRPL.NS
2012-10-03,61.75,64.80000305175781,61.5,64.44999694824219,55.340763092041016,947922.0,MRPL.NS
2012-10-04,64.4000015258789,66.75,64.19999694824219,65.75,56.457027435302734,496915.0,MRPL.NS
2012-10-05,65.8499984741211,69.4000015258789,63.5,68.4000015258789,58.732486724853516,1195879.0,MRPL.NS
2012-10-08,68.25,68.80000305175781,65.05000305175781,66.30000305175781,56.92929458618164,664949.0,MRPL.NS
2012-10-09,66.44999694824219,68.5,65.80000305175781,67.6500015258789,58.0884895324707,1156111.0,MRPL.NS
2012-10-10,68.30000305175781,70.44999694824219,64.5999984741211,65.4000015258789,56.156497955322266,1753878.0,MRPL.NS
2012-10-11,56.29999923706055,66.69999694824219,56.29999923706055,66.0,56.67169952392578,374911.0,MRPL.NS
2012-10-12,66.8499984741211,66.8499984741211,64.80000305175781,65.44999694824219,56.19942855834961,249087.0,MRPL.NS
2012-10-15,65.30000305175781,66.5,64.69999694824219,65.69999694824219,56.414093017578125,208770.0,MRPL.NS
2012-10-16,65.19999694824219,67.75,65.19999694824219,66.19999694824219,56.843421936035156,563887.0,MRPL.NS
2012-10-17,65.25,67.0,64.75,65.19999694824219,55.984764099121094,234975.0,MRPL.NS
2012-10-18,65.5,67.19999694824219,65.05000305175781,66.75,57.31568908691406,575665.0,MRPL.NS
2012-10-19,66.5,66.8499984741211,65.5,65.69999694824219,56.414093017578125,167290.0,MRPL.NS
2012-10-22,65.25,66.1500015258789,65.0999984741211,65.69999694824219,56.414093017578125,142418.0,MRPL.NS
2012-10-23,66.0,66.0,65.05000305175781,65.5999984741211,56.32823181152344,187980.0,MRPL.NS
2012-10-25,65.75,66.5,65.25,65.94999694824219,56.628761291503906,309298.0,MRPL.NS
2012-10-29,65.0999984741211,65.94999694824219,65.05000305175781,65.30000305175781,56.07063674926758,371001.0,MRPL.NS
2012-10-30,64.4000015258789,66.1500015258789,62.70000076293945,63.29999923706055,54.353309631347656,138081.0,MRPL.NS
2012-10-31,63.25,64.4000015258789,62.45000076293945,63.79999923706055,54.78263473510742,167317.0,MRPL.NS
2012-11-01,63.45000076293945,64.6500015258789,63.0,64.0999984741211,55.04023361206055,165693.0,MRPL.NS
2012-11-02,64.5999984741211,66.80000305175781,64.4000015258789,64.94999694824219,55.77009963989258,1238248.0,MRPL.NS
2012-11-05,68.0,69.94999694824219,64.5,65.9000015258789,56.58583068847656,2643154.0,MRPL.NS
2012-11-06,66.0,68.0,65.5,66.6500015258789,57.229827880859375,1060569.0,MRPL.NS
2012-11-07,66.9000015258789,67.3499984741211,64.8499984741211,65.8499984741211,56.54289627075195,358444.0,MRPL.NS
2012-11-08,65.0999984741211,66.25,64.80000305175781,65.1500015258789,55.941837310791016,292922.0,MRPL.NS
2012-11-09,65.5999984741211,66.0999984741211,64.0,64.3499984741211,55.254905700683594,376394.0,MRPL.NS
2012-11-11,,,,,,,MRPL.NS
2012-11-12,64.5,64.69999694824219,63.0,63.349998474121094,54.396240234375,221513.0,MRPL.NS
2012-11-15,63.25,65.0,63.150001525878906,63.54999923706055,54.56797409057617,269292.0,MRPL.NS
2012-11-16,63.599998474121094,64.55000305175781,62.099998474121094,62.70000076293945,53.83810806274414,225246.0,MRPL.NS
2012-11-19,62.79999923706055,63.25,61.79999923706055,62.150001525878906,53.365848541259766,181104.0,MRPL.NS
2012-11-20,62.70000076293945,63.400001525878906,62.150001525878906,62.20000076293945,53.408782958984375,195797.0,MRPL.NS
2012-11-21,62.95000076293945,63.29999923706055,62.099998474121094,62.45000076293945,53.623443603515625,435916.0,MRPL.NS
2012-11-22,63.599998474121094,63.599998474121094,61.900001525878906,62.0,53.2370491027832,225411.0,MRPL.NS
2012-11-23,62.900001525878906,62.900001525878906,61.0,61.45000076293945,52.7647819519043,173062.0,MRPL.NS
2012-11-26,61.599998474121094,62.29999923706055,59.79999923706055,59.95000076293945,51.47679138183594,245391.0,MRPL.NS
2012-11-27,60.400001525878906,61.0,59.5,59.900001525878906,51.433860778808594,302174.0,MRPL.NS
2012-11-29,59.95000076293945,61.349998474121094,59.95000076293945,60.900001525878906,52.292518615722656,304750.0,MRPL.NS
2012-11-30,60.95000076293945,61.5,60.400001525878906,60.599998474121094,52.03491973876953,390889.0,MRPL.NS
2012-12-03,60.599998474121094,63.900001525878906,59.0,63.400001525878906,54.439170837402344,543619.0,MRPL.NS
2012-12-04,64.5,64.8499984741211,62.900001525878906,63.150001525878906,54.224510192871094,443513.0,MRPL.NS
2012-12-05,63.150001525878906,64.25,61.150001525878906,61.54999923706055,52.850650787353516,402473.0,MRPL.NS
2012-12-06,61.900001525878906,62.95000076293945,61.54999923706055,61.75,53.02238082885742,255112.0,MRPL.NS
2012-12-07,61.79999923706055,63.150001525878906,61.79999923706055,62.29999923706055,53.49464416503906,254232.0,MRPL.NS
2012-12-10,62.25,62.849998474121094,61.79999923706055,62.349998474121094,53.53757858276367,155804.0,MRPL.NS
2012-12-11,62.20000076293945,62.849998474121094,61.54999923706055,61.849998474121094,53.108245849609375,175414.0,MRPL.NS
2012-12-12,61.70000076293945,62.349998474121094,61.5,61.849998474121094,53.108245849609375,164229.0,MRPL.NS
2012-12-13,61.70000076293945,62.25,60.599998474121094,60.849998474121094,52.24958419799805,213038.0,MRPL.NS
2012-12-14,61.20000076293945,61.79999923706055,60.599998474121094,61.29999923706055,52.635986328125,192222.0,MRPL.NS
2012-12-17,61.400001525878906,61.75,60.650001525878906,61.5,52.80772018432617,105226.0,MRPL.NS
2012-12-18,61.0,62.25,60.54999923706055,61.54999923706055,52.850650787353516,148463.0,MRPL.NS
2012-12-19,62.0,62.0,60.900001525878906,61.150001525878906,52.50718688964844,300704.0,MRPL.NS
2012-12-20,61.349998474121094,61.70000076293945,60.900001525878906,61.349998474121094,52.67892074584961,379861.0,MRPL.NS
2012-12-21,61.20000076293945,61.599998474121094,60.70000076293945,61.25,52.593048095703125,159854.0,MRPL.NS
2012-12-24,61.0,61.599998474121094,61.0,61.04999923706055,52.42131423950195,95010.0,MRPL.NS
2012-12-26,61.75,61.75,60.5,60.95000076293945,52.335453033447266,124741.0,MRPL.NS
2012-12-27,61.0,61.400001525878906,59.75,60.29999923706055,51.777320861816406,265256.0,MRPL.NS
2012-12-28,61.5,62.25,59.849998474121094,60.20000076293945,51.69145584106445,543414.0,MRPL.NS
2012-12-31,61.29999923706055,61.29999923706055,59.25,61.04999923706055,52.42131423950195,165744.0,MRPL.NS
2013-01-01,60.400001525878906,62.79999923706055,60.400001525878906,61.75,53.02238082885742,187720.0,MRPL.NS
2013-01-02,62.150001525878906,62.45000076293945,61.54999923706055,61.900001525878906,53.15118408203125,213090.0,MRPL.NS
2013-01-03,62.0,64.9000015258789,61.75,64.69999694824219,55.5554313659668,763549.0,MRPL.NS
2013-01-04,65.05000305175781,66.30000305175781,64.80000305175781,65.6500015258789,56.37116622924805,769869.0,MRPL.NS
2013-01-07,66.0,69.44999694824219,66.0,68.94999694824219,59.204750061035156,1553030.0,MRPL.NS
2013-01-08,68.5,69.4000015258789,66.5999984741211,67.05000305175781,57.57328796386719,368151.0,MRPL.NS
2013-01-09,66.80000305175781,67.80000305175781,65.9000015258789,66.5,57.10102844238281,307783.0,MRPL.NS
2013-01-10,66.44999694824219,68.19999694824219,64.30000305175781,64.8499984741211,55.684226989746094,441591.0,MRPL.NS
2013-01-11,65.4000015258789,66.25,64.3499984741211,65.6500015258789,56.37116622924805,316420.0,MRPL.NS
2013-01-14,66.05000305175781,67.0999984741211,65.0999984741211,66.1500015258789,56.80049514770508,437598.0,MRPL.NS
2013-01-15,66.4000015258789,66.6500015258789,65.5,66.05000305175781,56.714630126953125,155833.0,MRPL.NS
2013-01-16,66.4000015258789,67.19999694824219,64.69999694824219,65.0999984741211,55.89889907836914,222638.0,MRPL.NS
2013-01-17,65.69999694824219,67.75,65.0,66.94999694824219,57.48741912841797,833854.0,MRPL.NS
2013-01-18,67.0,69.4000015258789,66.5999984741211,66.94999694824219,57.48741912841797,1469138.0,MRPL.NS
2013-01-21,67.0,67.80000305175781,66.19999694824219,66.75,57.31568908691406,394737.0,MRPL.NS
2013-01-22,66.9000015258789,67.19999694824219,65.25,65.3499984741211,56.11356735229492,339523.0,MRPL.NS
2013-01-23,65.05000305175781,65.8499984741211,62.79999923706055,63.150001525878906,54.224510192871094,504142.0,MRPL.NS
2013-01-24,63.29999923706055,63.900001525878906,61.95000076293945,62.099998474121094,53.32291030883789,294906.0,MRPL.NS
2013-01-25,62.400001525878906,63.150001525878906,61.29999923706055,62.599998474121094,53.75224304199219,235252.0,MRPL.NS
2013-01-28,62.95000076293945,63.70000076293945,62.900001525878906,63.150001525878906,54.224510192871094,128774.0,MRPL.NS
2013-01-29,63.54999923706055,63.650001525878906,61.400001525878906,62.150001525878906,53.365848541259766,169955.0,MRPL.NS
2013-01-30,62.5,62.900001525878906,62.150001525878906,62.599998474121094,53.75224304199219,147428.0,MRPL.NS
2013-01-31,62.900001525878906,64.75,62.849998474121094,64.0,54.95437240600586,665505.0,MRPL.NS
2013-02-01,63.5,63.5,61.5,62.0,53.2370491027832,922253.0,MRPL.NS
2013-02-04,62.25,62.70000076293945,60.599998474121094,60.900001525878906,52.292518615722656,230835.0,MRPL.NS
2013-02-05,60.95000076293945,61.0,60.0,60.45000076293945,51.906124114990234,125581.0,MRPL.NS
2013-02-06,60.79999923706055,62.650001525878906,60.29999923706055,61.900001525878906,53.15118408203125,653564.0,MRPL.NS
2013-02-07,61.95000076293945,62.45000076293945,59.04999923706055,59.25,50.87572479248047,463775.0,MRPL.NS
2013-02-08,59.45000076293945,59.900001525878906,58.099998474121094,58.400001525878906,50.1458625793457,357242.0,MRPL.NS
2013-02-11,58.900001525878906,59.25,58.099998474121094,58.650001525878906,50.360530853271484,148638.0,MRPL.NS
2013-02-12,58.75,61.099998474121094,58.45000076293945,60.75,52.16371536254883,292400.0,MRPL.NS
2013-02-13,60.70000076293945,61.20000076293945,59.25,60.349998474121094,51.820255279541016,296324.0,MRPL.NS
2013-02-14,60.349998474121094,60.650001525878906,58.04999923706055,58.349998474121094,50.10293197631836,155877.0,MRPL.NS
2013-02-15,70.0,70.0,57.95000076293945,59.849998474121094,51.39092254638672,252151.0,MRPL.NS
2013-02-18,60.20000076293945,60.5,59.04999923706055,60.20000076293945,51.69145584106445,188895.0,MRPL.NS
2013-02-19,60.20000076293945,60.79999923706055,59.400001525878906,59.849998474121094,51.39092254638672,100714.0,MRPL.NS
2013-02-20,60.099998474121094,61.650001525878906,59.79999923706055,60.04999923706055,51.562652587890625,406247.0,MRPL.NS
2013-02-21,59.79999923706055,59.79999923706055,58.5,59.099998474121094,50.74692153930664,111898.0,MRPL.NS
2013-02-22,59.04999923706055,59.54999923706055,58.099998474121094,58.849998474121094,50.53226089477539,105040.0,MRPL.NS
2013-02-25,59.45000076293945,59.45000076293945,57.54999923706055,58.20000076293945,49.9741325378418,455712.0,MRPL.NS
2013-02-26,58.349998474121094,58.650001525878906,57.0,57.45000076293945,49.330135345458984,121666.0,MRPL.NS
2013-02-27,57.5,58.25,56.70000076293945,57.849998474121094,49.67359924316406,115319.0,MRPL.NS
2013-02-28,58.650001525878906,60.900001525878906,57.54999923706055,58.70000076293945,50.40346145629883,455430.0,MRPL.NS
2013-03-01,60.5,60.5,55.79999923706055,57.79999923706055,49.63066482543945,522103.0,MRPL.NS
2013-03-04,58.349998474121094,59.0,56.5,56.849998474121094,48.814937591552734,206044.0,MRPL.NS
2013-03-05,56.349998474121094,57.75,56.349998474121094,56.900001525878906,48.857872009277344,223322.0,MRPL.NS
2013-03-06,57.20000076293945,58.5,56.79999923706055,57.150001525878906,49.072532653808594,160270.0,MRPL.NS
2013-03-07,56.79999923706055,57.400001525878906,55.849998474121094,55.95000076293945,48.042144775390625,281114.0,MRPL.NS
2013-03-08,56.599998474121094,57.5,55.400001525878906,55.650001525878906,47.784542083740234,395016.0,MRPL.NS
2013-03-11,55.95000076293945,56.45000076293945,54.900001525878906,55.099998474121094,47.312278747558594,321144.0,MRPL.NS
2013-03-12,55.20000076293945,55.70000076293945,53.79999923706055,54.0,46.36775588989258,552867.0,MRPL.NS
2013-03-13,53.95000076293945,54.5,53.20000076293945,53.54999923706055,45.981353759765625,185771.0,MRPL.NS
2013-03-14,53.900001525878906,53.95000076293945,51.79999923706055,52.45000076293945,45.03682327270508,982744.0,MRPL.NS
2013-03-15,52.900001525878906,53.29999923706055,52.150001525878906,52.25,44.86509323120117,285360.0,MRPL.NS
2013-03-18,52.0,54.099998474121094,51.5,53.54999923706055,45.981353759765625,613203.0,MRPL.NS
2013-03-19,54.5,56.849998474121094,51.54999923706055,52.0,44.65042495727539,363946.0,MRPL.NS
2013-03-20,52.5,52.75,51.5,52.5,45.07975769042969,324729.0,MRPL.NS
2013-03-21,52.599998474121094,52.70000076293945,51.150001525878906,51.29999923706055,44.04936218261719,171065.0,MRPL.NS
2013-03-22,51.5,52.0,50.0,50.25,43.14776611328125,153947.0,MRPL.NS
2013-03-25,51.0,51.29999923706055,49.0,49.25,42.28910446166992,1699542.0,MRPL.NS
2013-03-26,49.70000076293945,49.70000076293945,49.0,49.20000076293945,42.24617385864258,86627.0,MRPL.NS
2013-03-28,50.099998474121094,50.25,48.599998474121094,49.54999923706055,42.54670333862305,166511.0,MRPL.NS
2013-04-01,50.650001525878906,51.0,50.0,50.849998474121094,43.6629638671875,123982.0,MRPL.NS
2013-04-02,50.5,52.20000076293945,50.400001525878906,51.95000076293945,44.60749435424805,171384.0,MRPL.NS
2013-04-03,52.400001525878906,52.900001525878906,49.849998474121094,50.400001525878906,43.27656936645508,197761.0,MRPL.NS
2013-04-04,50.54999923706055,50.599998474121094,49.25,49.5,42.50376892089844,84359.0,MRPL.NS
2013-04-05,49.04999923706055,50.54999923706055,49.04999923706055,49.900001525878906,42.84724044799805,95678.0,MRPL.NS
2013-04-08,49.95000076293945,50.45000076293945,49.5,49.79999923706055,42.76136779785156,53504.0,MRPL.NS
2013-04-09,50.900001525878906,50.900001525878906,49.150001525878906,49.349998474121094,42.37497329711914,77216.0,MRPL.NS
2013-04-10,49.5,49.70000076293945,47.5,48.650001525878906,41.7739143371582,103022.0,MRPL.NS
2013-04-11,49.5,49.599998474121094,48.75,49.099998474121094,42.16030502319336,59885.0,MRPL.NS
2013-04-12,48.75,49.900001525878906,48.0,49.400001525878906,42.417903900146484,104182.0,MRPL.NS
2013-04-15,49.099998474121094,51.099998474121094,49.099998474121094,49.599998474121094,42.589637756347656,209005.0,MRPL.NS
2013-04-16,49.0,50.849998474121094,49.0,49.54999923706055,42.54670333862305,160637.0,MRPL.NS
2013-04-17,50.0,50.29999923706055,49.04999923706055,49.349998474121094,42.37497329711914,187308.0,MRPL.NS
2013-04-18,49.0,49.849998474121094,48.900001525878906,49.29999923706055,42.33203887939453,142931.0,MRPL.NS
2013-04-22,50.45000076293945,50.45000076293945,48.79999923706055,48.95000076293945,42.03150939941406,144408.0,MRPL.NS
2013-04-23,49.45000076293945,49.650001525878906,48.5,48.849998474121094,41.94564437866211,191310.0,MRPL.NS
2013-04-25,49.45000076293945,49.45000076293945,48.79999923706055,48.900001525878906,41.98857879638672,161304.0,MRPL.NS
2013-04-26,49.650001525878906,49.650001525878906,47.849998474121094,48.04999923706055,41.25871276855469,242856.0,MRPL.NS
2013-04-29,48.0,48.599998474121094,46.900001525878906,47.349998474121094,40.657649993896484,233880.0,MRPL.NS
2013-04-30,47.599998474121094,48.20000076293945,47.29999923706055,47.45000076293945,40.74351501464844,158522.0,MRPL.NS
2013-05-02,47.0,47.54999923706055,46.900001525878906,47.099998474121094,40.44297790527344,193674.0,MRPL.NS
2013-05-03,47.400001525878906,47.54999923706055,46.900001525878906,47.150001525878906,40.48591613769531,135863.0,MRPL.NS
2013-05-06,47.25,47.650001525878906,47.04999923706055,47.45000076293945,40.74351501464844,146359.0,MRPL.NS
2013-05-07,47.20000076293945,48.04999923706055,47.20000076293945,47.650001525878906,40.91524887084961,268699.0,MRPL.NS
2013-05-08,47.75,47.95000076293945,47.20000076293945,47.349998474121094,40.657649993896484,156133.0,MRPL.NS
2013-05-09,47.70000076293945,47.70000076293945,46.25,46.45000076293945,39.88484573364258,288401.0,MRPL.NS
2013-05-10,46.5,47.0,46.5,46.75,40.142452239990234,178294.0,MRPL.NS
2013-05-13,47.04999923706055,47.5,46.20000076293945,46.349998474121094,39.79898452758789,156918.0,MRPL.NS
2013-05-14,46.20000076293945,47.5,46.20000076293945,46.5,39.92778396606445,218211.0,MRPL.NS
2013-05-15,46.5,49.0,46.5,46.900001525878906,40.27125549316406,855215.0,MRPL.NS
2013-05-16,47.0,48.099998474121094,46.45000076293945,46.599998474121094,40.013648986816406,418521.0,MRPL.NS
2013-05-17,46.599998474121094,47.099998474121094,46.04999923706055,46.29999923706055,39.75605010986328,223932.0,MRPL.NS
2013-05-20,46.099998474121094,46.900001525878906,46.0,46.150001525878906,39.627254486083984,179095.0,MRPL.NS
2013-05-21,46.29999923706055,46.5,44.599998474121094,45.04999923706055,38.6827278137207,413415.0,MRPL.NS
2013-05-22,44.75,45.5,44.25,44.79999923706055,38.46805953979492,373724.0,MRPL.NS
2013-05-23,44.5,44.95000076293945,41.70000076293945,41.849998474121094,35.935001373291016,454835.0,MRPL.NS
2013-05-24,42.0,43.25,40.0,42.54999923706055,36.53606414794922,1420197.0,MRPL.NS
2013-05-27,42.5,43.20000076293945,42.04999923706055,42.75,36.707801818847656,216605.0,MRPL.NS
2013-05-28,43.5,43.599998474121094,42.79999923706055,43.29999923706055,37.18006896972656,124633.0,MRPL.NS
2013-05-29,43.400001525878906,43.95000076293945,43.099998474121094,43.29999923706055,37.18006896972656,112351.0,MRPL.NS
2013-05-30,43.0,45.20000076293945,42.79999923706055,44.45000076293945,38.16752624511719,190132.0,MRPL.NS
2013-05-31,44.0,44.45000076293945,43.0,43.25,37.13713455200195,101062.0,MRPL.NS
2013-06-03,43.0,46.400001525878906,42.20000076293945,44.95000076293945,38.596858978271484,197716.0,MRPL.NS
2013-06-04,45.0,45.95000076293945,43.79999923706055,45.5,39.069122314453125,252670.0,MRPL.NS
2013-06-05,45.0,45.70000076293945,44.599998474121094,45.150001525878906,38.768592834472656,233753.0,MRPL.NS
2013-06-06,44.95000076293945,45.70000076293945,44.349998474121094,44.650001525878906,38.33926010131836,212814.0,MRPL.NS
2013-06-07,44.0,44.79999923706055,43.5,43.79999923706055,37.60939407348633,78487.0,MRPL.NS
2013-06-10,44.0,44.900001525878906,41.95000076293945,42.099998474121094,36.1496696472168,128156.0,MRPL.NS
2013-06-11,42.04999923706055,42.349998474121094,40.70000076293945,40.849998474121094,35.07633972167969,138190.0,MRPL.NS
2013-06-12,40.79999923706055,41.75,40.099998474121094,40.29999923706055,34.60408020019531,188340.0,MRPL.NS
2013-06-13,40.0,41.0,40.0,40.400001525878906,34.68994903564453,132520.0,MRPL.NS
2013-06-14,40.95000076293945,41.349998474121094,38.25,39.20000076293945,33.65955352783203,463717.0,MRPL.NS
2013-06-17,39.95000076293945,40.29999923706055,38.650001525878906,39.29999923706055,33.74541473388672,455205.0,MRPL.NS
2013-06-18,39.20000076293945,39.75,38.54999923706055,38.70000076293945,33.230220794677734,189654.0,MRPL.NS
2013-06-19,39.0,39.0,38.04999923706055,38.5,33.05848693847656,161793.0,MRPL.NS
2013-06-20,38.0,38.400001525878906,37.25,37.70000076293945,32.37156295776367,223549.0,MRPL.NS
2013-06-21,37.5,38.5,37.349998474121094,37.79999923706055,32.45742416381836,154310.0,MRPL.NS
2013-06-24,37.0,38.099998474121094,36.599998474121094,36.79999923706055,31.5987606048584,165958.0,MRPL.NS
2013-06-25,36.04999923706055,36.79999923706055,35.099998474121094,35.25,30.267837524414062,205180.0,MRPL.NS
2013-06-26,35.79999923706055,35.849998474121094,34.5,34.650001525878906,29.752639770507812,144291.0,MRPL.NS
2013-06-27,34.099998474121094,34.849998474121094,34.0,34.150001525878906,29.32331085205078,158848.0,MRPL.NS
2013-06-28,35.0,36.5,35.0,36.0,30.911836624145508,922672.0,MRPL.NS
2013-07-01,36.099998474121094,37.849998474121094,36.099998474121094,37.70000076293945,32.37156295776367,157567.0,MRPL.NS
2013-07-02,38.900001525878906,38.900001525878906,37.54999923706055,37.75,32.414493560791016,170446.0,MRPL.NS
2013-07-03,37.75,37.79999923706055,36.25,36.5,31.34116554260254,94970.0,MRPL.NS
2013-07-04,37.25,37.25,36.29999923706055,36.900001525878906,31.68463134765625,100616.0,MRPL.NS
2013-07-05,37.849998474121094,39.0,37.150001525878906,37.5,32.1998291015625,234898.0,MRPL.NS
2013-07-08,37.04999923706055,42.79999923706055,36.54999923706055,37.45000076293945,32.15689468383789,2740039.0,MRPL.NS
2013-07-09,37.95000076293945,38.900001525878906,37.45000076293945,37.75,32.414493560791016,367285.0,MRPL.NS
2013-07-10,38.5,38.5,36.04999923706055,36.349998474121094,31.21236228942871,511646.0,MRPL.NS
2013-07-11,37.0,37.5,36.099998474121094,36.70000076293945,31.51289939880371,177907.0,MRPL.NS
2013-07-12,37.099998474121094,37.29999923706055,36.5,36.849998474121094,31.641693115234375,188930.0,MRPL.NS
2013-07-15,36.150001525878906,37.25,36.150001525878906,36.900001525878906,31.68463134765625,131559.0,MRPL.NS
2013-07-16,36.29999923706055,37.0,34.79999923706055,34.900001525878906,29.967309951782227,498047.0,MRPL.NS
2013-07-17,35.0,36.70000076293945,34.29999923706055,34.45000076293945,29.58091163635254,656980.0,MRPL.NS
2013-07-18,34.29999923706055,35.400001525878906,34.29999923706055,35.099998474121094,30.1390380859375,161340.0,MRPL.NS
2013-07-19,35.45000076293945,35.900001525878906,34.95000076293945,35.25,30.267837524414062,164393.0,MRPL.NS
2013-07-22,35.099998474121094,36.5,34.04999923706055,35.79999923706055,30.7401065826416,225541.0,MRPL.NS
2013-07-23,36.400001525878906,36.400001525878906,35.099998474121094,36.0,30.911836624145508,130153.0,MRPL.NS
2013-07-24,36.599998474121094,36.599998474121094,35.400001525878906,35.900001525878906,30.825969696044922,336597.0,MRPL.NS
2013-07-25,36.0,36.0,35.20000076293945,35.95000076293945,30.86890411376953,271835.0,MRPL.NS
2013-07-26,36.0,36.400001525878906,34.75,35.849998474121094,30.783035278320312,238368.0,MRPL.NS
2013-07-29,35.150001525878906,35.79999923706055,33.900001525878906,34.0,29.19451141357422,127773.0,MRPL.NS
2013-07-30,34.0,34.5,33.04999923706055,33.349998474121094,28.636377334594727,110617.0,MRPL.NS
2013-07-31,34.0,34.0,31.799999237060547,32.54999923706055,27.94944953918457,113741.0,MRPL.NS
2013-08-01,33.45000076293945,35.099998474121094,32.20000076293945,32.45000076293945,27.863582611083984,244626.0,MRPL.NS
2013-08-02,34.0,34.0,31.600000381469727,32.150001525878906,27.605987548828125,158877.0,MRPL.NS
2013-08-05,31.5,32.29999923706055,27.899999618530273,28.75,24.686532974243164,401936.0,MRPL.NS
2013-08-06,29.0,30.0,28.5,29.149999618530273,25.030000686645508,263104.0,MRPL.NS
2013-08-07,29.049999237060547,29.899999618530273,29.049999237060547,29.700000762939453,25.502262115478516,195044.0,MRPL.NS
2013-08-08,30.450000762939453,31.0,29.600000381469727,30.0,25.759862899780273,268353.0,MRPL.NS
2013-08-12,30.200000762939453,31.0,30.200000762939453,30.899999618530273,26.532655715942383,244031.0,MRPL.NS
2013-08-13,31.100000381469727,31.149999618530273,30.149999618530273,30.399999618530273,26.10332489013672,161937.0,MRPL.NS
2013-08-14,31.149999618530273,31.149999618530273,28.899999618530273,29.899999618530273,25.673995971679688,854654.0,MRPL.NS
2013-08-16,29.899999618530273,30.049999237060547,26.299999237060547,27.450000762939453,23.570274353027344,879795.0,MRPL.NS
2013-08-19,27.399999618530273,27.450000762939453,26.600000381469727,27.200000762939453,23.355607986450195,280922.0,MRPL.NS
2013-08-20,27.950000762939453,29.200000762939453,26.899999618530273,28.549999237060547,24.514799118041992,222528.0,MRPL.NS
2013-08-21,29.5,30.149999618530273,28.950000762939453,29.549999237060547,25.37346076965332,549594.0,MRPL.NS
2013-08-22,29.649999618530273,30.0,29.100000381469727,29.549999237060547,25.37346076965332,298785.0,MRPL.NS
2013-08-23,29.299999237060547,30.450000762939453,29.299999237060547,30.0,25.759862899780273,318490.0,MRPL.NS
2013-08-26,30.200000762939453,30.549999237060547,29.75,30.399999618530273,26.10332489013672,143363.0,MRPL.NS
2013-08-27,30.200000762939453,30.450000762939453,28.899999618530273,29.450000762939453,25.28759765625,488775.0,MRPL.NS
2013-08-28,29.399999618530273,29.850000381469727,28.149999618530273,29.100000381469727,24.9870662689209,508132.0,MRPL.NS
2013-08-29,29.450000762939453,30.299999237060547,29.25,29.799999237060547,25.588130950927734,672104.0,MRPL.NS
2013-08-30,30.299999237060547,33.400001525878906,28.649999618530273,30.799999237060547,26.44679069519043,956926.0,MRPL.NS
2013-09-02,30.200000762939453,31.899999618530273,30.200000762939453,31.350000381469727,26.91905403137207,201160.0,MRPL.NS
2013-09-03,31.700000762939453,31.700000762939453,30.549999237060547,30.899999618530273,26.532655715942383,134217.0,MRPL.NS
2013-09-04,31.0,31.0,30.100000381469727,30.649999618530273,26.3179931640625,107234.0,MRPL.NS
2013-09-05,30.799999237060547,31.5,30.799999237060547,30.950000762939453,26.575592041015625,137991.0,MRPL.NS
2013-09-06,31.399999618530273,32.25,30.850000381469727,31.600000381469727,27.13372039794922,503127.0,MRPL.NS
2013-09-10,31.899999618530273,32.5,31.0,31.350000381469727,26.91905403137207,316031.0,MRPL.NS
2013-09-11,31.049999237060547,32.5,31.0,32.0,27.47718620300293,212154.0,MRPL.NS
2013-09-12,32.5,33.5,32.0,32.20000076293945,27.64891815185547,228483.0,MRPL.NS
2013-09-13,32.04999923706055,33.400001525878906,32.04999923706055,32.900001525878906,28.249984741210938,231323.0,MRPL.NS
2013-09-16,33.5,34.0,32.900001525878906,33.0,28.33584976196289,196163.0,MRPL.NS
2013-09-17,33.75,34.900001525878906,33.0,34.650001525878906,29.752639770507812,520631.0,MRPL.NS
2013-09-18,35.25,35.650001525878906,34.54999923706055,34.79999923706055,29.881439208984375,1241351.0,MRPL.NS
2013-09-19,35.95000076293945,35.95000076293945,34.79999923706055,35.150001525878906,30.18197250366211,420037.0,MRPL.NS
2013-09-20,35.20000076293945,35.45000076293945,33.900001525878906,34.349998474121094,29.495038986206055,721236.0,MRPL.NS
2013-09-23,34.0,34.849998474121094,33.400001525878906,34.0,29.19451141357422,155052.0,MRPL.NS
2013-09-24,33.70000076293945,34.599998474121094,33.5,34.099998474121094,29.280376434326172,1675316.0,MRPL.NS
2013-09-25,34.0,34.099998474121094,33.29999923706055,33.599998474121094,28.851041793823242,172508.0,MRPL.NS
2013-09-26,33.25,33.79999923706055,33.04999923706055,33.20000076293945,28.507577896118164,123944.0,MRPL.NS
2013-09-27,33.25,33.900001525878906,33.0,33.20000076293945,28.507577896118164,225144.0,MRPL.NS
2013-09-30,33.79999923706055,33.79999923706055,33.099998474121094,33.5,28.76517677307129,202273.0,MRPL.NS
2013-10-01,33.349998474121094,33.75,32.900001525878906,33.20000076293945,28.507577896118164,561639.0,MRPL.NS
2013-10-03,33.849998474121094,33.849998474121094,33.400001525878906,33.650001525878906,28.893980026245117,99505.0,MRPL.NS
2013-10-04,33.5,33.650001525878906,33.29999923706055,33.5,28.76517677307129,69283.0,MRPL.NS
2013-10-07,33.25,33.849998474121094,33.20000076293945,33.349998474121094,28.636377334594727,86824.0,MRPL.NS
2013-10-08,33.400001525878906,34.04999923706055,33.29999923706055,33.54999923706055,28.808109283447266,225612.0,MRPL.NS
2013-10-09,33.099998474121094,33.79999923706055,33.099998474121094,33.5,28.76517677307129,66350.0,MRPL.NS
2013-10-10,33.5,34.150001525878906,33.5,33.70000076293945,28.93691062927246,100849.0,MRPL.NS
2013-10-11,33.849998474121094,34.400001525878906,33.599998474121094,33.79999923706055,29.022777557373047,137817.0,MRPL.NS
2013-10-14,34.29999923706055,36.599998474121094,34.099998474121094,36.29999923706055,31.169429779052734,644836.0,MRPL.NS
2013-10-15,36.5,36.95000076293945,36.04999923706055,36.599998474121094,31.427032470703125,361150.0,MRPL.NS
2013-10-17,36.54999923706055,37.45000076293945,36.099998474121094,37.0,31.770492553710938,244675.0,MRPL.NS
2013-10-18,37.20000076293945,38.599998474121094,36.900001525878906,38.099998474121094,32.715023040771484,445023.0,MRPL.NS
2013-10-21,38.099998474121094,40.0,37.95000076293945,39.650001525878906,34.045955657958984,376821.0,MRPL.NS
2013-10-22,40.45000076293945,43.5,40.25,41.75,35.84914016723633,1808002.0,MRPL.NS
2013-10-23,41.95000076293945,41.95000076293945,39.70000076293945,40.349998474121094,34.64701461791992,362424.0,MRPL.NS
2013-10-24,40.5,41.25,39.25,39.54999923706055,33.9600830078125,258783.0,MRPL.NS
2013-10-25,39.599998474121094,39.70000076293945,38.75,38.95000076293945,33.44488525390625,139769.0,MRPL.NS
2013-10-28,38.5,39.849998474121094,38.5,39.54999923706055,33.9600830078125,330152.0,MRPL.NS
2013-10-29,39.5,42.0,38.79999923706055,41.25,35.4198112487793,829816.0,MRPL.NS
2013-10-30,41.0,41.0,39.5,39.79999923706055,34.174747467041016,233806.0,MRPL.NS
2013-10-31,39.5,40.599998474121094,39.5,40.25,34.56114959716797,184324.0,MRPL.NS
2013-11-01,40.25,40.54999923706055,39.75,40.04999923706055,34.3894157409668,159382.0,MRPL.NS
2013-11-05,40.099998474121094,40.900001525878906,39.650001525878906,39.900001525878906,34.2606201171875,677635.0,MRPL.NS
2013-11-06,40.0,40.900001525878906,40.0,40.400001525878906,34.68994903564453,315421.0,MRPL.NS
2013-11-07,40.5,43.20000076293945,39.900001525878906,42.20000076293945,36.235538482666016,891992.0,MRPL.NS
2013-11-08,42.04999923706055,43.0,41.04999923706055,41.650001525878906,35.763275146484375,422437.0,MRPL.NS
2013-11-11,41.400001525878906,41.45000076293945,39.45000076293945,39.95000076293945,34.303550720214844,148846.0,MRPL.NS
2013-11-12,40.0,40.20000076293945,39.0,39.150001525878906,33.616615295410156,112203.0,MRPL.NS
2013-11-13,39.099998474121094,39.099998474121094,38.099998474121094,38.25,32.84382247924805,125898.0,MRPL.NS
2013-11-14,38.20000076293945,39.5,38.099998474121094,38.5,33.05848693847656,90452.0,MRPL.NS
2013-11-18,38.54999923706055,41.79999923706055,38.54999923706055,41.5,35.63447570800781,389016.0,MRPL.NS
2013-11-19,42.0,44.0,41.75,43.650001525878906,37.4806022644043,1436407.0,MRPL.NS
2013-11-20,43.95000076293945,44.900001525878906,40.650001525878906,42.099998474121094,36.1496696472168,504392.0,MRPL.NS
2013-11-21,42.0,42.650001525878906,40.79999923706055,41.04999923706055,35.24807357788086,194272.0,MRPL.NS
2013-11-22,41.75,42.5,39.54999923706055,40.400001525878906,34.68994903564453,188452.0,MRPL.NS
2013-11-25,43.5,44.5,42.5,42.849998474121094,36.79366683959961,1523282.0,MRPL.NS
2013-11-26,43.25,43.349998474121094,42.0,42.400001525878906,36.40727233886719,430165.0,MRPL.NS
2013-11-27,42.099998474121094,43.25,41.099998474121094,42.95000076293945,36.87953567504883,543899.0,MRPL.NS
2013-11-28,42.79999923706055,43.099998474121094,41.75,41.900001525878906,35.97793960571289,176533.0,MRPL.NS
2013-11-29,42.0,43.29999923706055,41.5,41.95000076293945,36.0208740234375,166230.0,MRPL.NS
2013-12-02,42.75,43.599998474121094,41.54999923706055,41.95000076293945,36.0208740234375,365428.0,MRPL.NS
2013-12-03,42.25,42.349998474121094,41.0,41.150001525878906,35.333946228027344,199700.0,MRPL.NS
2013-12-04,41.0,41.849998474121094,41.0,41.150001525878906,35.333946228027344,145227.0,MRPL.NS
2013-12-05,41.54999923706055,42.349998474121094,40.75,40.95000076293945,35.162208557128906,218546.0,MRPL.NS
2013-12-06,40.95000076293945,42.849998474121094,40.900001525878906,42.54999923706055,36.53606414794922,364701.0,MRPL.NS
2013-12-09,44.0,44.5,41.400001525878906,42.0,36.06380844116211,893765.0,MRPL.NS
2013-12-10,42.45000076293945,42.45000076293945,40.349998474121094,41.04999923706055,35.24807357788086,382743.0,MRPL.NS
2013-12-11,41.400001525878906,41.400001525878906,40.099998474121094,40.45000076293945,34.732879638671875,190789.0,MRPL.NS
2013-12-12,40.5,41.400001525878906,40.04999923706055,41.04999923706055,35.24807357788086,200702.0,MRPL.NS
2013-12-13,41.04999923706055,41.04999923706055,40.0,40.04999923706055,34.3894157409668,161644.0,MRPL.NS
2013-12-16,40.0,40.5,39.599998474121094,40.0,34.34648132324219,130089.0,MRPL.NS
2013-12-17,40.099998474121094,40.45000076293945,39.0,39.5,33.91714859008789,149448.0,MRPL.NS
2013-12-18,39.29999923706055,41.29999923706055,39.29999923706055,41.150001525878906,35.333946228027344,351388.0,MRPL.NS
2013-12-19,41.099998474121094,42.400001525878906,40.54999923706055,41.29999923706055,35.46274185180664,358735.0,MRPL.NS
2013-12-20,41.25,42.20000076293945,41.25,41.95000076293945,36.0208740234375,252873.0,MRPL.NS
2013-12-23,42.0,42.25,41.25,41.54999923706055,35.67741012573242,154747.0,MRPL.NS
2013-12-24,42.0,42.54999923706055,41.25,42.099998474121094,36.1496696472168,226066.0,MRPL.NS
2013-12-26,43.650001525878906,44.95000076293945,42.599998474121094,43.150001525878906,37.05126953125,1591286.0,MRPL.NS
2013-12-27,43.150001525878906,43.5,42.29999923706055,42.45000076293945,36.45020294189453,246213.0,MRPL.NS
2013-12-30,43.400001525878906,43.400001525878906,41.54999923706055,41.79999923706055,35.89207077026367,233166.0,MRPL.NS
2013-12-31,42.0,42.849998474121094,41.400001525878906,42.45000076293945,36.45020294189453,335103.0,MRPL.NS
2014-01-01,42.95000076293945,43.849998474121094,42.75,43.599998474121094,37.43766403198242,507788.0,MRPL.NS
2014-01-02,43.650001525878906,44.04999923706055,42.5,42.75,36.707801818847656,440998.0,MRPL.NS
2014-01-03,42.79999923706055,42.849998474121094,42.0,42.599998474121094,36.579002380371094,268059.0,MRPL.NS
2014-01-06,43.0,43.75,42.79999923706055,43.599998474121094,37.43766403198242,346251.0,MRPL.NS
2014-01-07,43.400001525878906,43.900001525878906,42.0,43.150001525878906,37.05126953125,325052.0,MRPL.NS
2014-01-08,43.0,43.79999923706055,42.599998474121094,43.04999923706055,36.96540451049805,189692.0,MRPL.NS
2014-01-09,43.0,45.29999923706055,42.20000076293945,44.75,38.42512512207031,731047.0,MRPL.NS
2014-01-10,45.0,45.0,42.900001525878906,43.150001525878906,37.05126953125,755872.0,MRPL.NS
2014-01-13,43.599998474121094,43.95000076293945,42.900001525878906,43.29999923706055,37.18006896972656,192467.0,MRPL.NS
2014-01-14,43.349998474121094,43.95000076293945,43.0,43.099998474121094,37.00833511352539,141756.0,MRPL.NS
2014-01-15,43.5,44.20000076293945,43.099998474121094,43.95000076293945,37.738197326660156,317690.0,MRPL.NS
2014-01-16,43.849998474121094,45.099998474121094,43.599998474121094,43.79999923706055,37.60939407348633,528969.0,MRPL.NS
2014-01-17,44.0,44.0,42.45000076293945,42.900001525878906,36.83660125732422,161485.0,MRPL.NS
2014-01-20,43.0,43.349998474121094,42.29999923706055,42.5,36.493133544921875,124676.0,MRPL.NS
2014-01-21,42.900001525878906,43.20000076293945,42.400001525878906,42.849998474121094,36.79366683959961,95439.0,MRPL.NS
2014-01-22,42.20000076293945,43.650001525878906,42.20000076293945,43.5,37.351802825927734,177598.0,MRPL.NS
2014-01-23,43.099998474121094,43.79999923706055,43.04999923706055,43.54999923706055,37.39473342895508,101506.0,MRPL.NS
2014-01-24,43.849998474121094,43.849998474121094,42.25,42.400001525878906,36.40727233886719,99650.0,MRPL.NS
2014-01-27,42.0,42.04999923706055,40.099998474121094,40.45000076293945,34.732879638671875,143325.0,MRPL.NS
2014-01-28,40.45000076293945,41.45000076293945,40.400001525878906,40.75,34.990478515625,135566.0,MRPL.NS
2014-01-29,41.0,41.900001525878906,40.54999923706055,40.70000076293945,34.947547912597656,129590.0,MRPL.NS
2014-01-30,40.20000076293945,40.849998474121094,40.04999923706055,40.25,34.56114959716797,64169.0,MRPL.NS
2014-01-31,40.20000076293945,43.150001525878906,40.20000076293945,42.599998474121094,36.579002380371094,223368.0,MRPL.NS
2014-02-03,44.54999923706055,44.900001525878906,43.099998474121094,43.29999923706055,37.18006896972656,865398.0,MRPL.NS
2014-02-04,42.650001525878906,43.5,42.099998474121094,42.5,36.493133544921875,207085.0,MRPL.NS
2014-02-05,42.150001525878906,43.900001525878906,42.150001525878906,43.150001525878906,37.05126953125,262143.0,MRPL.NS
2014-02-06,43.150001525878906,44.349998474121094,43.099998474121094,43.95000076293945,37.738197326660156,347096.0,MRPL.NS
2014-02-07,44.0,44.45000076293945,43.5,43.900001525878906,37.69526672363281,274978.0,MRPL.NS
2014-02-10,43.599998474121094,43.599998474121094,42.0,42.849998474121094,36.79366683959961,375329.0,MRPL.NS
2014-02-11,42.70000076293945,42.70000076293945,40.849998474121094,41.150001525878906,35.333946228027344,294769.0,MRPL.NS
2014-02-12,41.150001525878906,41.95000076293945,40.79999923706055,40.900001525878906,35.11927795410156,135687.0,MRPL.NS
2014-02-13,40.75,41.349998474121094,40.29999923706055,40.400001525878906,34.68994903564453,118579.0,MRPL.NS
2014-02-14,40.20000076293945,41.0,40.04999923706055,40.45000076293945,34.732879638671875,97337.0,MRPL.NS
2014-02-17,40.45000076293945,41.0,39.650001525878906,39.849998474121094,34.217681884765625,84480.0,MRPL.NS
2014-02-18,40.150001525878906,40.29999923706055,39.099998474121094,39.75,34.13181686401367,222087.0,MRPL.NS
2014-02-19,39.400001525878906,40.099998474121094,38.849998474121094,39.150001525878906,33.616615295410156,168872.0,MRPL.NS
2014-02-20,38.79999923706055,40.20000076293945,38.79999923706055,39.95000076293945,34.303550720214844,133817.0,MRPL.NS
2014-02-21,40.0,40.5,39.54999923706055,39.95000076293945,34.303550720214844,82453.0,MRPL.NS
2014-02-24,39.25,39.849998474121094,38.150001525878906,38.650001525878906,33.18729019165039,170321.0,MRPL.NS
2014-02-25,38.95000076293945,39.20000076293945,38.54999923706055,38.75,33.273155212402344,99462.0,MRPL.NS
2014-02-26,38.79999923706055,39.04999923706055,38.349998474121094,38.54999923706055,33.10142135620117,89979.0,MRPL.NS
2014-02-28,38.04999923706055,38.95000076293945,38.04999923706055,38.29999923706055,32.886756896972656,107064.0,MRPL.NS
2014-03-03,38.0,39.099998474121094,38.0,38.349998474121094,32.929691314697266,85116.0,MRPL.NS
2014-03-04,38.349998474121094,38.849998474121094,38.29999923706055,38.75,33.273155212402344,78913.0,MRPL.NS
2014-03-05,39.45000076293945,40.29999923706055,38.70000076293945,40.099998474121094,34.43234634399414,240639.0,MRPL.NS
2014-03-06,39.79999923706055,41.54999923706055,39.79999923706055,41.29999923706055,35.46274185180664,241039.0,MRPL.NS
2014-03-07,41.0,42.0,40.900001525878906,41.45000076293945,35.5915412902832,232949.0,MRPL.NS
2014-03-10,41.099998474121094,41.599998474121094,40.650001525878906,41.0,35.205142974853516,108145.0,MRPL.NS
2014-03-11,40.54999923706055,41.79999923706055,40.54999923706055,41.650001525878906,35.763275146484375,196529.0,MRPL.NS
2014-03-12,41.099998474121094,41.5,40.70000076293945,41.0,35.205142974853516,80401.0,MRPL.NS
2014-03-13,41.0,43.20000076293945,40.900001525878906,42.45000076293945,36.45020294189453,514323.0,MRPL.NS
2014-03-14,41.20000076293945,42.79999923706055,41.099998474121094,41.79999923706055,35.89207077026367,124844.0,MRPL.NS
2014-03-18,41.29999923706055,42.849998474121094,41.29999923706055,42.5,36.493133544921875,185803.0,MRPL.NS
2014-03-19,42.25,43.70000076293945,42.099998474121094,43.5,37.351802825927734,296597.0,MRPL.NS
2014-03-20,42.79999923706055,43.70000076293945,41.900001525878906,43.349998474121094,37.222999572753906,213654.0,MRPL.NS
2014-03-21,42.04999923706055,43.70000076293945,41.5,41.75,35.84914016723633,160900.0,MRPL.NS
2014-03-22,,,,,,,MRPL.NS
2014-03-24,42.0,44.0,41.79999923706055,43.599998474121094,37.43766403198242,366205.0,MRPL.NS
2014-03-25,44.0,44.0,41.75,43.25,37.13713455200195,664211.0,MRPL.NS
2014-03-26,43.650001525878906,44.0,43.20000076293945,43.70000076293945,37.523536682128906,318779.0,MRPL.NS
2014-03-27,43.0,45.0,43.0,44.70000076293945,38.3821907043457,453119.0,MRPL.NS
2014-03-28,44.0,44.95000076293945,44.0,44.650001525878906,38.33926010131836,190735.0,MRPL.NS
2014-03-31,45.099998474121094,48.599998474121094,45.099998474121094,47.70000076293945,40.95817947387695,1173756.0,MRPL.NS
2014-04-01,47.29999923706055,48.0,47.0,47.25,40.571781158447266,228768.0,MRPL.NS
2014-04-02,47.150001525878906,48.45000076293945,47.150001525878906,47.5,40.78644561767578,212187.0,MRPL.NS
2014-04-03,47.099998474121094,48.0,46.5,46.650001525878906,40.056583404541016,207861.0,MRPL.NS
2014-04-04,46.5,48.650001525878906,46.5,47.400001525878906,40.700584411621094,393450.0,MRPL.NS
2014-04-07,48.0,48.0,47.0,47.099998474121094,40.44297790527344,158456.0,MRPL.NS
2014-04-09,47.099998474121094,49.79999923706055,47.099998474121094,49.0,42.07444381713867,743708.0,MRPL.NS
2014-04-10,49.599998474121094,51.099998474121094,48.20000076293945,50.400001525878906,43.27656936645508,939119.0,MRPL.NS
2014-04-11,49.79999923706055,52.900001525878906,49.70000076293945,52.25,44.86509323120117,778923.0,MRPL.NS
2014-04-15,52.25,53.0,51.599998474121094,52.0,44.65042495727539,315205.0,MRPL.NS
2014-04-16,51.900001525878906,52.349998474121094,51.0,51.29999923706055,44.04936218261719,240248.0,MRPL.NS
2014-04-17,51.04999923706055,53.099998474121094,51.04999923706055,52.25,44.86509323120117,294991.0,MRPL.NS
2014-04-21,52.900001525878906,54.400001525878906,52.75,54.0,46.36775588989258,509076.0,MRPL.NS
2014-04-22,53.70000076293945,55.5,53.150001525878906,55.099998474121094,47.312278747558594,410027.0,MRPL.NS
2014-04-23,54.29999923706055,65.75,54.29999923706055,64.19999694824219,55.126102447509766,4854736.0,MRPL.NS
2014-04-24,64.19999694824219,64.19999694824219,64.19999694824219,64.19999694824219,55.126102447509766,0.0,MRPL.NS
2014-04-25,63.400001525878906,63.400001525878906,59.099998474121094,59.599998474121094,51.17626190185547,2469147.0,MRPL.NS
2014-04-28,59.349998474121094,63.400001525878906,58.599998474121094,61.54999923706055,52.850650787353516,2108939.0,MRPL.NS
2014-04-29,60.650001525878906,62.900001525878906,60.04999923706055,61.04999923706055,52.42131423950195,763609.0,MRPL.NS
2014-04-30,60.900001525878906,61.70000076293945,58.0,59.70000076293945,51.26212692260742,591655.0,MRPL.NS
2014-05-02,59.099998474121094,60.70000076293945,58.29999923706055,59.599998474121094,51.17626190185547,805112.0,MRPL.NS
2014-05-05,59.29999923706055,62.70000076293945,59.150001525878906,60.099998474121094,51.605587005615234,884872.0,MRPL.NS
2014-05-06,60.599998474121094,61.20000076293945,59.150001525878906,59.599998474121094,51.17626190185547,378809.0,MRPL.NS
2014-05-07,59.599998474121094,60.5,57.20000076293945,57.900001525878906,49.71653366088867,283194.0,MRPL.NS
2014-05-08,57.54999923706055,58.70000076293945,55.54999923706055,55.79999923706055,47.91334533691406,259444.0,MRPL.NS
2014-05-09,56.20000076293945,58.5,55.25,57.0,48.9437370300293,455008.0,MRPL.NS
2014-05-12,56.5,59.0,56.5,57.54999923706055,49.41599655151367,567164.0,MRPL.NS
2014-05-13,58.0,60.5,57.79999923706055,58.0,49.802398681640625,609932.0,MRPL.NS
2014-05-14,58.0,59.0,57.5,58.049991607666016,49.84532928466797,383751.0,MRPL.NS
2014-05-15,57.70000076293945,59.25,57.70000076293945,58.54999923706055,50.274662017822266,396606.0,MRPL.NS
2014-05-16,60.79999923706055,62.25,58.5,59.95000076293945,51.47679138183594,1099165.0,MRPL.NS
2014-05-19,60.0,64.25,60.0,63.45000076293945,54.48210906982422,1330508.0,MRPL.NS
2014-05-20,65.0,69.0,65.0,67.69999694824219,58.13142013549805,1384543.0,MRPL.NS
2014-05-21,72.94999694824219,80.80000305175781,72.0,75.05000305175781,64.44258880615234,6128890.0,MRPL.NS
2014-05-22,76.69999694824219,77.0,73.05000305175781,73.30000305175781,62.93993377685547,1329466.0,MRPL.NS
2014-05-23,74.4000015258789,75.69999694824219,72.4000015258789,72.69999694824219,62.42472457885742,1138140.0,MRPL.NS
2014-05-26,73.05000305175781,74.8499984741211,67.55000305175781,69.8499984741211,59.97754669189453,1332610.0,MRPL.NS
2014-05-27,70.5,70.5,66.75,68.0999984741211,58.474891662597656,649917.0,MRPL.NS
2014-05-28,68.9000015258789,68.9000015258789,67.1500015258789,67.5999984741211,58.045555114746094,467123.0,MRPL.NS
2014-05-29,68.0,68.44999694824219,66.69999694824219,66.94999694824219,57.48741912841797,411278.0,MRPL.NS
2014-05-30,66.3499984741211,67.9000015258789,66.3499984741211,66.9000015258789,57.44449234008789,497266.0,MRPL.NS
2014-06-02,66.5,72.5,66.5,71.5999984741211,61.4802131652832,1462706.0,MRPL.NS
2014-06-03,71.0999984741211,72.44999694824219,70.30000305175781,70.9000015258789,60.8791389465332,824461.0,MRPL.NS
2014-06-04,71.05000305175781,73.69999694824219,70.5,72.25,62.038333892822266,1720997.0,MRPL.NS
2014-06-05,75.80000305175781,76.4000015258789,72.80000305175781,73.55000305175781,63.15459060668945,3207294.0,MRPL.NS
2014-06-06,74.5,76.3499984741211,74.0,74.55000305175781,64.01325988769531,2175271.0,MRPL.NS
2014-06-09,75.05000305175781,76.30000305175781,74.1500015258789,75.0999984741211,64.48551940917969,1444676.0,MRPL.NS
2014-06-10,74.55000305175781,75.0,72.30000305175781,72.5999984741211,62.33885955810547,1645470.0,MRPL.NS
2014-06-11,72.94999694824219,73.5999984741211,70.94999694824219,71.55000305175781,61.43727493286133,1106394.0,MRPL.NS
2014-06-12,71.55000305175781,71.9000015258789,69.05000305175781,69.55000305175781,59.719947814941406,818285.0,MRPL.NS
2014-06-13,69.80000305175781,72.25,65.0,65.5999984741211,56.32823181152344,1549453.0,MRPL.NS
2014-06-16,64.9000015258789,65.25,63.29999923706055,64.44999694824219,55.340763092041016,767598.0,MRPL.NS
2014-06-17,64.80000305175781,67.1500015258789,64.25,66.6500015258789,57.229827880859375,678783.0,MRPL.NS
2014-06-18,66.5,68.80000305175781,65.5,66.44999694824219,57.05809020996094,666587.0,MRPL.NS
2014-06-19,65.80000305175781,67.69999694824219,65.05000305175781,65.5999984741211,56.32823181152344,401424.0,MRPL.NS
2014-06-20,65.05000305175781,67.44999694824219,65.05000305175781,66.3499984741211,56.972225189208984,546074.0,MRPL.NS
2014-06-23,65.69999694824219,70.75,65.69999694824219,70.19999694824219,60.278076171875,1276617.0,MRPL.NS
2014-06-24,70.19999694824219,72.0,69.5,71.3499984741211,61.26553726196289,1177474.0,MRPL.NS
2014-06-25,71.4000015258789,71.80000305175781,70.4000015258789,70.69999694824219,60.707401275634766,641061.0,MRPL.NS
2014-06-26,69.4000015258789,70.25,67.6500015258789,68.5999984741211,58.90421676635742,701622.0,MRPL.NS
2014-06-27,68.6500015258789,70.19999694824219,68.6500015258789,69.05000305175781,59.29061508178711,382774.0,MRPL.NS
2014-06-30,69.69999694824219,73.6500015258789,68.5,72.05000305175781,61.86660385131836,1196389.0,MRPL.NS
2014-07-01,73.8499984741211,74.9000015258789,73.1500015258789,74.5999984741211,64.05619049072266,1780469.0,MRPL.NS
2014-07-02,74.3499984741211,75.25,73.5,74.75,64.18498229980469,1184352.0,MRPL.NS
2014-07-03,74.30000305175781,75.5999984741211,72.0,72.6500015258789,62.38180160522461,486956.0,MRPL.NS
2014-07-04,72.5,74.0,72.0,72.5999984741211,62.33885955810547,389122.0,MRPL.NS
2014-07-07,72.5999984741211,73.5,71.5,71.94999694824219,61.780738830566406,298116.0,MRPL.NS
2014-07-08,72.0,72.44999694824219,67.0,67.94999694824219,58.3460807800293,404664.0,MRPL.NS
2014-07-09,68.19999694824219,68.69999694824219,65.19999694824219,66.1500015258789,56.80049514770508,466690.0,MRPL.NS
2014-07-10,65.5,69.44999694824219,65.5,67.8499984741211,58.26021957397461,453672.0,MRPL.NS
2014-07-11,67.19999694824219,69.75,65.69999694824219,66.1500015258789,56.80049514770508,341523.0,MRPL.NS
2014-07-14,66.0,69.0,66.0,66.55000305175781,57.14396286010742,460085.0,MRPL.NS
2014-07-15,67.5,68.55000305175781,66.3499984741211,66.6500015258789,57.229827880859375,346699.0,MRPL.NS
2014-07-16,67.9000015258789,69.5,67.0,68.6500015258789,58.94715118408203,632470.0,MRPL.NS
2014-07-17,70.94999694824219,72.5,70.0999984741211,70.55000305175781,60.578609466552734,2451482.0,MRPL.NS
2014-07-18,70.0,70.3499984741211,68.8499984741211,69.55000305175781,59.719947814941406,548883.0,MRPL.NS
2014-07-21,69.8499984741211,70.5,69.1500015258789,69.4000015258789,59.59114456176758,240028.0,MRPL.NS
2014-07-22,69.5999984741211,70.0,69.0999984741211,69.30000305175781,59.505279541015625,349000.0,MRPL.NS
2014-07-23,69.44999694824219,69.80000305175781,68.25,68.5,58.818355560302734,286246.0,MRPL.NS
2014-07-24,68.75,68.75,67.5999984741211,67.8499984741211,58.26021957397461,245597.0,MRPL.NS
2014-07-25,68.0,68.0999984741211,65.8499984741211,66.1500015258789,56.80049514770508,266156.0,MRPL.NS
2014-07-28,65.5,66.5,65.0999984741211,65.94999694824219,56.628761291503906,223492.0,MRPL.NS
2014-07-30,65.5,67.0999984741211,64.55000305175781,65.55000305175781,56.28529739379883,180735.0,MRPL.NS
2014-07-31,65.0,66.5,64.9000015258789,65.0,55.81303787231445,332196.0,MRPL.NS
2014-08-01,64.4000015258789,64.94999694824219,63.95000076293945,64.55000305175781,55.426639556884766,218761.0,MRPL.NS
2014-08-04,64.0,65.80000305175781,63.54999923706055,65.05000305175781,55.8559684753418,217565.0,MRPL.NS
2014-08-05,65.05000305175781,66.5,65.05000305175781,66.30000305175781,56.92929458618164,226539.0,MRPL.NS
2014-08-06,65.69999694824219,67.69999694824219,65.69999694824219,66.5,57.10102844238281,252512.0,MRPL.NS
2014-08-07,66.30000305175781,68.4000015258789,64.30000305175781,64.6500015258789,55.51250076293945,565013.0,MRPL.NS
2014-08-08,64.0,64.4000015258789,62.54999923706055,63.25,54.31037521362305,272893.0,MRPL.NS
2014-08-11,63.5,64.9000015258789,63.5,64.3499984741211,55.254905700683594,371256.0,MRPL.NS
2014-08-12,62.849998474121094,63.5,60.650001525878906,61.349998474121094,52.67892074584961,785456.0,MRPL.NS
2014-08-13,60.5,62.599998474121094,59.150001525878906,60.29999923706055,51.777320861816406,499584.0,MRPL.NS
2014-08-14,60.25,61.0,58.599998474121094,59.650001525878906,51.21919631958008,276871.0,MRPL.NS
2014-08-18,59.5,62.45000076293945,59.5,61.900001525878906,53.15118408203125,363276.0,MRPL.NS
2014-08-19,62.04999923706055,66.25,62.04999923706055,65.25,56.02770233154297,1166627.0,MRPL.NS
2014-08-20,65.75,66.25,64.5999984741211,65.0999984741211,55.89889907836914,520938.0,MRPL.NS
2014-08-21,65.19999694824219,66.3499984741211,63.400001525878906,63.849998474121094,54.8255729675293,830545.0,MRPL.NS
2014-08-22,64.44999694824219,64.44999694824219,62.25,62.5,53.66637420654297,467657.0,MRPL.NS
2014-08-25,63.20000076293945,63.29999923706055,61.099998474121094,61.650001525878906,52.93651580810547,296084.0,MRPL.NS
2014-08-26,62.20000076293945,62.20000076293945,60.599998474121094,60.849998474121094,52.24958419799805,177631.0,MRPL.NS
2014-08-27,61.20000076293945,62.5,60.599998474121094,61.0,52.37838363647461,328843.0,MRPL.NS
2014-08-28,61.0,62.150001525878906,61.0,61.54999923706055,52.850650787353516,283769.0,MRPL.NS
2014-09-01,61.75,62.5,61.5,61.79999923706055,53.065311431884766,366225.0,MRPL.NS
2014-09-02,61.849998474121094,63.0,61.75,61.900001525878906,53.15118408203125,569711.0,MRPL.NS
2014-09-03,62.5,63.400001525878906,61.900001525878906,62.0,53.2370491027832,1726910.0,MRPL.NS
2014-09-04,62.099998474121094,63.70000076293945,61.150001525878906,62.70000076293945,53.83810806274414,789228.0,MRPL.NS
2014-09-05,62.150001525878906,64.9000015258789,62.150001525878906,64.1500015258789,55.083168029785156,726219.0,MRPL.NS
2014-09-08,64.25,67.0,64.0999984741211,66.55000305175781,57.14396286010742,1036211.0,MRPL.NS
2014-09-09,66.94999694824219,68.3499984741211,65.5,65.6500015258789,56.37116622924805,979890.0,MRPL.NS
2014-09-10,65.5,65.5,63.5,63.95000076293945,54.91143798828125,456034.0,MRPL.NS
2014-09-11,64.25,66.5999984741211,64.05000305175781,64.55000305175781,55.426639556884766,1359791.0,MRPL.NS
2014-09-12,65.05000305175781,65.5,63.099998474121094,64.0,54.95437240600586,2058440.0,MRPL.NS
2014-09-15,64.44999694824219,66.80000305175781,64.05000305175781,64.6500015258789,55.51250076293945,1222879.0,MRPL.NS
2014-09-16,65.19999694824219,65.25,63.099998474121094,63.849998474121094,54.8255729675293,1913132.0,MRPL.NS
2014-09-17,63.5,64.30000305175781,62.0,62.70000076293945,53.83810806274414,361813.0,MRPL.NS
2014-09-18,62.150001525878906,64.4000015258789,61.900001525878906,63.0,54.09571075439453,3227433.0,MRPL.NS
2014-09-19,63.45000076293945,64.5,61.25,62.04999923706055,53.27997970581055,2702819.0,MRPL.NS
2014-09-22,61.5,63.849998474121094,61.29999923706055,63.0,54.09571075439453,1719885.0,MRPL.NS
2014-09-23,63.400001525878906,64.75,63.0,64.05000305175781,54.9973030090332,1722361.0,MRPL.NS
2014-09-24,64.25,65.3499984741211,62.099998474121094,63.0,54.09571075439453,815004.0,MRPL.NS
2014-09-25,63.0,63.5,59.849998474121094,61.29999923706055,52.635986328125,724665.0,MRPL.NS
2014-09-26,61.20000076293945,63.95000076293945,60.04999923706055,61.150001525878906,52.50718688964844,441617.0,MRPL.NS
2014-09-29,60.900001525878906,61.900001525878906,60.5,61.5,52.80772018432617,278275.0,MRPL.NS
2014-09-30,61.20000076293945,62.45000076293945,61.20000076293945,61.54999923706055,52.850650787353516,263686.0,MRPL.NS
2014-10-01,61.150001525878906,62.20000076293945,60.5,60.900001525878906,52.292518615722656,188355.0,MRPL.NS
2014-10-07,60.29999923706055,61.349998474121094,59.79999923706055,60.099998474121094,51.605587005615234,188092.0,MRPL.NS
2014-10-08,59.5,63.349998474121094,59.20000076293945,63.04999923706055,54.13863754272461,945425.0,MRPL.NS
2014-10-09,63.900001525878906,64.30000305175781,62.0,62.25,53.45171356201172,1188789.0,MRPL.NS
2014-10-10,61.5,62.25,60.900001525878906,61.099998474121094,52.46424865722656,354461.0,MRPL.NS
2014-10-13,59.75,61.900001525878906,59.5,60.349998474121094,51.820255279541016,433291.0,MRPL.NS
2014-10-14,60.5,61.29999923706055,60.04999923706055,60.20000076293945,51.69145584106445,318846.0,MRPL.NS
2014-10-15,60.20000076293945,60.20000076293945,60.20000076293945,60.20000076293945,51.69145584106445,0.0,MRPL.NS
2014-10-16,59.599998474121094,60.25,59.5,59.650001525878906,51.21919631958008,658759.0,MRPL.NS
2014-10-17,60.0,61.20000076293945,58.5,58.70000076293945,50.40346145629883,281979.0,MRPL.NS
2014-10-20,60.150001525878906,61.5,58.0,58.349998474121094,50.10293197631836,736559.0,MRPL.NS
2014-10-21,58.79999923706055,59.5,58.150001525878906,58.599998474121094,50.31759262084961,239665.0,MRPL.NS
2014-10-22,59.349998474121094,59.400001525878906,58.5,58.79999923706055,50.48932647705078,239895.0,MRPL.NS
2014-10-27,59.70000076293945,60.099998474121094,58.29999923706055,58.54999923706055,50.274662017822266,162807.0,MRPL.NS
2014-10-28,58.599998474121094,58.95000076293945,58.04999923706055,58.599998474121094,50.31759262084961,187250.0,MRPL.NS
2014-10-29,58.70000076293945,59.04999923706055,58.29999923706055,58.900001525878906,50.5751953125,204683.0,MRPL.NS
2014-10-30,58.29999923706055,59.099998474121094,58.29999923706055,58.599998474121094,50.31759262084961,174785.0,MRPL.NS
2014-10-31,58.650001525878906,59.75,58.599998474121094,58.79999923706055,50.48932647705078,432862.0,MRPL.NS
2014-11-03,58.849998474121094,59.79999923706055,58.849998474121094,59.20000076293945,50.832794189453125,440217.0,MRPL.NS
2014-11-05,59.45000076293945,60.0,58.70000076293945,58.75,50.44639205932617,469533.0,MRPL.NS
2014-11-07,59.20000076293945,61.45000076293945,58.20000076293945,60.900001525878906,52.292518615722656,2083303.0,MRPL.NS
2014-11-10,61.79999923706055,64.94999694824219,61.5,63.75,54.73970413208008,5003925.0,MRPL.NS
2014-11-11,64.3499984741211,64.3499984741211,61.75,62.04999923706055,53.27997970581055,775973.0,MRPL.NS
2014-11-12,62.20000076293945,62.70000076293945,61.599998474121094,61.849998474121094,53.108245849609375,618145.0,MRPL.NS
2014-11-13,61.79999923706055,62.400001525878906,58.099998474121094,59.650001525878906,51.21919631958008,2725168.0,MRPL.NS
2014-11-14,59.0,59.0,57.099998474121094,57.25,49.15840148925781,841207.0,MRPL.NS
2014-11-17,57.70000076293945,58.349998474121094,57.20000076293945,57.349998474121094,49.244266510009766,390915.0,MRPL.NS
2014-11-18,57.70000076293945,58.25,57.20000076293945,57.29999923706055,49.20133590698242,250735.0,MRPL.NS
2014-11-19,57.5,57.75,55.79999923706055,55.849998474121094,47.956275939941406,400097.0,MRPL.NS
2014-11-20,55.900001525878906,56.29999923706055,54.400001525878906,54.5,46.797080993652344,296093.0,MRPL.NS
2014-11-21,55.0,55.70000076293945,54.099998474121094,54.20000076293945,46.539485931396484,244055.0,MRPL.NS
2014-11-24,54.20000076293945,54.75,53.20000076293945,53.5,45.938419342041016,252365.0,MRPL.NS
2014-11-25,53.20000076293945,53.54999923706055,51.20000076293945,51.5,44.22109603881836,321315.0,MRPL.NS
2014-11-26,51.0,52.70000076293945,51.0,51.29999923706055,44.04936218261719,348232.0,MRPL.NS
2014-11-27,51.20000076293945,51.95000076293945,50.04999923706055,51.650001525878906,44.34989547729492,260024.0,MRPL.NS
2014-11-28,52.25,55.599998474121094,52.25,55.0,47.22641372680664,1225742.0,MRPL.NS
2014-12-01,55.0,55.95000076293945,52.400001525878906,52.95000076293945,45.46615982055664,340943.0,MRPL.NS
2014-12-02,52.400001525878906,54.5,52.400001525878906,54.150001525878906,46.49654769897461,317229.0,MRPL.NS
2014-12-03,54.25,55.5,53.599998474121094,54.150001525878906,46.49654769897461,410985.0,MRPL.NS
2014-12-04,54.099998474121094,55.20000076293945,54.04999923706055,54.400001525878906,46.71121597290039,235645.0,MRPL.NS
2014-12-05,54.5,55.0,53.400001525878906,53.650001525878906,46.067222595214844,191719.0,MRPL.NS
2014-12-08,54.900001525878906,55.599998474121094,53.0,53.150001525878906,45.63788986206055,332534.0,MRPL.NS
2014-12-09,53.099998474121094,53.900001525878906,50.75,51.70000076293945,44.39282989501953,235804.0,MRPL.NS
2014-12-10,51.79999923706055,52.20000076293945,51.400001525878906,51.900001525878906,44.5645637512207,150164.0,MRPL.NS
2014-12-11,52.5,52.5,50.54999923706055,50.79999923706055,43.620033264160156,179650.0,MRPL.NS
2014-12-12,49.29999923706055,50.70000076293945,48.29999923706055,48.95000076293945,42.03150939941406,308359.0,MRPL.NS
2014-12-15,48.45000076293945,48.79999923706055,47.29999923706055,47.5,40.78644561767578,220058.0,MRPL.NS
2014-12-16,47.5,47.75,45.54999923706055,45.70000076293945,39.2408561706543,291491.0,MRPL.NS
2014-12-17,45.79999923706055,46.45000076293945,45.099998474121094,45.79999923706055,39.32672119140625,270171.0,MRPL.NS
2014-12-18,46.45000076293945,47.349998474121094,46.25,47.04999923706055,40.40005111694336,201940.0,MRPL.NS
2014-12-19,47.79999923706055,50.5,47.650001525878906,48.25,41.430442810058594,588448.0,MRPL.NS
2014-12-22,48.04999923706055,48.650001525878906,46.79999923706055,47.900001525878906,41.12990951538086,248589.0,MRPL.NS
2014-12-23,47.599998474121094,48.29999923706055,47.29999923706055,47.650001525878906,40.91524887084961,115762.0,MRPL.NS
2014-12-24,47.75,47.95000076293945,46.599998474121094,47.04999923706055,40.40005111694336,135159.0,MRPL.NS
2014-12-26,47.0,47.849998474121094,46.70000076293945,47.0,40.35711669921875,100907.0,MRPL.NS
2014-12-29,46.599998474121094,48.0,46.599998474121094,47.04999923706055,40.40005111694336,230604.0,MRPL.NS
2014-12-30,47.150001525878906,47.599998474121094,46.79999923706055,47.04999923706055,40.40005111694336,133285.0,MRPL.NS
2014-12-31,47.25,47.75,46.900001525878906,47.04999923706055,40.40005111694336,159565.0,MRPL.NS
2015-01-01,47.25,48.5,47.04999923706055,47.849998474121094,41.08697509765625,298211.0,MRPL.NS
2015-01-02,47.599998474121094,49.29999923706055,47.599998474121094,48.45000076293945,41.6021728515625,292873.0,MRPL.NS
2015-01-05,48.25,49.5,48.25,48.75,41.859771728515625,196563.0,MRPL.NS
2015-01-06,48.79999923706055,48.79999923706055,46.900001525878906,47.0,40.35711669921875,159594.0,MRPL.NS
2015-01-07,46.54999923706055,47.599998474121094,46.04999923706055,46.29999923706055,39.75605010986328,150332.0,MRPL.NS
2015-01-08,46.599998474121094,48.099998474121094,46.599998474121094,47.95000076293945,41.17284393310547,221668.0,MRPL.NS
2015-01-09,48.29999923706055,51.29999923706055,47.5,50.29999923706055,43.19070053100586,822317.0,MRPL.NS
2015-01-12,50.0,50.79999923706055,48.95000076293945,49.349998474121094,42.37497329711914,243824.0,MRPL.NS
2015-01-13,49.54999923706055,49.650001525878906,48.0,48.150001525878906,41.34457778930664,153486.0,MRPL.NS
2015-01-14,48.900001525878906,48.900001525878906,46.54999923706055,46.95000076293945,40.314186096191406,214656.0,MRPL.NS
2015-01-15,47.79999923706055,48.20000076293945,47.150001525878906,47.5,40.78644561767578,199724.0,MRPL.NS
2015-01-16,47.599998474121094,47.849998474121094,47.0,47.04999923706055,40.40005111694336,127567.0,MRPL.NS
2015-01-19,47.0,47.900001525878906,47.0,47.599998474121094,40.872314453125,162907.0,MRPL.NS
2015-01-20,47.5,47.79999923706055,47.04999923706055,47.25,40.571781158447266,151762.0,MRPL.NS
2015-01-21,47.29999923706055,51.70000076293945,47.29999923706055,48.95000076293945,42.03150939941406,1596548.0,MRPL.NS
2015-01-22,49.400001525878906,49.400001525878906,47.79999923706055,48.04999923706055,41.25871276855469,279504.0,MRPL.NS
2015-01-23,48.099998474121094,51.099998474121094,47.79999923706055,50.5,43.36243438720703,930999.0,MRPL.NS
2015-01-27,52.20000076293945,52.95000076293945,51.150001525878906,51.599998474121094,44.30695724487305,1343782.0,MRPL.NS
2015-01-28,51.400001525878906,53.349998474121094,50.400001525878906,52.900001525878906,45.423221588134766,759753.0,MRPL.NS
2015-01-29,52.900001525878906,58.0,52.0,57.29999923706055,49.20133590698242,2642029.0,MRPL.NS
2015-01-30,58.95000076293945,59.45000076293945,56.29999923706055,59.04999923706055,50.7039909362793,1705119.0,MRPL.NS
2015-02-02,58.599998474121094,58.79999923706055,56.25,56.70000076293945,48.68613815307617,396949.0,MRPL.NS
2015-02-03,57.0,57.20000076293945,54.5,54.79999923706055,47.0546760559082,285459.0,MRPL.NS
2015-02-04,55.54999923706055,58.400001525878906,55.400001525878906,56.0,48.085079193115234,603862.0,MRPL.NS
2015-02-05,56.0,56.900001525878906,53.400001525878906,53.75,46.153079986572266,339031.0,MRPL.NS
2015-02-06,53.79999923706055,55.0,53.349998474121094,54.0,46.36775588989258,322139.0,MRPL.NS
2015-02-09,53.70000076293945,55.25,52.70000076293945,54.349998474121094,46.66828536987305,298938.0,MRPL.NS
2015-02-10,55.04999923706055,56.900001525878906,54.79999923706055,55.400001525878906,47.56987380981445,613405.0,MRPL.NS
2015-02-11,56.400001525878906,56.54999923706055,54.20000076293945,54.5,46.797080993652344,343012.0,MRPL.NS
2015-02-12,55.45000076293945,55.5,53.599998474121094,54.0,46.36775588989258,190257.0,MRPL.NS
2015-02-13,54.900001525878906,61.0,53.099998474121094,58.95000076293945,50.61812973022461,4164452.0,MRPL.NS
2015-02-16,57.20000076293945,57.20000076293945,55.20000076293945,56.25,48.299739837646484,1263035.0,MRPL.NS
2015-02-18,57.099998474121094,61.900001525878906,56.349998474121094,61.349998474121094,52.67892074584961,2171648.0,MRPL.NS
2015-02-19,61.900001525878906,64.4000015258789,61.25,63.349998474121094,54.396240234375,1638346.0,MRPL.NS
2015-02-20,62.75,63.900001525878906,62.0,63.20000076293945,54.26744079589844,809780.0,MRPL.NS
2015-02-23,63.29999923706055,65.5,63.04999923706055,64.94999694824219,55.77009963989258,1275339.0,MRPL.NS
2015-02-24,65.0999984741211,65.44999694824219,63.5,65.0,55.81303787231445,1200957.0,MRPL.NS
2015-02-25,65.1500015258789,65.9000015258789,62.5,63.29999923706055,54.353309631347656,482710.0,MRPL.NS
2015-02-26,63.0,63.599998474121094,62.0,62.349998474121094,53.53757858276367,769855.0,MRPL.NS
2015-02-27,62.75,64.75,62.45000076293945,62.95000076293945,54.05277633666992,544052.0,MRPL.NS
2015-02-28,,,,,,,MRPL.NS
2015-03-02,63.5,63.5,62.29999923706055,63.04999923706055,54.13863754272461,333012.0,MRPL.NS
2015-03-03,62.099998474121094,64.1500015258789,62.099998474121094,63.29999923706055,54.353309631347656,844808.0,MRPL.NS
2015-03-04,64.05000305175781,65.5,64.05000305175781,64.80000305175781,55.641300201416016,800817.0,MRPL.NS
2015-03-05,64.80000305175781,69.0,64.80000305175781,68.25,58.60368728637695,1622690.0,MRPL.NS
2015-03-09,67.44999694824219,68.80000305175781,66.44999694824219,67.75,58.17435836791992,522364.0,MRPL.NS
2015-03-10,67.30000305175781,69.80000305175781,67.30000305175781,69.0,59.247684478759766,575949.0,MRPL.NS
2015-03-11,68.0,69.8499984741211,67.1500015258789,68.0999984741211,58.474891662597656,534685.0,MRPL.NS
2015-03-12,68.05000305175781,69.25,66.3499984741211,67.0,57.53035354614258,332792.0,MRPL.NS
2015-03-13,67.5999984741211,67.80000305175781,63.70000076293945,64.0,54.95437240600586,318970.0,MRPL.NS
2015-03-16,64.0,64.44999694824219,62.400001525878906,63.650001525878906,54.653846740722656,253241.0,MRPL.NS
2015-03-17,64.3499984741211,64.9000015258789,63.099998474121094,64.25,55.169036865234375,147901.0,MRPL.NS
2015-03-18,64.75,66.8499984741211,63.650001525878906,66.05000305175781,56.714630126953125,379292.0,MRPL.NS
2015-03-19,66.69999694824219,67.30000305175781,64.5999984741211,66.5,57.10102844238281,349137.0,MRPL.NS
2015-03-20,65.5999984741211,69.6500015258789,65.25,66.30000305175781,56.92929458618164,1689671.0,MRPL.NS
2015-03-23,66.4000015258789,68.0,63.0,63.599998474121094,54.610904693603516,148313.0,MRPL.NS
2015-03-24,63.150001525878906,65.19999694824219,63.0,63.25,54.31037521362305,204380.0,MRPL.NS
2015-03-25,63.70000076293945,64.8499984741211,63.25,64.4000015258789,55.29783630371094,213147.0,MRPL.NS
2015-03-26,63.650001525878906,64.5,63.349998474121094,64.05000305175781,54.9973030090332,132755.0,MRPL.NS
2015-03-27,64.75,66.94999694824219,64.1500015258789,64.94999694824219,55.77009963989258,389157.0,MRPL.NS
2015-03-30,64.55000305175781,67.5,64.55000305175781,67.30000305175781,57.787960052490234,265448.0,MRPL.NS
2015-03-31,67.5999984741211,69.25,67.0,67.4000015258789,57.87382125854492,753272.0,MRPL.NS
2015-04-01,67.75,70.9000015258789,67.5999984741211,70.5,60.535675048828125,862514.0,MRPL.NS
2015-04-06,70.94999694824219,73.5999984741211,70.80000305175781,72.05000305175781,61.86660385131836,854434.0,MRPL.NS
2015-04-07,72.25,73.5,71.69999694824219,73.0999984741211,62.76819610595703,558906.0,MRPL.NS
2015-04-08,73.0999984741211,73.94999694824219,71.75,72.5999984741211,62.33885955810547,288057.0,MRPL.NS
2015-04-09,72.5,75.80000305175781,71.6500015258789,72.25,62.038333892822266,1041265.0,MRPL.NS
2015-04-10,72.19999694824219,74.80000305175781,72.19999694824219,73.9000015258789,63.45512390136719,564709.0,MRPL.NS
2015-04-13,73.94999694824219,74.9000015258789,72.9000015258789,73.25,62.896995544433594,565725.0,MRPL.NS
2015-04-15,73.4000015258789,74.19999694824219,69.3499984741211,70.9000015258789,60.8791389465332,375001.0,MRPL.NS
2015-04-16,71.0,73.0,69.0999984741211,71.94999694824219,61.780738830566406,274971.0,MRPL.NS
2015-04-17,72.0,74.6500015258789,71.69999694824219,74.3499984741211,63.84151840209961,1616817.0,MRPL.NS
2015-04-20,75.05000305175781,76.19999694824219,74.05000305175781,74.5999984741211,64.05619049072266,1450859.0,MRPL.NS
2015-04-21,74.0,75.55000305175781,73.5999984741211,74.1500015258789,63.669795989990234,366229.0,MRPL.NS
2015-04-22,73.69999694824219,74.80000305175781,71.30000305175781,72.44999694824219,62.21006774902344,298130.0,MRPL.NS
2015-04-23,73.0,73.69999694824219,72.05000305175781,72.5999984741211,62.33885955810547,265243.0,MRPL.NS
2015-04-24,73.0,73.30000305175781,70.25,70.8499984741211,60.836204528808594,226444.0,MRPL.NS
2015-04-27,72.5999984741211,72.5999984741211,67.0999984741211,67.6500015258789,58.0884895324707,212499.0,MRPL.NS
2015-04-28,67.05000305175781,70.5,67.05000305175781,69.55000305175781,59.719947814941406,707705.0,MRPL.NS
2015-04-29,70.0,70.5,69.1500015258789,69.5,59.6770133972168,212766.0,MRPL.NS
2015-04-30,68.94999694824219,72.19999694824219,68.94999694824219,69.94999694824219,60.06340789794922,325627.0,MRPL.NS
2015-05-04,69.5,72.4000015258789,69.5,70.25,60.32101058959961,293333.0,MRPL.NS
2015-05-05,71.0,71.80000305175781,69.94999694824219,70.75,60.750335693359375,864113.0,MRPL.NS
2015-05-06,70.0999984741211,71.4000015258789,67.9000015258789,68.1500015258789,58.517826080322266,144435.0,MRPL.NS
2015-05-07,67.5,70.5,66.75,70.0,60.10634231567383,301158.0,MRPL.NS
2015-05-08,69.6500015258789,71.44999694824219,69.0,69.4000015258789,59.59114456176758,212936.0,MRPL.NS
2015-05-11,70.0,70.5,69.05000305175781,69.55000305175781,59.719947814941406,108583.0,MRPL.NS
2015-05-12,69.4000015258789,69.44999694824219,65.30000305175781,66.55000305175781,57.14396286010742,241063.0,MRPL.NS
2015-05-13,67.25,68.4000015258789,66.44999694824219,67.55000305175781,58.002620697021484,137170.0,MRPL.NS
2015-05-14,68.4000015258789,69.25,67.19999694824219,68.8499984741211,59.11888122558594,99168.0,MRPL.NS
2015-05-15,67.4000015258789,72.0,67.4000015258789,71.5999984741211,61.4802131652832,1303002.0,MRPL.NS
2015-05-18,72.0,72.0,69.30000305175781,69.9000015258789,60.02048110961914,154356.0,MRPL.NS
2015-05-19,70.05000305175781,70.9000015258789,69.1500015258789,69.4000015258789,59.59114456176758,135921.0,MRPL.NS
2015-05-20,69.44999694824219,70.9000015258789,69.05000305175781,69.5999984741211,59.76287841796875,98086.0,MRPL.NS
2015-05-21,70.0,70.25,67.9000015258789,68.5,58.818355560302734,129619.0,MRPL.NS
2015-05-22,68.94999694824219,69.8499984741211,68.0,68.19999694824219,58.560752868652344,232896.0,MRPL.NS
2015-05-25,71.5,72.0,67.19999694824219,68.94999694824219,59.204750061035156,4936962.0,MRPL.NS
2015-05-26,69.4000015258789,70.80000305175781,66.1500015258789,67.05000305175781,57.57328796386719,564353.0,MRPL.NS
2015-05-27,66.75,68.0,65.5999984741211,67.0,57.53035354614258,343354.0,MRPL.NS
2015-05-28,67.94999694824219,68.5,66.5999984741211,68.05000305175781,58.43196105957031,330473.0,MRPL.NS
2015-05-29,68.30000305175781,71.30000305175781,68.30000305175781,70.5,60.535675048828125,1048943.0,MRPL.NS
2015-06-01,70.5,73.19999694824219,70.25,71.0,60.96500015258789,577014.0,MRPL.NS
2015-06-02,70.0999984741211,71.0999984741211,66.0,67.05000305175781,57.57328796386719,1006060.0,MRPL.NS
2015-06-03,67.0,67.44999694824219,65.5999984741211,66.4000015258789,57.01515579223633,355324.0,MRPL.NS
2015-06-04,68.94999694824219,68.94999694824219,65.44999694824219,66.4000015258789,57.01515579223633,359150.0,MRPL.NS
2015-06-05,66.94999694824219,66.94999694824219,65.5999984741211,65.8499984741211,56.54289627075195,333239.0,MRPL.NS
2015-06-08,64.75,65.94999694824219,64.4000015258789,65.55000305175781,56.28529739379883,719027.0,MRPL.NS
2015-06-09,65.5,65.94999694824219,65.0,65.6500015258789,56.37116622924805,208768.0,MRPL.NS
2015-06-10,65.25,69.5,65.25,66.69999694824219,57.27275466918945,672514.0,MRPL.NS
2015-06-11,67.0999984741211,69.30000305175781,65.94999694824219,66.0999984741211,56.7575569152832,558772.0,MRPL.NS
2015-06-12,66.0,75.0,66.0,71.5,61.39433670043945,4010982.0,MRPL.NS
2015-06-15,70.75,72.0,68.6500015258789,69.94999694824219,60.06340789794922,1278112.0,MRPL.NS
2015-06-16,70.0,74.0,70.0,72.1500015258789,61.95246505737305,1801787.0,MRPL.NS
2015-06-17,72.5999984741211,76.9000015258789,72.5,74.4000015258789,63.88444519042969,3918232.0,MRPL.NS
2015-06-18,74.80000305175781,77.8499984741211,74.5,76.0999984741211,65.34418487548828,3179437.0,MRPL.NS
2015-06-19,76.30000305175781,77.19999694824219,74.05000305175781,74.55000305175781,64.01325988769531,1006990.0,MRPL.NS
2015-06-22,74.9000015258789,76.5999984741211,74.1500015258789,74.5,63.97032165527344,926600.0,MRPL.NS
2015-06-23,74.9000015258789,75.75,72.94999694824219,74.0999984741211,63.62685775756836,1922647.0,MRPL.NS
2015-06-24,73.94999694824219,75.0,72.0,72.4000015258789,62.167137145996094,1143332.0,MRPL.NS
2015-06-25,72.05000305175781,72.44999694824219,70.69999694824219,71.05000305175781,61.00794219970703,602409.0,MRPL.NS
2015-06-26,71.0,71.75,70.0,70.0999984741211,60.19219970703125,573779.0,MRPL.NS
2015-06-29,68.94999694824219,73.0,67.0,72.30000305175781,62.08127212524414,1245701.0,MRPL.NS
2015-06-30,72.5,77.4000015258789,71.80000305175781,75.05000305175781,64.44258880615234,5323774.0,MRPL.NS
2015-07-01,75.4000015258789,76.69999694824219,74.0,74.69999694824219,64.14205169677734,1096379.0,MRPL.NS
2015-07-02,75.19999694824219,77.30000305175781,74.4000015258789,75.0,64.399658203125,1519884.0,MRPL.NS
2015-07-03,75.25,76.44999694824219,73.44999694824219,73.9000015258789,63.45512390136719,1166967.0,MRPL.NS
2015-07-06,73.19999694824219,75.80000305175781,72.6500015258789,75.0,64.399658203125,1255444.0,MRPL.NS
2015-07-07,75.3499984741211,77.30000305175781,74.69999694824219,76.30000305175781,65.51592254638672,2360044.0,MRPL.NS
2015-07-08,76.30000305175781,79.9000015258789,74.6500015258789,75.4000015258789,64.74312591552734,5554342.0,MRPL.NS
2015-07-09,77.0,77.44999694824219,72.25,72.8499984741211,62.553531646728516,2170057.0,MRPL.NS
2015-07-10,74.0,75.5999984741211,73.25,73.75,63.326324462890625,1406213.0,MRPL.NS
2015-07-13,74.19999694824219,75.4000015258789,73.80000305175781,74.44999694824219,63.92738342285156,1372981.0,MRPL.NS
2015-07-14,74.94999694824219,80.9000015258789,73.19999694824219,79.0,67.83429718017578,11801587.0,MRPL.NS
2015-07-15,77.75,78.05000305175781,75.05000305175781,75.55000305175781,64.8719253540039,5041170.0,MRPL.NS
2015-07-16,75.5999984741211,80.75,74.80000305175781,78.75,67.61964416503906,7170135.0,MRPL.NS
2015-07-17,79.0,79.4000015258789,76.75,77.5,66.54631042480469,1990362.0,MRPL.NS
2015-07-20,77.6500015258789,79.9000015258789,76.5999984741211,78.19999694824219,67.1473617553711,2400122.0,MRPL.NS
2015-07-21,78.0999984741211,78.44999694824219,74.0999984741211,74.5999984741211,64.05619049072266,1247729.0,MRPL.NS
2015-07-22,75.0999984741211,77.19999694824219,74.94999694824219,75.80000305175781,65.08658599853516,1468543.0,MRPL.NS
2015-07-23,76.3499984741211,77.5999984741211,74.5999984741211,75.05000305175781,64.44258880615234,1335555.0,MRPL.NS
2015-07-24,75.4000015258789,76.4000015258789,73.69999694824219,74.0,63.540985107421875,1039916.0,MRPL.NS
2015-07-27,73.6500015258789,74.5,71.19999694824219,71.9000015258789,61.73780822753906,913346.0,MRPL.NS
2015-07-28,72.0,72.94999694824219,70.0999984741211,70.5,60.535675048828125,974493.0,MRPL.NS
2015-07-29,70.9000015258789,72.9000015258789,70.1500015258789,70.80000305175781,60.793270111083984,1960263.0,MRPL.NS
2015-07-30,71.3499984741211,74.0999984741211,71.1500015258789,72.30000305175781,62.08127212524414,1737431.0,MRPL.NS
2015-07-31,72.75,74.44999694824219,72.30000305175781,72.69999694824219,62.42472457885742,928238.0,MRPL.NS
2015-08-03,73.05000305175781,73.44999694824219,71.30000305175781,71.5999984741211,61.4802131652832,957783.0,MRPL.NS
2015-08-04,72.0,72.9000015258789,71.19999694824219,71.69999694824219,61.566070556640625,781101.0,MRPL.NS
2015-08-05,72.1500015258789,73.9000015258789,71.5,71.80000305175781,61.651939392089844,1675775.0,MRPL.NS
2015-08-06,72.1500015258789,76.0,72.0,74.8499984741211,64.2708511352539,3394254.0,MRPL.NS
2015-08-07,75.0,83.19999694824219,75.0,82.0999984741211,70.49614715576172,12254582.0,MRPL.NS
2015-08-10,80.0,80.0,72.5999984741211,73.30000305175781,62.93993377685547,10981697.0,MRPL.NS
2015-08-11,73.8499984741211,75.30000305175781,71.94999694824219,73.4000015258789,63.02579879760742,3288505.0,MRPL.NS
2015-08-12,73.0,74.4000015258789,69.0,69.25,59.462345123291016,1974573.0,MRPL.NS
2015-08-13,69.8499984741211,70.5999984741211,66.55000305175781,67.0,57.53035354614258,1497337.0,MRPL.NS
2015-08-14,67.4000015258789,69.5999984741211,66.30000305175781,68.44999694824219,58.775413513183594,1206704.0,MRPL.NS
2015-08-17,68.4000015258789,68.75,66.3499984741211,66.69999694824219,57.27275466918945,962292.0,MRPL.NS
2015-08-18,67.19999694824219,70.3499984741211,67.05000305175781,69.19999694824219,59.419410705566406,1701028.0,MRPL.NS
2015-08-19,69.19999694824219,70.0,67.4000015258789,67.69999694824219,58.13142013549805,1002491.0,MRPL.NS
2015-08-20,67.4000015258789,68.75,65.4000015258789,66.0,56.67169952392578,1295829.0,MRPL.NS
2015-08-21,64.69999694824219,66.19999694824219,63.29999923706055,65.55000305175781,56.28529739379883,1078323.0,MRPL.NS
2015-08-24,62.099998474121094,62.79999923706055,53.0,54.900001525878906,47.14054870605469,1941930.0,MRPL.NS
2015-08-25,56.20000076293945,56.900001525878906,47.45000076293945,51.45000076293945,44.17816162109375,2960397.0,MRPL.NS
2015-08-26,51.45000076293945,55.400001525878906,49.900001525878906,51.599998474121094,44.30695724487305,1850585.0,MRPL.NS
2015-08-27,53.099998474121094,53.900001525878906,52.75,53.349998474121094,45.80961990356445,1227812.0,MRPL.NS
2015-08-28,54.900001525878906,57.0,54.5,55.75,47.87040710449219,1865950.0,MRPL.NS
2015-08-31,56.0,56.54999923706055,55.099998474121094,55.400001525878906,47.56987380981445,575395.0,MRPL.NS
2015-09-01,54.900001525878906,54.900001525878906,51.29999923706055,51.599998474121094,44.30695724487305,1284359.0,MRPL.NS
2015-09-02,52.150001525878906,53.79999923706055,51.75,53.04999923706055,45.55202102661133,868022.0,MRPL.NS
2015-09-03,53.79999923706055,55.0,53.5,53.75,46.153079986572266,519838.0,MRPL.NS
2015-09-04,53.849998474121094,53.849998474121094,51.25,52.150001525878906,44.77922821044922,514070.0,MRPL.NS
2015-09-07,52.79999923706055,53.5,50.400001525878906,50.849998474121094,43.6629638671875,505014.0,MRPL.NS
2015-09-08,51.29999923706055,51.5,48.75,49.849998474121094,42.804298400878906,1043642.0,MRPL.NS
2015-09-09,51.599998474121094,53.20000076293945,51.0,52.25,44.86509323120117,1427058.0,MRPL.NS
2015-09-10,51.849998474121094,54.29999923706055,51.04999923706055,52.95000076293945,45.46615982055664,1868689.0,MRPL.NS
2015-09-11,53.54999923706055,53.75,51.25,51.5,44.22109603881836,912727.0,MRPL.NS
2015-09-14,52.0,52.79999923706055,51.29999923706055,51.599998474121094,44.30695724487305,989028.0,MRPL.NS
2015-09-15,51.650001525878906,52.599998474121094,51.5,51.650001525878906,44.34989547729492,481412.0,MRPL.NS
2015-09-16,52.04999923706055,52.349998474121094,51.29999923706055,51.5,44.22109603881836,353597.0,MRPL.NS
2015-09-18,52.0,52.599998474121094,50.0,50.70000076293945,43.5341682434082,1197236.0,MRPL.NS
2015-09-21,50.150001525878906,51.95000076293945,49.75,51.650001525878906,44.34989547729492,798087.0,MRPL.NS
2015-09-22,51.5,54.29999923706055,51.5,52.04999923706055,44.693359375,1528560.0,MRPL.NS
2015-09-23,51.849998474121094,52.849998474121094,51.5,52.400001525878906,44.993892669677734,584952.0,MRPL.NS
2015-09-24,52.650001525878906,52.95000076293945,51.650001525878906,51.900001525878906,44.5645637512207,505337.0,MRPL.NS
2015-09-28,52.29999923706055,52.5,51.5,51.79999923706055,44.47868728637695,368506.0,MRPL.NS
2015-09-29,51.099998474121094,53.5,51.0,52.650001525878906,45.20855712890625,644440.0,MRPL.NS
2015-09-30,54.150001525878906,55.099998474121094,53.29999923706055,53.75,46.153079986572266,2153495.0,MRPL.NS
2015-10-01,54.099998474121094,54.95000076293945,52.599998474121094,53.099998474121094,45.59495162963867,796867.0,MRPL.NS
2015-10-05,53.400001525878906,54.400001525878906,53.29999923706055,53.79999923706055,46.196014404296875,420392.0,MRPL.NS
2015-10-06,53.95000076293945,54.79999923706055,53.79999923706055,54.349998474121094,46.66828536987305,639234.0,MRPL.NS
2015-10-07,54.900001525878906,56.400001525878906,54.400001525878906,55.0,47.22641372680664,1105934.0,MRPL.NS
2015-10-08,55.25,55.599998474121094,54.599998474121094,54.75,47.01174545288086,476249.0,MRPL.NS
2015-10-09,55.25,55.75,54.349998474121094,54.70000076293945,46.968814849853516,549493.0,MRPL.NS
2015-10-12,54.75,55.70000076293945,53.849998474121094,54.150001525878906,46.49654769897461,481000.0,MRPL.NS
2015-10-13,54.349998474121094,56.45000076293945,54.20000076293945,55.900001525878906,47.999210357666016,1026106.0,MRPL.NS
2015-10-14,56.099998474121094,57.0,55.900001525878906,56.20000076293945,48.25680923461914,667858.0,MRPL.NS
2015-10-15,56.5,56.70000076293945,55.45000076293945,55.75,47.87040710449219,375865.0,MRPL.NS
2015-10-16,56.0,56.599998474121094,55.29999923706055,55.900001525878906,47.999210357666016,425440.0,MRPL.NS
2015-10-19,56.900001525878906,58.5,56.79999923706055,57.5,49.37306594848633,1183218.0,MRPL.NS
2015-10-20,57.70000076293945,58.75,57.400001525878906,57.70000076293945,49.5447998046875,704763.0,MRPL.NS
2015-10-21,57.95000076293945,58.25,56.650001525878906,56.79999923706055,48.772003173828125,511370.0,MRPL.NS
2015-10-23,57.70000076293945,58.0,56.54999923706055,56.650001525878906,48.64320755004883,335796.0,MRPL.NS
2015-10-26,57.0,57.20000076293945,55.20000076293945,56.150001525878906,48.2138786315918,453614.0,MRPL.NS
2015-10-27,56.20000076293945,56.45000076293945,55.29999923706055,55.75,47.87040710449219,262735.0,MRPL.NS
2015-10-28,55.79999923706055,56.75,55.400001525878906,56.150001525878906,48.2138786315918,341978.0,MRPL.NS
2015-10-29,56.45000076293945,57.400001525878906,56.29999923706055,56.650001525878906,48.64320755004883,533702.0,MRPL.NS
2015-10-30,52.150001525878906,55.650001525878906,50.70000076293945,54.75,47.01174545288086,3474764.0,MRPL.NS
2015-11-02,54.099998474121094,54.70000076293945,53.04999923706055,54.04999923706055,46.410682678222656,512607.0,MRPL.NS
2015-11-03,54.20000076293945,54.75,52.150001525878906,52.650001525878906,45.20855712890625,474183.0,MRPL.NS
2015-11-04,53.45000076293945,54.400001525878906,53.0,53.150001525878906,45.63788986206055,963305.0,MRPL.NS
2015-11-05,53.099998474121094,53.900001525878906,52.650001525878906,53.5,45.938419342041016,740748.0,MRPL.NS
2015-11-06,53.70000076293945,53.95000076293945,52.20000076293945,52.400001525878906,44.993892669677734,429783.0,MRPL.NS
2015-11-09,52.400001525878906,54.25,51.04999923706055,53.95000076293945,46.32481384277344,862613.0,MRPL.NS
2015-11-10,53.79999923706055,54.5,53.0,54.0,46.36775588989258,1085957.0,MRPL.NS
2015-11-13,53.20000076293945,53.54999923706055,52.099998474121094,52.650001525878906,45.20855712890625,354478.0,MRPL.NS
2015-11-16,52.599998474121094,54.0,52.25,53.54999923706055,45.981353759765625,531032.0,MRPL.NS
2015-11-17,53.900001525878906,54.5,53.099998474121094,54.20000076293945,46.539485931396484,395025.0,MRPL.NS
2015-11-18,54.400001525878906,55.0,53.5,53.599998474121094,46.02428436279297,470807.0,MRPL.NS
2015-11-19,53.900001525878906,57.400001525878906,53.79999923706055,56.95000076293945,48.90080261230469,1113266.0,MRPL.NS
2015-11-20,57.20000076293945,58.70000076293945,55.599998474121094,56.54999923706055,48.557342529296875,1520720.0,MRPL.NS
2015-11-23,56.04999923706055,57.0,55.70000076293945,55.95000076293945,48.042144775390625,253347.0,MRPL.NS
2015-11-24,56.0,60.25,55.900001525878906,59.79999923706055,51.347991943359375,1984798.0,MRPL.NS
2015-11-26,59.70000076293945,64.80000305175781,59.70000076293945,64.1500015258789,55.083168029785156,3524093.0,MRPL.NS
2015-11-27,64.44999694824219,68.80000305175781,62.20000076293945,67.94999694824219,58.3460807800293,4034772.0,MRPL.NS
2015-11-30,66.5999984741211,68.5999984741211,65.5999984741211,66.94999694824219,57.48741912841797,1725802.0,MRPL.NS
2015-12-01,66.5,69.0,65.19999694824219,67.94999694824219,58.3460807800293,949498.0,MRPL.NS
2015-12-02,67.0,68.94999694824219,66.8499984741211,67.3499984741211,57.83088684082031,461292.0,MRPL.NS
2015-12-03,67.05000305175781,69.19999694824219,66.5,66.94999694824219,57.48741912841797,778542.0,MRPL.NS
2015-12-04,66.75,67.69999694824219,66.0,66.30000305175781,56.92929458618164,311226.0,MRPL.NS
2015-12-07,66.8499984741211,67.5,64.4000015258789,65.05000305175781,55.8559684753418,367158.0,MRPL.NS
2015-12-08,64.30000305175781,64.9000015258789,61.79999923706055,62.95000076293945,54.05277633666992,719501.0,MRPL.NS
2015-12-09,62.900001525878906,62.900001525878906,60.70000076293945,61.54999923706055,52.850650787353516,788699.0,MRPL.NS
2015-12-10,61.5,63.70000076293945,60.349998474121094,63.400001525878906,54.439170837402344,332250.0,MRPL.NS
2015-12-11,63.099998474121094,65.55000305175781,62.29999923706055,63.29999923706055,54.353309631347656,622982.0,MRPL.NS
2015-12-14,63.29999923706055,64.5999984741211,62.29999923706055,63.04999923706055,54.13863754272461,255061.0,MRPL.NS
2015-12-15,63.70000076293945,64.44999694824219,63.099998474121094,63.79999923706055,54.78263473510742,283187.0,MRPL.NS
2015-12-16,64.0,66.8499984741211,63.79999923706055,65.3499984741211,56.11356735229492,816770.0,MRPL.NS
2015-12-17,65.19999694824219,68.3499984741211,65.19999694824219,67.9000015258789,58.30315399169922,906729.0,MRPL.NS
2015-12-18,66.9000015258789,68.55000305175781,66.69999694824219,67.94999694824219,58.3460807800293,626228.0,MRPL.NS
2015-12-21,67.80000305175781,68.75,66.69999694824219,67.0,57.53035354614258,413448.0,MRPL.NS
2015-12-22,67.30000305175781,68.19999694824219,66.69999694824219,67.44999694824219,57.916748046875,451135.0,MRPL.NS
2015-12-23,67.5,68.30000305175781,66.5999984741211,66.94999694824219,57.48741912841797,235906.0,MRPL.NS
2015-12-24,67.25,67.4000015258789,65.3499984741211,65.5999984741211,56.32823181152344,216256.0,MRPL.NS
2015-12-28,65.5999984741211,66.80000305175781,64.9000015258789,65.05000305175781,55.8559684753418,254925.0,MRPL.NS
2015-12-29,65.5,66.44999694824219,63.95000076293945,64.4000015258789,55.29783630371094,387688.0,MRPL.NS
2015-12-30,64.80000305175781,65.4000015258789,64.5,65.0999984741211,55.89889907836914,260644.0,MRPL.NS
2015-12-31,65.0999984741211,70.0,64.94999694824219,67.8499984741211,58.26021957397461,1058102.0,MRPL.NS
2016-01-01,68.0,69.19999694824219,67.05000305175781,68.94999694824219,59.204750061035156,542860.0,MRPL.NS
2016-01-04,68.0,68.9000015258789,65.25,66.19999694824219,56.843421936035156,391990.0,MRPL.NS
2016-01-05,66.0,67.69999694824219,66.0,66.5999984741211,57.1868896484375,219863.0,MRPL.NS
2016-01-06,66.9000015258789,70.80000305175781,66.0999984741211,68.69999694824219,58.99007797241211,1704398.0,MRPL.NS
2016-01-07,68.0,68.0,66.19999694824219,67.05000305175781,57.57328796386719,987449.0,MRPL.NS
2016-01-08,66.30000305175781,68.44999694824219,66.30000305175781,66.80000305175781,57.35862350463867,475371.0,MRPL.NS
2016-01-11,66.5999984741211,68.4000015258789,64.9000015258789,67.94999694824219,58.3460807800293,385590.0,MRPL.NS
2016-01-12,68.0,69.3499984741211,67.30000305175781,68.1500015258789,58.517826080322266,604577.0,MRPL.NS
2016-01-13,69.0,69.0,63.099998474121094,66.9000015258789,57.44449234008789,840990.0,MRPL.NS
2016-01-14,64.05000305175781,70.9000015258789,64.05000305175781,68.9000015258789,59.16182327270508,1406661.0,MRPL.NS
2016-01-15,69.19999694824219,70.44999694824219,65.0999984741211,66.0,56.67169952392578,598937.0,MRPL.NS
2016-01-18,66.30000305175781,68.80000305175781,62.650001525878906,64.05000305175781,54.9973030090332,869816.0,MRPL.NS
2016-01-19,64.5999984741211,66.19999694824219,62.45000076293945,64.6500015258789,55.51250076293945,440993.0,MRPL.NS
2016-01-20,64.69999694824219,65.0,61.849998474121094,62.849998474121094,53.9669075012207,417661.0,MRPL.NS
2016-01-21,63.95000076293945,66.0,62.5,63.099998474121094,54.181575775146484,618266.0,MRPL.NS
2016-01-22,64.0999984741211,67.30000305175781,63.5,66.44999694824219,57.05809020996094,616054.0,MRPL.NS
2016-01-25,66.9000015258789,67.9000015258789,64.5,64.94999694824219,55.77009963989258,308278.0,MRPL.NS
2016-01-27,66.0,66.0,64.0999984741211,64.4000015258789,55.29783630371094,141846.0,MRPL.NS
2016-01-28,64.5,65.69999694824219,64.3499984741211,64.6500015258789,55.51250076293945,160265.0,MRPL.NS
2016-01-29,64.6500015258789,65.69999694824219,64.3499984741211,65.25,56.02770233154297,176064.0,MRPL.NS
2016-02-01,65.30000305175781,66.0,64.5,64.80000305175781,55.641300201416016,158328.0,MRPL.NS
2016-02-02,65.0,65.44999694824219,60.29999923706055,61.70000076293945,52.97944641113281,390016.0,MRPL.NS
2016-02-03,61.20000076293945,62.25,58.400001525878906,60.0,51.51972579956055,324550.0,MRPL.NS
2016-02-04,61.900001525878906,61.900001525878906,59.25,60.400001525878906,51.86318588256836,242930.0,MRPL.NS
2016-02-05,60.400001525878906,64.05000305175781,59.599998474121094,62.79999923706055,53.92397689819336,332023.0,MRPL.NS
2016-02-08,63.0,65.5,62.5,63.0,54.09571075439453,470232.0,MRPL.NS
2016-02-09,62.400001525878906,64.5,60.599998474121094,61.45000076293945,52.7647819519043,314703.0,MRPL.NS
2016-02-10,61.45000076293945,61.900001525878906,59.0,59.599998474121094,51.17626190185547,206494.0,MRPL.NS
2016-02-11,59.650001525878906,59.849998474121094,55.099998474121094,56.04999923706055,48.12800598144531,242866.0,MRPL.NS
2016-02-12,56.0,57.79999923706055,51.95000076293945,57.0,48.9437370300293,445179.0,MRPL.NS
2016-02-15,61.0,62.20000076293945,59.400001525878906,60.79999923706055,52.20664978027344,701751.0,MRPL.NS
2016-02-16,61.650001525878906,62.5,58.25,58.70000076293945,50.40346145629883,249372.0,MRPL.NS
2016-02-17,59.0,61.150001525878906,57.29999923706055,60.099998474121094,51.605587005615234,262720.0,MRPL.NS
2016-02-18,60.900001525878906,61.25,59.29999923706055,59.79999923706055,51.347991943359375,191251.0,MRPL.NS
2016-02-19,58.400001525878906,60.29999923706055,58.400001525878906,59.099998474121094,50.74692153930664,346505.0,MRPL.NS
2016-02-22,59.849998474121094,60.0,59.0,59.54999923706055,51.133323669433594,118555.0,MRPL.NS
2016-02-23,59.900001525878906,59.900001525878906,54.0,54.29999923706055,46.62535095214844,618344.0,MRPL.NS
2016-02-24,54.400001525878906,55.79999923706055,54.04999923706055,55.599998474121094,47.741607666015625,413807.0,MRPL.NS
2016-02-25,55.79999923706055,56.20000076293945,54.650001525878906,56.0,48.085079193115234,207486.0,MRPL.NS
2016-02-26,56.75,56.900001525878906,54.45000076293945,55.0,47.22641372680664,174775.0,MRPL.NS
2016-02-29,55.20000076293945,58.400001525878906,54.04999923706055,57.599998474121094,49.45893478393555,370352.0,MRPL.NS
2016-03-01,57.150001525878906,60.400001525878906,57.150001525878906,59.849998474121094,51.39092254638672,366552.0,MRPL.NS
2016-03-02,61.0,61.0,56.25,57.25,49.15840148925781,405014.0,MRPL.NS
2016-03-03,57.29999923706055,60.75,56.79999923706055,60.29999923706055,51.777320861816406,587907.0,MRPL.NS
2016-03-04,62.70000076293945,63.5,60.099998474121094,60.70000076293945,52.120784759521484,1084677.0,MRPL.NS
2016-03-08,61.20000076293945,62.099998474121094,59.599998474121094,59.95000076293945,51.47679138183594,538316.0,MRPL.NS
2016-03-09,59.79999923706055,59.79999923706055,57.900001525878906,58.5,50.23173141479492,281706.0,MRPL.NS
2016-03-10,60.0,60.099998474121094,58.29999923706055,58.54999923706055,50.274662017822266,469901.0,MRPL.NS
2016-03-11,58.150001525878906,59.75,57.5,57.75,49.58773422241211,474457.0,MRPL.NS
2016-03-14,58.20000076293945,58.650001525878906,57.5,57.79999923706055,49.63066482543945,200013.0,MRPL.NS
2016-03-15,57.95000076293945,58.099998474121094,56.45000076293945,56.70000076293945,48.68613815307617,267236.0,MRPL.NS
2016-03-16,56.900001525878906,57.25,55.0,55.45000076293945,47.61280822753906,459627.0,MRPL.NS
2016-03-17,56.04999923706055,58.29999923706055,56.04999923706055,57.900001525878906,49.71653366088867,692484.0,MRPL.NS
2016-03-18,58.5,58.79999923706055,56.29999923706055,57.150001525878906,49.072532653808594,1286661.0,MRPL.NS
2016-03-21,56.599998474121094,58.099998474121094,56.599998474121094,57.150001525878906,49.072532653808594,473873.0,MRPL.NS
2016-03-22,57.599998474121094,60.099998474121094,57.150001525878906,59.400001525878906,51.00452423095703,566243.0,MRPL.NS
2016-03-23,59.5,64.6500015258789,58.95000076293945,63.849998474121094,54.8255729675293,2916291.0,MRPL.NS
2016-03-28,64.0,64.0,60.70000076293945,61.849998474121094,53.108245849609375,644598.0,MRPL.NS
2016-03-29,62.099998474121094,64.94999694824219,59.849998474121094,64.5999984741211,55.469566345214844,746736.0,MRPL.NS
2016-03-30,65.19999694824219,68.30000305175781,64.9000015258789,67.80000305175781,58.21729278564453,1480513.0,MRPL.NS
2016-03-31,68.25,68.4000015258789,66.3499984741211,67.4000015258789,57.87382125854492,431009.0,MRPL.NS
2016-04-01,66.80000305175781,69.5999984741211,66.4000015258789,69.19999694824219,59.419410705566406,696460.0,MRPL.NS
2016-04-04,69.5,69.69999694824219,67.0999984741211,68.0,58.38902282714844,269071.0,MRPL.NS
2016-04-05,67.9000015258789,68.5,65.69999694824219,66.4000015258789,57.01515579223633,179346.0,MRPL.NS
2016-04-06,66.5,70.0,66.05000305175781,69.0,59.247684478759766,731183.0,MRPL.NS
2016-04-07,69.44999694824219,71.5999984741211,68.05000305175781,70.0,60.10634231567383,694044.0,MRPL.NS
2016-04-08,70.0,72.30000305175781,69.69999694824219,71.6500015258789,61.52313995361328,1153849.0,MRPL.NS
2016-04-11,72.0,73.05000305175781,67.44999694824219,68.0999984741211,58.474891662597656,863165.0,MRPL.NS
2016-04-12,69.0,69.19999694824219,63.29999923706055,64.94999694824219,55.77009963989258,1859306.0,MRPL.NS
2016-04-13,66.5999984741211,67.4000015258789,65.5,67.0999984741211,57.61621856689453,1008262.0,MRPL.NS
2016-04-18,67.30000305175781,68.0999984741211,66.30000305175781,67.05000305175781,57.57328796386719,861640.0,MRPL.NS
2016-04-20,66.80000305175781,67.8499984741211,65.5999984741211,66.0999984741211,56.7575569152832,360388.0,MRPL.NS
2016-04-21,66.69999694824219,71.55000305175781,66.0,70.25,60.32101058959961,2596675.0,MRPL.NS
2016-04-22,69.30000305175781,70.5,68.5,68.75,59.033016204833984,337437.0,MRPL.NS
2016-04-25,69.3499984741211,71.0,69.1500015258789,70.19999694824219,60.278076171875,935613.0,MRPL.NS
2016-04-26,70.0999984741211,70.9000015258789,68.55000305175781,69.0999984741211,59.33354949951172,278908.0,MRPL.NS
2016-04-27,69.05000305175781,70.75,67.55000305175781,70.19999694824219,60.278076171875,766092.0,MRPL.NS
2016-04-28,70.4000015258789,70.80000305175781,68.5,68.9000015258789,59.16182327270508,264522.0,MRPL.NS
2016-04-29,68.0999984741211,69.30000305175781,67.1500015258789,67.5999984741211,58.045555114746094,219415.0,MRPL.NS
2016-05-02,67.5,69.8499984741211,67.5,69.4000015258789,59.59114456176758,340542.0,MRPL.NS
2016-05-03,69.4000015258789,70.3499984741211,68.25,68.44999694824219,58.775413513183594,163053.0,MRPL.NS
2016-05-04,67.25,71.0,67.25,69.55000305175781,59.719947814941406,697662.0,MRPL.NS
2016-05-05,69.5999984741211,71.0999984741211,67.19999694824219,67.44999694824219,57.916748046875,603716.0,MRPL.NS
2016-05-06,67.4000015258789,68.1500015258789,66.1500015258789,67.55000305175781,58.002620697021484,149417.0,MRPL.NS
2016-05-09,69.9000015258789,70.25,67.75,68.05000305175781,58.43196105957031,303901.0,MRPL.NS
2016-05-10,68.4000015258789,69.5999984741211,67.8499984741211,68.8499984741211,59.11888122558594,375840.0,MRPL.NS
2016-05-11,69.0,73.5,69.0,71.94999694824219,61.780738830566406,3759018.0,MRPL.NS
2016-05-12,72.5999984741211,73.5999984741211,67.69999694824219,69.4000015258789,59.59114456176758,7442094.0,MRPL.NS
2016-05-13,69.0,71.30000305175781,68.0999984741211,69.3499984741211,59.548213958740234,2148699.0,MRPL.NS
2016-05-16,68.69999694824219,69.75,67.69999694824219,68.0999984741211,58.474891662597656,887674.0,MRPL.NS
2016-05-17,68.0999984741211,69.30000305175781,67.75,67.8499984741211,58.26021957397461,547741.0,MRPL.NS
2016-05-18,67.75,68.25,66.9000015258789,67.25,57.74502182006836,484175.0,MRPL.NS
2016-05-19,66.9000015258789,67.69999694824219,65.5,65.80000305175781,56.499969482421875,528348.0,MRPL.NS
2016-05-20,66.0,66.30000305175781,64.4000015258789,64.69999694824219,55.5554313659668,333339.0,MRPL.NS
2016-05-23,65.69999694824219,67.0,64.9000015258789,65.4000015258789,56.156497955322266,756349.0,MRPL.NS
2016-05-24,65.25,65.94999694824219,64.0999984741211,64.75,55.598365783691406,396883.0,MRPL.NS
2016-05-25,65.25,65.9000015258789,64.55000305175781,64.80000305175781,55.641300201416016,290814.0,MRPL.NS
2016-05-26,65.19999694824219,67.5999984741211,64.19999694824219,67.0,57.53035354614258,426607.0,MRPL.NS
2016-05-27,67.19999694824219,69.19999694824219,66.6500015258789,67.55000305175781,58.002620697021484,987095.0,MRPL.NS
2016-05-30,67.69999694824219,67.8499984741211,66.55000305175781,66.8499984741211,57.40155792236328,245898.0,MRPL.NS
2016-05-31,66.8499984741211,68.25,66.5,67.8499984741211,58.26021957397461,378643.0,MRPL.NS
2016-06-01,69.0999984741211,69.0999984741211,67.69999694824219,68.05000305175781,58.43196105957031,1917175.0,MRPL.NS
2016-06-02,67.5,68.0,66.8499984741211,67.1500015258789,57.65915298461914,260879.0,MRPL.NS
2016-06-03,67.30000305175781,68.0,66.80000305175781,67.19999694824219,57.702083587646484,349866.0,MRPL.NS
2016-06-06,67.4000015258789,68.0,67.0,67.6500015258789,58.0884895324707,273537.0,MRPL.NS
2016-06-07,68.0,68.80000305175781,67.19999694824219,68.0,58.38902282714844,313849.0,MRPL.NS
2016-06-08,67.69999694824219,68.4000015258789,67.4000015258789,67.55000305175781,58.002620697021484,210004.0,MRPL.NS
2016-06-09,68.0,68.30000305175781,67.05000305175781,67.30000305175781,57.787960052490234,539809.0,MRPL.NS
2016-06-10,67.5,67.80000305175781,66.75,67.25,57.74502182006836,291106.0,MRPL.NS
2016-06-13,67.25,67.25,66.4000015258789,66.5999984741211,57.1868896484375,207978.0,MRPL.NS
2016-06-14,66.5999984741211,67.25,65.5999984741211,65.80000305175781,56.499969482421875,338788.0,MRPL.NS
2016-06-15,66.05000305175781,67.0999984741211,65.55000305175781,65.94999694824219,56.628761291503906,558192.0,MRPL.NS
2016-06-16,65.94999694824219,66.4000015258789,65.4000015258789,65.75,56.457027435302734,172771.0,MRPL.NS
2016-06-17,66.0999984741211,66.5,64.5999984741211,64.75,55.598365783691406,399606.0,MRPL.NS
2016-06-20,64.44999694824219,65.69999694824219,64.30000305175781,64.80000305175781,55.641300201416016,411210.0,MRPL.NS
2016-06-21,65.0,66.9000015258789,65.0,65.75,56.457027435302734,519145.0,MRPL.NS
2016-06-22,65.80000305175781,66.3499984741211,65.30000305175781,65.5999984741211,56.32823181152344,199650.0,MRPL.NS
2016-06-23,65.5999984741211,66.44999694824219,65.3499984741211,66.0,56.67169952392578,279690.0,MRPL.NS
2016-06-24,64.8499984741211,64.8499984741211,63.0,64.19999694824219,55.126102447509766,384446.0,MRPL.NS
2016-06-27,64.5999984741211,66.44999694824219,64.5,65.69999694824219,56.414093017578125,410426.0,MRPL.NS
2016-06-28,66.0,66.5,65.4000015258789,65.5999984741211,56.32823181152344,153359.0,MRPL.NS
2016-06-29,66.0,66.44999694824219,65.6500015258789,66.0999984741211,56.7575569152832,402819.0,MRPL.NS
2016-06-30,66.0,68.4000015258789,66.0,68.0,58.38902282714844,897550.0,MRPL.NS
2016-07-01,68.25,69.25,67.55000305175781,67.94999694824219,58.3460807800293,595904.0,MRPL.NS
2016-07-04,68.0,68.69999694824219,67.44999694824219,67.9000015258789,58.30315399169922,304319.0,MRPL.NS
2016-07-05,68.0999984741211,70.80000305175781,67.5999984741211,69.44999694824219,59.63407897949219,1195706.0,MRPL.NS
2016-07-07,71.0,71.1500015258789,68.80000305175781,69.55000305175781,59.719947814941406,969181.0,MRPL.NS
2016-07-08,69.69999694824219,69.94999694824219,68.05000305175781,68.3499984741211,58.68954849243164,198992.0,MRPL.NS
2016-07-11,69.0999984741211,69.25,67.9000015258789,68.1500015258789,58.517826080322266,310949.0,MRPL.NS
2016-07-12,68.55000305175781,70.0,67.5999984741211,68.0999984741211,58.474891662597656,446388.0,MRPL.NS
2016-07-13,68.5999984741211,72.69999694824219,68.5999984741211,71.69999694824219,61.566070556640625,3042755.0,MRPL.NS
2016-07-14,71.9000015258789,73.5,71.69999694824219,72.9000015258789,62.59646224975586,1168978.0,MRPL.NS
2016-07-15,73.0,73.25,70.1500015258789,70.55000305175781,60.578609466552734,400160.0,MRPL.NS
2016-07-18,70.94999694824219,75.4000015258789,70.94999694824219,72.94999694824219,62.6393928527832,1943278.0,MRPL.NS
2016-07-19,73.0,75.44999694824219,72.0999984741211,75.0999984741211,64.48551940917969,2089359.0,MRPL.NS
2016-07-20,75.0,77.5,74.30000305175781,77.0999984741211,66.20284271240234,1917766.0,MRPL.NS
2016-07-21,77.0,81.69999694824219,77.0,80.1500015258789,68.82176971435547,4514628.0,MRPL.NS
2016-07-22,79.94999694824219,82.4000015258789,78.0999984741211,80.9000015258789,69.46575927734375,2418092.0,MRPL.NS
2016-07-25,81.5,92.6500015258789,81.30000305175781,89.05000305175781,76.4638442993164,12350516.0,MRPL.NS
2016-07-26,88.9000015258789,89.75,85.6500015258789,86.5999984741211,74.36013793945312,2294461.0,MRPL.NS
2016-07-27,86.5999984741211,87.0999984741211,80.5999984741211,81.0999984741211,69.63748931884766,2228389.0,MRPL.NS
2016-07-28,81.94999694824219,83.4000015258789,80.6500015258789,81.5,69.98095703125,1204766.0,MRPL.NS
2016-07-29,81.80000305175781,83.25,80.5,80.94999694824219,69.5086898803711,1183432.0,MRPL.NS
2016-08-01,81.0,83.0,79.0,80.80000305175781,69.37989807128906,1549785.0,MRPL.NS
2016-08-02,80.1500015258789,81.8499984741211,77.30000305175781,78.0999984741211,67.06150817871094,1645768.0,MRPL.NS
2016-08-03,78.0,78.30000305175781,75.75,76.1500015258789,65.38711547851562,805559.0,MRPL.NS
2016-08-04,76.5999984741211,81.69999694824219,76.4000015258789,80.6500015258789,69.2510986328125,2098018.0,MRPL.NS
2016-08-05,80.9000015258789,81.9000015258789,78.5999984741211,79.1500015258789,67.96310424804688,762575.0,MRPL.NS
2016-08-08,79.5999984741211,80.80000305175781,79.0999984741211,79.3499984741211,68.13483428955078,655644.0,MRPL.NS
2016-08-09,79.44999694824219,79.75,76.0999984741211,76.25,65.47298431396484,883296.0,MRPL.NS
2016-08-10,76.75,77.8499984741211,76.4000015258789,76.75,65.90231323242188,1889653.0,MRPL.NS
2016-08-11,77.0,78.80000305175781,76.5,77.4000015258789,66.46044158935547,1154748.0,MRPL.NS
2016-08-12,77.5999984741211,77.5999984741211,74.25,74.80000305175781,64.2279281616211,759701.0,MRPL.NS
2016-08-16,75.0,76.69999694824219,74.5999984741211,76.3499984741211,65.55884552001953,684621.0,MRPL.NS
2016-08-17,76.1500015258789,77.9000015258789,75.8499984741211,77.0,66.11697387695312,639517.0,MRPL.NS
2016-08-18,77.0,81.80000305175781,76.9000015258789,81.0999984741211,69.63748931884766,2257330.0,MRPL.NS
2016-08-19,81.30000305175781,82.6500015258789,79.80000305175781,80.0,68.69296264648438,1210587.0,MRPL.NS
2016-08-22,80.0,81.3499984741211,78.5999984741211,78.8499984741211,67.70550537109375,503761.0,MRPL.NS
2016-08-23,79.5999984741211,80.3499984741211,79.05000305175781,80.0,68.69296264648438,488359.0,MRPL.NS
2016-08-24,80.0,81.0,78.0,78.5,67.40496826171875,796885.0,MRPL.NS
2016-08-25,80.0,80.75,77.4000015258789,77.94999694824219,66.93270111083984,1429215.0,MRPL.NS
2016-08-26,78.5,78.75,76.1500015258789,76.5,65.6876449584961,475004.0,MRPL.NS
2016-08-29,77.25,80.25,76.5999984741211,79.30000305175781,68.09191131591797,1486520.0,MRPL.NS
2016-08-30,79.0,80.4000015258789,78.5,78.9000015258789,67.7484359741211,652074.0,MRPL.NS
2016-08-31,78.55000305175781,79.8499984741211,77.75,78.1500015258789,67.10443878173828,579537.0,MRPL.NS
2016-09-01,78.5999984741211,81.9000015258789,78.5,80.05000305175781,68.73590087890625,1669175.0,MRPL.NS
2016-09-02,80.0,81.80000305175781,78.55000305175781,79.0999984741211,67.920166015625,1148909.0,MRPL.NS
2016-09-06,81.9000015258789,84.3499984741211,81.8499984741211,83.75,71.91294860839844,3018359.0,MRPL.NS
2016-09-07,84.0,84.55000305175781,81.55000305175781,82.1500015258789,70.5390853881836,694813.0,MRPL.NS
2016-09-08,82.5,84.5,80.75,83.6500015258789,71.82707977294922,1058492.0,MRPL.NS
2016-09-09,83.69999694824219,86.69999694824219,82.75,84.3499984741211,72.42813873291016,1993932.0,MRPL.NS
2016-09-12,81.0999984741211,82.94999694824219,81.0999984741211,82.4000015258789,70.7537612915039,1131811.0,MRPL.NS
2016-09-14,83.25,83.94999694824219,81.94999694824219,83.05000305175781,71.3118896484375,1708202.0,MRPL.NS
2016-09-15,83.6500015258789,84.75,82.30000305175781,83.0,71.26895141601562,555778.0,MRPL.NS
2016-09-16,83.44999694824219,87.9000015258789,82.30000305175781,86.30000305175781,74.1025390625,1825002.0,MRPL.NS
2016-09-19,87.19999694824219,90.0,87.05000305175781,89.5,76.85025024414062,2030392.0,MRPL.NS
2016-09-20,89.25,91.4000015258789,89.0,89.5999984741211,76.93611907958984,1269085.0,MRPL.NS
2016-09-21,89.5,91.5,88.1500015258789,89.3499984741211,76.72145080566406,699679.0,MRPL.NS
2016-09-22,90.4000015258789,91.0,88.4000015258789,89.30000305175781,76.67852020263672,585839.0,MRPL.NS
2016-09-23,90.0,90.05000305175781,88.44999694824219,88.5999984741211,76.07745361328125,537367.0,MRPL.NS
2016-09-26,88.69999694824219,90.5,88.05000305175781,88.55000305175781,76.0345230102539,546993.0,MRPL.NS
2016-09-27,89.25,90.4000015258789,88.5,88.5999984741211,76.07745361328125,557843.0,MRPL.NS
2016-09-28,89.4000015258789,89.94999694824219,88.5,88.80000305175781,76.24919128417969,400455.0,MRPL.NS
2016-09-29,89.80000305175781,90.55000305175781,81.0,83.05000305175781,71.3118896484375,1363967.0,MRPL.NS
2016-09-30,83.9000015258789,86.94999694824219,83.0999984741211,86.4000015258789,74.18840026855469,533488.0,MRPL.NS
2016-10-03,87.4000015258789,89.6500015258789,87.0,88.6500015258789,76.12039184570312,1432908.0,MRPL.NS
2016-10-04,89.4000015258789,89.80000305175781,88.69999694824219,89.4000015258789,76.7643814086914,588711.0,MRPL.NS
2016-10-05,89.5,91.75,89.0,89.6500015258789,76.97905731201172,1000571.0,MRPL.NS
2016-10-06,90.30000305175781,90.6500015258789,87.9000015258789,88.44999694824219,75.94865417480469,909725.0,MRPL.NS
2016-10-07,90.75,97.44999694824219,89.80000305175781,93.0999984741211,79.94143676757812,4815585.0,MRPL.NS
2016-10-10,93.80000305175781,95.3499984741211,92.0,94.25,80.92890167236328,1292701.0,MRPL.NS
2016-10-13,94.4000015258789,96.69999694824219,92.05000305175781,93.5999984741211,80.37076568603516,1121511.0,MRPL.NS
2016-10-14,93.5,94.5,91.75,92.30000305175781,79.25450897216797,454291.0,MRPL.NS
2016-10-17,92.9000015258789,93.75,90.0,90.69999694824219,77.88064575195312,584209.0,MRPL.NS
2016-10-18,91.69999694824219,92.44999694824219,89.0999984741211,90.6500015258789,77.83771514892578,597466.0,MRPL.NS
2016-10-19,90.80000305175781,94.19999694824219,90.80000305175781,91.8499984741211,78.86810302734375,1156881.0,MRPL.NS
2016-10-20,92.44999694824219,92.69999694824219,91.1500015258789,91.4000015258789,78.4817123413086,301537.0,MRPL.NS
2016-10-21,91.8499984741211,92.0,88.6500015258789,89.25,76.63558959960938,468231.0,MRPL.NS
2016-10-24,89.69999694824219,91.5,89.30000305175781,90.1500015258789,77.40838623046875,584214.0,MRPL.NS
2016-10-25,90.5,94.5,89.75,92.9000015258789,79.76969146728516,1174830.0,MRPL.NS
2016-10-26,93.3499984741211,93.6500015258789,91.0,92.05000305175781,79.03984069824219,475799.0,MRPL.NS
2016-10-27,91.5999984741211,93.44999694824219,91.0999984741211,92.69999694824219,79.59796905517578,465309.0,MRPL.NS
2016-10-28,92.5,93.30000305175781,89.30000305175781,90.30000305175781,77.53718566894531,669887.0,MRPL.NS
2016-11-01,92.0,92.5,90.69999694824219,91.3499984741211,78.43878173828125,451787.0,MRPL.NS
2016-11-02,91.0,91.0,89.25,90.30000305175781,77.53718566894531,538027.0,MRPL.NS
2016-11-03,90.05000305175781,91.9000015258789,89.80000305175781,90.30000305175781,77.53718566894531,394583.0,MRPL.NS
2016-11-04,90.94999694824219,91.0,87.44999694824219,89.0,76.42091369628906,493133.0,MRPL.NS
2016-11-07,90.6500015258789,90.6500015258789,88.6500015258789,88.94999694824219,76.37797546386719,285117.0,MRPL.NS
2016-11-08,89.9000015258789,89.9000015258789,88.0999984741211,88.55000305175781,76.0345230102539,338561.0,MRPL.NS
2016-11-09,80.0,87.69999694824219,78.30000305175781,86.8499984741211,74.57479095458984,618540.0,MRPL.NS
2016-11-10,90.0,90.05000305175781,86.80000305175781,88.0,75.56226348876953,424624.0,MRPL.NS
2016-11-11,88.0999984741211,88.44999694824219,86.19999694824219,86.69999694824219,74.44599914550781,281434.0,MRPL.NS
2016-11-15,86.5,87.5,85.0,86.05000305175781,73.88787078857422,267764.0,MRPL.NS
2016-11-16,86.05000305175781,87.5,85.55000305175781,86.69999694824219,74.44599914550781,218561.0,MRPL.NS
2016-11-17,86.69999694824219,87.5,86.0,86.75,74.48893737792969,165613.0,MRPL.NS
2016-11-18,86.9000015258789,88.1500015258789,85.0999984741211,85.44999694824219,73.37266540527344,666720.0,MRPL.NS
2016-11-21,86.3499984741211,86.55000305175781,81.30000305175781,81.8499984741211,70.28148651123047,176616.0,MRPL.NS
2016-11-22,82.1500015258789,89.25,81.19999694824219,88.19999694824219,75.73397827148438,623994.0,MRPL.NS
2016-11-23,89.4000015258789,89.69999694824219,84.69999694824219,89.0,76.42091369628906,412348.0,MRPL.NS
2016-11-24,86.3499984741211,89.0,86.3499984741211,87.94999694824219,75.51932525634766,193479.0,MRPL.NS
2016-11-25,88.55000305175781,89.1500015258789,87.25,88.0999984741211,75.64812469482422,289572.0,MRPL.NS
2016-11-28,87.25,104.5,87.25,101.05000305175781,86.7677993774414,4891295.0,MRPL.NS
2016-11-29,100.9000015258789,103.4000015258789,97.44999694824219,98.25,84.36354064941406,2489238.0,MRPL.NS
2016-11-30,98.5,100.9000015258789,97.5,99.05000305175781,85.05048370361328,1163616.0,MRPL.NS
2016-12-01,99.19999694824219,99.75,95.19999694824219,95.9000015258789,82.34568786621094,843181.0,MRPL.NS
2016-12-02,93.80000305175781,103.25,93.80000305175781,98.19999694824219,84.32061004638672,3163869.0,MRPL.NS
2016-12-05,98.0,105.44999694824219,97.30000305175781,104.5,89.73018646240234,4684365.0,MRPL.NS
2016-12-06,103.5999984741211,105.69999694824219,99.55000305175781,100.1500015258789,85.99500274658203,1666155.0,MRPL.NS
2016-12-07,101.1500015258789,101.94999694824219,96.69999694824219,97.3499984741211,83.59075927734375,1585887.0,MRPL.NS
2016-12-08,98.80000305175781,98.80000305175781,95.8499984741211,96.3499984741211,82.7320785522461,1048052.0,MRPL.NS
2016-12-09,97.19999694824219,98.19999694824219,94.69999694824219,96.0999984741211,82.51742553710938,1606367.0,MRPL.NS
2016-12-12,97.5,98.0,94.4000015258789,94.80000305175781,81.40116882324219,1298884.0,MRPL.NS
2016-12-13,94.55000305175781,96.9000015258789,94.55000305175781,95.4000015258789,81.9163589477539,782686.0,MRPL.NS
2016-12-14,95.9000015258789,96.9000015258789,93.5,93.80000305175781,80.54251098632812,858914.0,MRPL.NS
2016-12-15,93.0,97.75,92.19999694824219,96.75,83.07554626464844,1072232.0,MRPL.NS
2016-12-16,97.4000015258789,98.4000015258789,94.19999694824219,94.6500015258789,81.27236938476562,637111.0,MRPL.NS
2016-12-19,94.9000015258789,95.80000305175781,93.0999984741211,93.69999694824219,80.45663452148438,757941.0,MRPL.NS
2016-12-20,93.94999694824219,94.4000015258789,92.1500015258789,92.5999984741211,79.51210021972656,365816.0,MRPL.NS
2016-12-21,93.0999984741211,93.44999694824219,92.0,92.3499984741211,79.29743957519531,411278.0,MRPL.NS
2016-12-22,91.94999694824219,92.30000305175781,89.19999694824219,89.9000015258789,77.19371795654297,382628.0,MRPL.NS
2016-12-23,89.69999694824219,92.69999694824219,88.19999694824219,88.75,76.20626068115234,468489.0,MRPL.NS
2016-12-26,88.05000305175781,89.0999984741211,85.5999984741211,87.44999694824219,75.08999633789062,361302.0,MRPL.NS
2016-12-27,87.19999694824219,88.94999694824219,86.19999694824219,88.0999984741211,75.64812469482422,836354.0,MRPL.NS
2016-12-28,88.5,96.8499984741211,88.25,95.94999694824219,82.38862609863281,2294687.0,MRPL.NS
2016-12-29,96.19999694824219,99.9000015258789,95.9000015258789,98.55000305175781,84.62115478515625,2361241.0,MRPL.NS
2016-12-30,99.19999694824219,99.4000015258789,97.1500015258789,98.19999694824219,84.32061004638672,744942.0,MRPL.NS
2017-01-02,98.19999694824219,100.9000015258789,97.0999984741211,99.1500015258789,85.13634490966797,1253458.0,MRPL.NS
2017-01-03,99.80000305175781,103.55000305175781,99.30000305175781,102.30000305175781,87.84113311767578,1847296.0,MRPL.NS
2017-01-04,103.0,111.9000015258789,102.75,107.0999984741211,91.96270751953125,7227319.0,MRPL.NS
2017-01-05,107.94999694824219,112.3499984741211,106.6500015258789,110.19999694824219,94.62455749511719,3479265.0,MRPL.NS
2017-01-06,109.3499984741211,110.69999694824219,108.05000305175781,108.80000305175781,93.42243194580078,1325559.0,MRPL.NS
2017-01-09,109.19999694824219,110.30000305175781,107.25,107.8499984741211,92.60669708251953,757568.0,MRPL.NS
2017-01-10,109.0,115.94999694824219,109.0,112.5999984741211,96.68534088134766,4256709.0,MRPL.NS
2017-01-11,112.1500015258789,113.4000015258789,110.5999984741211,111.55000305175781,95.78375244140625,952309.0,MRPL.NS
2017-01-12,112.0,112.4000015258789,108.55000305175781,110.55000305175781,94.92509460449219,971124.0,MRPL.NS
2017-01-13,110.9000015258789,111.30000305175781,106.75,107.30000305175781,92.13444519042969,930379.0,MRPL.NS
2017-01-16,108.1500015258789,111.0,108.1500015258789,109.0,93.59416198730469,759434.0,MRPL.NS
2017-01-17,110.0999984741211,111.8499984741211,108.5,110.30000305175781,94.7104263305664,1063998.0,MRPL.NS
2017-01-18,110.0,111.0,107.5,108.0999984741211,92.82136535644531,813221.0,MRPL.NS
2017-01-19,108.19999694824219,111.0,107.5,108.75,93.37950134277344,1124831.0,MRPL.NS
2017-01-20,108.5,108.80000305175781,99.5,100.5999984741211,86.38140106201172,1682486.0,MRPL.NS
2017-01-23,101.5,103.8499984741211,99.5,101.8499984741211,87.45472717285156,1110007.0,MRPL.NS
2017-01-24,103.3499984741211,105.5999984741211,101.5,101.9000015258789,87.4976577758789,1185070.0,MRPL.NS
2017-01-25,102.44999694824219,103.94999694824219,101.5999984741211,102.3499984741211,87.8840560913086,858267.0,MRPL.NS
2017-01-27,103.3499984741211,104.30000305175781,99.5,99.94999694824219,85.82327270507812,1263875.0,MRPL.NS
2017-01-30,100.30000305175781,101.80000305175781,98.5999984741211,99.05000305175781,85.05048370361328,902361.0,MRPL.NS
2017-01-31,101.1500015258789,103.0,97.30000305175781,97.69999694824219,83.89128875732422,2112437.0,MRPL.NS
2017-02-01,97.75,102.19999694824219,97.75,101.30000305175781,86.98247528076172,1247143.0,MRPL.NS
2017-02-02,103.0999984741211,106.0,103.0999984741211,104.75,89.94485473632812,2611381.0,MRPL.NS
2017-02-03,104.0,107.0,103.3499984741211,105.3499984741211,90.46004486083984,1064628.0,MRPL.NS
2017-02-06,107.0,108.0,106.0,107.3499984741211,92.1773681640625,1334270.0,MRPL.NS
2017-02-07,107.3499984741211,114.55000305175781,105.30000305175781,112.0,96.17015838623047,6095557.0,MRPL.NS
2017-02-08,112.0,114.19999694824219,110.30000305175781,111.8499984741211,96.04135131835938,2329925.0,MRPL.NS
2017-02-09,113.1500015258789,113.44999694824219,109.5,110.55000305175781,94.92509460449219,1350481.0,MRPL.NS
2017-02-10,112.75,114.30000305175781,107.5999984741211,108.44999694824219,93.12190246582031,2329984.0,MRPL.NS
2017-02-13,108.5,109.69999694824219,106.30000305175781,107.80000305175781,92.56376647949219,1371999.0,MRPL.NS
2017-02-14,108.3499984741211,108.4000015258789,105.5,105.69999694824219,90.76057434082031,684740.0,MRPL.NS
2017-02-15,106.0,106.4000015258789,101.5999984741211,102.1500015258789,87.71232604980469,820909.0,MRPL.NS
2017-02-16,102.44999694824219,107.0,101.25,106.5,91.44750213623047,1142043.0,MRPL.NS
2017-02-17,106.94999694824219,110.75,105.1500015258789,109.8499984741211,94.32402801513672,1965818.0,MRPL.NS
2017-02-20,109.4000015258789,110.30000305175781,107.6500015258789,108.1500015258789,92.86430358886719,831155.0,MRPL.NS
2017-02-21,108.55000305175781,111.69999694824219,106.55000305175781,109.25,93.808837890625,1564865.0,MRPL.NS
2017-02-22,109.6500015258789,109.6500015258789,105.6500015258789,106.25,91.23284912109375,900072.0,MRPL.NS
2017-02-23,106.30000305175781,107.9000015258789,106.0,106.4000015258789,91.36164093017578,618438.0,MRPL.NS
2017-02-27,105.25,108.1500015258789,105.25,107.5999984741211,92.39202880859375,596040.0,MRPL.NS
2017-02-28,110.0,111.0,107.5999984741211,108.25,92.95016479492188,1481114.0,MRPL.NS
2017-03-01,108.80000305175781,110.80000305175781,107.55000305175781,109.5999984741211,94.1093521118164,1253364.0,MRPL.NS
2017-03-02,109.80000305175781,109.8499984741211,105.69999694824219,106.4000015258789,91.36164093017578,673619.0,MRPL.NS
2017-03-03,106.3499984741211,106.44999694824219,105.30000305175781,105.94999694824219,90.9752426147461,337064.0,MRPL.NS
2017-03-06,106.5,106.8499984741211,104.9000015258789,105.0999984741211,90.24537658691406,414398.0,MRPL.NS
2017-03-07,105.69999694824219,106.0,104.4000015258789,104.75,89.94485473632812,268582.0,MRPL.NS
2017-03-08,105.69999694824219,105.69999694824219,102.5,103.0999984741211,88.5280532836914,466975.0,MRPL.NS
2017-03-09,103.69999694824219,107.9000015258789,103.0,104.1500015258789,89.42964935302734,1059858.0,MRPL.NS
2017-03-10,104.5999984741211,105.3499984741211,102.0,102.6500015258789,88.14166259765625,651217.0,MRPL.NS
2017-03-14,104.44999694824219,105.75,101.44999694824219,101.69999694824219,87.325927734375,653310.0,MRPL.NS
2017-03-15,102.0,103.5,101.69999694824219,102.19999694824219,87.75525665283203,374286.0,MRPL.NS
2017-03-16,103.0,103.9000015258789,102.4000015258789,102.94999694824219,88.39925384521484,643165.0,MRPL.NS
2017-03-17,103.80000305175781,103.80000305175781,101.5,101.8499984741211,87.45472717285156,394564.0,MRPL.NS
2017-03-20,102.0,102.5,101.0,101.19999694824219,86.8966064453125,374217.0,MRPL.NS
2017-03-21,102.05000305175781,102.3499984741211,100.44999694824219,100.9000015258789,86.63900756835938,401861.0,MRPL.NS
2017-03-22,100.19999694824219,102.0999984741211,99.55000305175781,100.5999984741211,86.38140106201172,533178.0,MRPL.NS
2017-03-23,102.0,102.0999984741211,101.0999984741211,101.69999694824219,87.325927734375,535245.0,MRPL.NS
2017-03-24,102.30000305175781,103.19999694824219,101.1500015258789,101.94999694824219,87.54060363769531,806601.0,MRPL.NS
2017-03-27,102.9000015258789,102.9000015258789,100.25,100.55000305175781,86.33847045898438,264920.0,MRPL.NS
2017-03-28,101.3499984741211,101.5,98.80000305175781,100.19999694824219,86.03792572021484,743985.0,MRPL.NS
2017-03-29,102.30000305175781,104.5,101.1500015258789,103.5,88.87151336669922,2315408.0,MRPL.NS
2017-03-30,104.44999694824219,106.0,103.5999984741211,104.44999694824219,89.68724822998047,979850.0,MRPL.NS
2017-03-31,104.0,107.69999694824219,104.0,106.6500015258789,91.57630920410156,1539568.0,MRPL.NS
2017-04-03,106.0,108.8499984741211,105.75,108.30000305175781,92.99309539794922,815002.0,MRPL.NS
2017-04-05,108.4000015258789,110.5999984741211,107.0,110.0999984741211,94.53868865966797,1155840.0,MRPL.NS
2017-04-06,109.4000015258789,109.5999984741211,107.5,107.94999694824219,92.69256591796875,419276.0,MRPL.NS
2017-04-07,107.5999984741211,111.0,105.8499984741211,107.0999984741211,91.96270751953125,1259679.0,MRPL.NS
2017-04-10,107.4000015258789,112.0,107.4000015258789,110.4000015258789,94.7962875366211,3816326.0,MRPL.NS
2017-04-11,111.5,113.5999984741211,111.0999984741211,113.1500015258789,97.1576156616211,1600604.0,MRPL.NS
2017-04-12,113.75,121.9000015258789,113.19999694824219,118.69999694824219,101.92318725585938,5592033.0,MRPL.NS
2017-04-13,119.80000305175781,122.80000305175781,118.44999694824219,119.05000305175781,102.22372436523438,2311332.0,MRPL.NS
2017-04-17,118.9000015258789,119.55000305175781,117.05000305175781,118.55000305175781,101.79438781738281,683246.0,MRPL.NS
2017-04-18,120.75,122.1500015258789,114.8499984741211,115.80000305175781,99.43306732177734,1176589.0,MRPL.NS
2017-04-19,117.75,122.4000015258789,115.5,121.69999694824219,104.4991683959961,2007888.0,MRPL.NS
2017-04-20,124.0,127.44999694824219,124.0,126.6500015258789,108.74955749511719,2899431.0,MRPL.NS
2017-04-21,127.75,129.1999969482422,118.6500015258789,124.0,106.4740982055664,1595955.0,MRPL.NS
2017-04-24,124.0,127.69999694824219,122.75,127.30000305175781,109.30769348144531,1447109.0,MRPL.NS
2017-04-25,130.5,130.9499969482422,128.10000610351562,128.5,110.33807373046875,1325266.0,MRPL.NS
2017-04-26,128.5,131.89999389648438,124.5,125.75,107.97674560546875,1834844.0,MRPL.NS
2017-04-27,126.75,132.9499969482422,126.69999694824219,132.10000610351562,113.42926025390625,3428251.0,MRPL.NS
2017-04-28,133.0,135.85000610351562,133.0,133.60000610351562,114.71724700927734,3324850.0,MRPL.NS
2017-05-02,134.0,134.10000610351562,128.0500030517578,129.25,110.98207092285156,1279549.0,MRPL.NS
2017-05-03,130.0,134.60000610351562,127.94999694824219,131.9499969482422,113.30045318603516,1520975.0,MRPL.NS
2017-05-04,132.39999389648438,132.85000610351562,129.64999389648438,130.3000030517578,111.88367462158203,521303.0,MRPL.NS
2017-05-05,130.4499969482422,132.3000030517578,125.3499984741211,126.80000305175781,108.87834167480469,1318473.0,MRPL.NS
2017-05-08,126.25,136.35000610351562,126.0999984741211,135.3000030517578,116.1769790649414,3575712.0,MRPL.NS
2017-05-09,136.25,136.9499969482422,133.0,133.39999389648438,114.5455093383789,1689844.0,MRPL.NS
2017-05-10,134.5,135.8000030517578,132.0,133.5500030517578,114.67430877685547,1338472.0,MRPL.NS
2017-05-11,133.75,134.75,132.0,132.75,113.98738098144531,708763.0,MRPL.NS
2017-05-12,132.75,133.0,128.4499969482422,129.0,110.76740264892578,747477.0,MRPL.NS
2017-05-15,131.35000610351562,135.4499969482422,131.1999969482422,134.1999969482422,115.23243713378906,1866640.0,MRPL.NS
2017-05-16,133.1999969482422,134.60000610351562,130.5500030517578,131.6999969482422,113.0857925415039,891972.0,MRPL.NS
2017-05-17,131.25,136.35000610351562,131.25,135.10000610351562,116.00524139404297,4107759.0,MRPL.NS
2017-05-18,139.6999969482422,142.8000030517578,135.0,136.10000610351562,116.86392211914062,10309477.0,MRPL.NS
2017-05-19,139.0,139.0,132.14999389648438,133.60000610351562,114.71724700927734,2148214.0,MRPL.NS
2017-05-22,134.85000610351562,134.85000610351562,128.35000610351562,129.25,110.98207092285156,1911642.0,MRPL.NS
2017-05-23,130.35000610351562,130.35000610351562,120.0999984741211,124.69999694824219,107.07515716552734,2571835.0,MRPL.NS
2017-05-24,125.8499984741211,127.0,122.30000305175781,123.30000305175781,105.87303161621094,1688484.0,MRPL.NS
2017-05-25,124.8499984741211,130.9499969482422,123.0,130.14999389648438,111.7548599243164,2420541.0,MRPL.NS
2017-05-26,129.39999389648438,135.75,129.14999389648438,134.35000610351562,115.36124420166016,1872542.0,MRPL.NS
2017-05-29,133.0500030517578,133.5,128.35000610351562,128.9499969482422,110.72445678710938,918740.0,MRPL.NS
2017-05-30,129.0,131.0,127.05000305175781,129.14999389648438,110.89620208740234,1050077.0,MRPL.NS
2017-05-31,129.3000030517578,132.5,129.0,131.14999389648438,112.613525390625,1371655.0,MRPL.NS
2017-06-01,133.5,138.8000030517578,133.5,134.85000610351562,115.79057312011719,3824947.0,MRPL.NS
2017-06-02,136.0,136.3000030517578,132.5,132.89999389648438,114.11618041992188,1588343.0,MRPL.NS
2017-06-05,133.0,133.5500030517578,131.1999969482422,131.85000610351562,113.21459197998047,953409.0,MRPL.NS
2017-06-06,131.60000610351562,132.60000610351562,128.0500030517578,128.4499969482422,110.29513549804688,1155695.0,MRPL.NS
2017-06-07,129.0,130.5,128.5,129.14999389648438,110.89620208740234,846869.0,MRPL.NS
2017-06-08,129.5,130.89999389648438,128.5500030517578,129.0500030517578,110.81034088134766,766893.0,MRPL.NS
2017-06-09,128.9499969482422,132.5,124.5,129.5500030517578,111.23966979980469,1293915.0,MRPL.NS
2017-06-12,128.9499969482422,130.8000030517578,128.10000610351562,129.1999969482422,110.93913269042969,663919.0,MRPL.NS
2017-06-13,129.1999969482422,130.3000030517578,127.5999984741211,127.94999694824219,109.86580657958984,651913.0,MRPL.NS
2017-06-14,128.39999389648438,129.25,127.25,127.94999694824219,109.86580657958984,894873.0,MRPL.NS
2017-06-15,127.9000015258789,129.60000610351562,127.0999984741211,127.94999694824219,109.86580657958984,988847.0,MRPL.NS
2017-06-16,128.25,128.9499969482422,126.69999694824219,126.94999694824219,109.00714874267578,575830.0,MRPL.NS
2017-06-19,129.39999389648438,129.8000030517578,127.55000305175781,127.75,109.69408416748047,573616.0,MRPL.NS
2017-06-20,128.0,128.75,126.0999984741211,126.75,108.83541107177734,823739.0,MRPL.NS
2017-06-21,126.5,126.5,123.0,124.05000305175781,106.51702880859375,1324910.0,MRPL.NS
2017-06-22,125.75,126.4000015258789,122.05000305175781,122.44999694824219,105.14315795898438,1322060.0,MRPL.NS
2017-06-23,123.1500015258789,123.55000305175781,116.80000305175781,117.3499984741211,100.76399230957031,1345520.0,MRPL.NS
2017-06-27,117.0,120.3499984741211,115.0,119.6500015258789,102.7389144897461,1334380.0,MRPL.NS
2017-06-28,119.0,122.25,118.5,119.55000305175781,102.6530532836914,1669076.0,MRPL.NS
2017-06-29,120.0999984741211,121.30000305175781,118.25,118.9000015258789,102.09491729736328,3242086.0,MRPL.NS
2017-06-30,118.6500015258789,118.9000015258789,117.3499984741211,118.25,101.53678131103516,653905.0,MRPL.NS
2017-07-03,118.5,120.6500015258789,118.3499984741211,119.8499984741211,102.91064453125,714430.0,MRPL.NS
2017-07-04,120.0999984741211,122.0,120.0999984741211,120.8499984741211,103.7693099975586,962912.0,MRPL.NS
2017-07-05,121.0,123.5,119.5999984741211,122.8499984741211,105.48662567138672,1235413.0,MRPL.NS
2017-07-06,122.9000015258789,127.05000305175781,120.30000305175781,123.0999984741211,105.70130157470703,2056013.0,MRPL.NS
2017-07-07,122.8499984741211,123.55000305175781,121.19999694824219,121.75,104.54210662841797,984795.0,MRPL.NS
2017-07-10,121.3499984741211,122.80000305175781,121.3499984741211,122.4000015258789,105.10023498535156,196617.0,MRPL.NS
2017-07-11,122.4000015258789,124.75,121.8499984741211,122.80000305175781,105.4437026977539,2135202.0,MRPL.NS
2017-07-12,124.3499984741211,128.64999389648438,123.0999984741211,127.0999984741211,109.13594818115234,6603453.0,MRPL.NS
2017-07-13,129.3000030517578,129.3000030517578,126.0999984741211,126.94999694824219,109.00714874267578,2219304.0,MRPL.NS
2017-07-14,126.75,129.89999389648438,124.5,125.4000015258789,107.67621612548828,1920268.0,MRPL.NS
2017-07-17,125.5,126.6500015258789,121.3499984741211,123.0999984741211,105.70130157470703,9162008.0,MRPL.NS
2017-07-18,121.5,124.6500015258789,121.5,123.25,105.8301010131836,1221375.0,MRPL.NS
2017-07-19,123.0,132.4499969482422,123.0,130.64999389648438,112.18419647216797,5271618.0,MRPL.NS
2017-07-20,131.5500030517578,132.85000610351562,124.55000305175781,126.0,108.19142150878906,4099955.0,MRPL.NS
2017-07-21,126.75,129.89999389648438,126.05000305175781,126.5999984741211,108.70661926269531,3346626.0,MRPL.NS
2017-07-24,118.4000015258789,123.9000015258789,116.25,119.55000305175781,102.6530532836914,22650748.0,MRPL.NS
2017-07-25,119.0,123.5999984741211,118.69999694824219,122.80000305175781,105.4437026977539,3548509.0,MRPL.NS
2017-07-26,124.0,124.0,120.5,121.05000305175781,109.28047943115234,1603490.0,MRPL.NS
2017-07-27,121.1500015258789,123.9000015258789,120.3499984741211,121.80000305175781,109.95755767822266,5878173.0,MRPL.NS
2017-07-28,121.44999694824219,125.4000015258789,120.69999694824219,124.1500015258789,112.07907104492188,2199387.0,MRPL.NS
2017-07-31,123.9000015258789,125.4000015258789,123.0,124.25,112.16934204101562,1265717.0,MRPL.NS
2017-08-01,124.30000305175781,130.3000030517578,123.5,128.85000610351562,116.32209777832031,4240173.0,MRPL.NS
2017-08-02,128.89999389648438,130.0,124.19999694824219,128.0500030517578,115.59988403320312,3911868.0,MRPL.NS
2017-08-03,127.19999694824219,129.89999389648438,126.75,128.0,115.55474090576172,2679182.0,MRPL.NS
2017-08-04,128.3000030517578,130.1999969482422,127.0,129.85000610351562,117.2248764038086,1870292.0,MRPL.NS
2017-08-07,130.5,132.8000030517578,129.60000610351562,132.1999969482422,119.34637451171875,2665024.0,MRPL.NS
2017-08-08,132.85000610351562,141.1999969482422,132.4499969482422,139.0,125.4852294921875,7887620.0,MRPL.NS
2017-08-09,137.8000030517578,137.8000030517578,132.14999389648438,134.39999389648438,121.33246612548828,2992806.0,MRPL.NS
2017-08-10,126.30000305175781,127.05000305175781,115.0,119.5,112.92236328125,5028311.0,MRPL.NS
2017-08-11,115.25,120.44999694824219,114.19999694824219,118.5999984741211,112.07189178466797,3552428.0,MRPL.NS
2017-08-14,120.0,122.69999694824219,119.8499984741211,121.0999984741211,114.43428802490234,866679.0,MRPL.NS
2017-08-16,121.0,125.19999694824219,120.55000305175781,124.44999694824219,117.59989929199219,2058579.0,MRPL.NS
2017-08-17,125.0,125.0,120.75,121.1500015258789,114.48153686523438,961882.0,MRPL.NS
2017-08-18,120.0,126.3499984741211,118.0999984741211,124.55000305175781,117.69439697265625,3126706.0,MRPL.NS
2017-08-21,124.5,128.6999969482422,123.0,123.4000015258789,116.60769653320312,3661159.0,MRPL.NS
2017-08-22,124.0,125.5,122.0999984741211,123.44999694824219,116.65494537353516,2511235.0,MRPL.NS
2017-08-23,124.5999984741211,126.1500015258789,123.0,125.55000305175781,118.63935852050781,1889286.0,MRPL.NS
2017-08-24,125.5,132.0,122.3499984741211,124.94999694824219,118.07237243652344,7893159.0,MRPL.NS
2017-08-28,125.4000015258789,128.75,124.44999694824219,128.0,120.95449829101562,2498302.0,MRPL.NS
2017-08-29,127.0999984741211,130.6999969482422,125.55000305175781,126.4000015258789,119.44256591796875,3421030.0,MRPL.NS
2017-08-30,127.5,133.25,127.05000305175781,132.64999389648438,125.34854125976562,3957323.0,MRPL.NS
2017-08-31,133.0,140.9499969482422,132.5,138.85000610351562,131.20729064941406,8626255.0,MRPL.NS
2017-09-01,138.85000610351562,143.5500030517578,137.0500030517578,139.5500030517578,131.86875915527344,4104177.0,MRPL.NS
2017-09-04,139.0,142.1999969482422,133.64999389648438,135.39999389648438,127.94718170166016,2563903.0,MRPL.NS
2017-09-05,135.9499969482422,139.39999389648438,135.0,138.5500030517578,130.92379760742188,1819587.0,MRPL.NS
2017-09-06,137.5500030517578,137.85000610351562,135.4499969482422,136.0500030517578,128.5614013671875,1059148.0,MRPL.NS
2017-09-07,138.39999389648438,138.5,134.10000610351562,134.85000610351562,127.42745208740234,1362504.0,MRPL.NS
2017-09-08,135.5,136.6999969482422,132.5500030517578,134.0,126.62422943115234,992539.0,MRPL.NS
2017-09-11,135.0,138.25,135.0,136.14999389648438,128.65589904785156,1126618.0,MRPL.NS
2017-09-12,137.0,140.0,137.0,138.60000610351562,130.97103881835938,1349154.0,MRPL.NS
2017-09-13,138.1999969482422,139.3000030517578,131.9499969482422,134.39999389648438,127.00221252441406,1988545.0,MRPL.NS
2017-09-14,136.5,138.35000610351562,133.10000610351562,135.0500030517578,127.6164321899414,1477792.0,MRPL.NS
2017-09-15,134.0,136.9499969482422,133.6999969482422,135.85000610351562,128.37242126464844,1578928.0,MRPL.NS
2017-09-18,136.10000610351562,137.60000610351562,135.1999969482422,135.60000610351562,128.1361846923828,655239.0,MRPL.NS
2017-09-19,136.75,140.35000610351562,134.9499969482422,136.89999389648438,129.36460876464844,2875119.0,MRPL.NS
2017-09-20,138.0,138.6999969482422,134.10000610351562,134.39999389648438,127.00221252441406,1170911.0,MRPL.NS
2017-09-21,135.75,135.75,129.39999389648438,131.89999389648438,124.63982391357422,1658599.0,MRPL.NS
2017-09-22,130.5500030517578,131.0,125.80000305175781,127.25,120.24578094482422,1878603.0,MRPL.NS
2017-09-25,126.80000305175781,127.0,118.25,123.25,116.46595001220703,3245669.0,MRPL.NS
2017-09-26,124.5,124.9000015258789,119.80000305175781,120.44999694824219,113.820068359375,1487712.0,MRPL.NS
2017-09-27,121.0,125.25,120.5999984741211,121.25,114.57603454589844,2406578.0,MRPL.NS
2017-09-28,123.0999984741211,123.5999984741211,120.19999694824219,122.0999984741211,115.37924194335938,1477652.0,MRPL.NS
2017-09-29,124.0,130.64999389648438,122.9000015258789,126.9000015258789,119.91505432128906,4839535.0,MRPL.NS
2017-10-03,126.0,129.3000030517578,126.0,127.0999984741211,120.10403442382812,963228.0,MRPL.NS
2017-10-04,128.0,128.39999389648438,124.80000305175781,125.19999694824219,118.3086166381836,939793.0,MRPL.NS
2017-10-05,126.0,127.4000015258789,125.8499984741211,126.44999694824219,119.48981475830078,530679.0,MRPL.NS
2017-10-06,126.94999694824219,128.6999969482422,126.0,126.94999694824219,119.96229553222656,1352008.0,MRPL.NS
2017-10-09,127.0,128.25,125.0999984741211,125.9000015258789,118.97008514404297,929323.0,MRPL.NS
2017-10-10,126.0,127.80000305175781,126.0,126.8499984741211,119.8677978515625,442005.0,MRPL.NS
2017-10-11,127.5,131.0,126.4000015258789,126.80000305175781,119.82054901123047,2575053.0,MRPL.NS
2017-10-12,127.1500015258789,129.6999969482422,126.1500015258789,128.85000610351562,121.7577133178711,1213331.0,MRPL.NS
2017-10-13,129.5,131.9499969482422,127.94999694824219,129.5500030517578,122.41918182373047,1275487.0,MRPL.NS
2017-10-16,130.0500030517578,130.64999389648438,126.5999984741211,127.30000305175781,120.29303741455078,1036188.0,MRPL.NS
2017-10-17,126.9000015258789,129.64999389648438,126.80000305175781,128.64999389648438,121.56871032714844,968459.0,MRPL.NS
2017-10-18,128.6999969482422,132.5,127.30000305175781,130.6999969482422,123.5058822631836,1173446.0,MRPL.NS
2017-10-19,131.6999969482422,131.6999969482422,129.0,129.8000030517578,122.6554183959961,201199.0,MRPL.NS
2017-10-23,130.0,131.3000030517578,129.10000610351562,129.60000610351562,122.4664306640625,646910.0,MRPL.NS
2017-10-24,130.0,131.8000030517578,129.3000030517578,130.60000610351562,123.41139221191406,791932.0,MRPL.NS
2017-10-25,130.75,132.0500030517578,129.0,129.6999969482422,122.5609130859375,742227.0,MRPL.NS
2017-10-26,129.8000030517578,135.5,129.14999389648438,134.39999389648438,127.00221252441406,2836553.0,MRPL.NS
2017-10-27,135.1999969482422,138.35000610351562,133.35000610351562,134.3000030517578,126.90772247314453,3137426.0,MRPL.NS
2017-10-30,134.14999389648438,137.5500030517578,133.64999389648438,135.4499969482422,127.99443054199219,1587297.0,MRPL.NS
2017-10-31,135.5,146.6999969482422,132.8000030517578,142.35000610351562,134.51463317871094,9570445.0,MRPL.NS
2017-11-01,145.0,145.25,139.4499969482422,139.9499969482422,132.24673461914062,3632538.0,MRPL.NS
2017-11-02,138.39999389648438,142.1999969482422,137.10000610351562,138.0500030517578,130.45132446289062,1364430.0,MRPL.NS
2017-11-03,138.25,139.6999969482422,135.25,136.10000610351562,128.60867309570312,1331169.0,MRPL.NS
2017-11-06,136.60000610351562,136.60000610351562,133.14999389648438,133.64999389648438,126.29348754882812,1418897.0,MRPL.NS
2017-11-07,134.64999389648438,135.25,130.0,130.85000610351562,123.64763641357422,2188035.0,MRPL.NS
2017-11-08,131.10000610351562,131.35000610351562,126.05000305175781,127.05000305175781,120.05679321289062,1443887.0,MRPL.NS
2017-11-09,128.10000610351562,129.89999389648438,126.6500015258789,128.0,120.95449829101562,1355939.0,MRPL.NS
2017-11-10,127.69999694824219,128.0,125.75,126.30000305175781,119.34807586669922,973369.0,MRPL.NS
2017-11-13,126.0,126.69999694824219,122.0999984741211,122.55000305175781,115.80448150634766,1521736.0,MRPL.NS
2017-11-14,122.5,124.75,121.55000305175781,122.0,115.28475189208984,1802902.0,MRPL.NS
2017-11-15,125.0,125.25,120.3499984741211,121.3499984741211,114.6705322265625,1970558.0,MRPL.NS
2017-11-16,122.0,123.0,119.75,120.5999984741211,113.9618148803711,1644350.0,MRPL.NS
2017-11-17,122.0999984741211,124.0,120.5999984741211,121.5999984741211,114.90676879882812,1452702.0,MRPL.NS
2017-11-20,121.5999984741211,127.80000305175781,121.1500015258789,126.9000015258789,119.91505432128906,2233071.0,MRPL.NS
2017-11-21,128.85000610351562,128.89999389648438,125.4000015258789,126.19999694824219,119.25357818603516,1330952.0,MRPL.NS
2017-11-22,126.4000015258789,127.25,123.5,124.8499984741211,117.9778823852539,555566.0,MRPL.NS
2017-11-23,126.0999984741211,127.9000015258789,124.0999984741211,125.4000015258789,118.49760437011719,1307959.0,MRPL.NS
2017-11-24,125.5,127.80000305175781,125.5,126.0999984741211,119.15907287597656,1418928.0,MRPL.NS
2017-11-27,126.5,127.30000305175781,124.69999694824219,126.55000305175781,119.58432006835938,890820.0,MRPL.NS
2017-11-28,127.1500015258789,127.4000015258789,124.8499984741211,125.3499984741211,118.45035552978516,612881.0,MRPL.NS
2017-11-29,125.80000305175781,126.6500015258789,124.4000015258789,125.1500015258789,118.2613754272461,1019227.0,MRPL.NS
2017-11-30,124.5999984741211,125.75,120.55000305175781,122.30000305175781,115.56824493408203,2442525.0,MRPL.NS
2017-12-01,122.9000015258789,125.3499984741211,122.4000015258789,123.69999694824219,116.89118194580078,1514990.0,MRPL.NS
2017-12-04,123.69999694824219,124.94999694824219,121.19999694824219,121.55000305175781,114.85952758789062,504508.0,MRPL.NS
2017-12-05,121.5,123.4000015258789,120.05000305175781,121.69999694824219,115.00126647949219,1323439.0,MRPL.NS
2017-12-06,121.9000015258789,122.5,120.5,120.8499984741211,114.19805908203125,844918.0,MRPL.NS
2017-12-07,121.19999694824219,123.25,120.5999984741211,122.80000305175781,116.04072570800781,1150674.0,MRPL.NS
2017-12-08,123.5,124.5,122.8499984741211,123.3499984741211,116.5604476928711,1319563.0,MRPL.NS
2017-12-11,124.69999694824219,124.69999694824219,123.05000305175781,123.55000305175781,116.74944305419922,577970.0,MRPL.NS
2017-12-12,123.94999694824219,123.94999694824219,120.0999984741211,120.5999984741211,113.9618148803711,627145.0,MRPL.NS
2017-12-13,120.80000305175781,126.3499984741211,119.4000015258789,124.0999984741211,117.2691650390625,3627293.0,MRPL.NS
2017-12-14,122.69999694824219,125.30000305175781,121.0999984741211,123.55000305175781,116.74944305419922,2400988.0,MRPL.NS
2017-12-15,124.9000015258789,126.69999694824219,123.5999984741211,125.5999984741211,118.68659973144531,1093801.0,MRPL.NS
2017-12-18,125.5999984741211,126.0,118.0999984741211,122.80000305175781,116.04072570800781,2294648.0,MRPL.NS
2017-12-19,123.05000305175781,124.5,122.0999984741211,123.80000305175781,116.98567962646484,1242176.0,MRPL.NS
2017-12-20,124.4000015258789,125.9000015258789,123.3499984741211,124.44999694824219,117.59989929199219,701012.0,MRPL.NS
2017-12-21,125.4000015258789,127.19999694824219,124.30000305175781,126.3499984741211,119.39531707763672,1232163.0,MRPL.NS
2017-12-22,127.0,130.0,127.0,128.25,121.19073486328125,2377976.0,MRPL.NS
2017-12-26,129.39999389648438,132.0,126.8499984741211,131.14999389648438,123.93110656738281,1599418.0,MRPL.NS
2017-12-27,131.8000030517578,131.89999389648438,127.0999984741211,128.35000610351562,121.28524017333984,848227.0,MRPL.NS
2017-12-28,128.0,130.0,127.44999694824219,129.1999969482422,122.08843994140625,1218250.0,MRPL.NS
2017-12-29,129.75,129.75,128.0,128.85000610351562,121.7577133178711,617009.0,MRPL.NS
2018-01-01,128.0500030517578,129.6999969482422,126.0,127.1500015258789,120.15128326416016,569509.0,MRPL.NS
2018-01-02,127.80000305175781,128.60000610351562,124.9000015258789,125.3499984741211,118.45035552978516,971310.0,MRPL.NS
2018-01-03,126.0,127.0999984741211,124.0,126.3499984741211,119.39531707763672,1351955.0,MRPL.NS
2018-01-04,126.3499984741211,128.8000030517578,126.3499984741211,128.1999969482422,121.14348602294922,1473032.0,MRPL.NS
2018-01-05,128.1999969482422,129.60000610351562,127.3499984741211,128.5500030517578,121.4742202758789,1124339.0,MRPL.NS
2018-01-08,128.60000610351562,135.8000030517578,128.5,133.64999389648438,126.29348754882812,3131974.0,MRPL.NS
2018-01-09,134.4499969482422,135.0,130.8000030517578,132.39999389648438,125.11229705810547,1060387.0,MRPL.NS
2018-01-10,133.0,137.14999389648438,132.25,133.39999389648438,126.05725860595703,2470745.0,MRPL.NS
2018-01-11,133.39999389648438,135.0,131.89999389648438,133.64999389648438,126.29348754882812,1130834.0,MRPL.NS
2018-01-12,133.85000610351562,135.5500030517578,129.85000610351562,133.6999969482422,126.34075164794922,1375250.0,MRPL.NS
2018-01-15,134.0,136.1999969482422,130.10000610351562,132.5,125.20680236816406,1300305.0,MRPL.NS
2018-01-16,132.39999389648438,133.25,125.6500015258789,129.9499969482422,122.79716491699219,2711450.0,MRPL.NS
2018-01-17,128.5,129.85000610351562,125.55000305175781,128.5500030517578,121.4742202758789,1223608.0,MRPL.NS
2018-01-18,128.5,129.75,124.69999694824219,126.0,119.06458282470703,1329628.0,MRPL.NS
2018-01-19,126.0,127.5,124.0,125.94999694824219,119.01732635498047,1012424.0,MRPL.NS
2018-01-22,129.0,130.5,126.80000305175781,129.85000610351562,122.70267486572266,1899683.0,MRPL.NS
2018-01-23,130.89999389648438,132.10000610351562,129.89999389648438,131.5,124.2618408203125,1637914.0,MRPL.NS
2018-01-24,131.0,132.64999389648438,129.0500030517578,131.4499969482422,124.21459197998047,1312319.0,MRPL.NS
2018-01-25,130.10000610351562,132.5,126.44999694824219,127.55000305175781,120.52926635742188,2368240.0,MRPL.NS
2018-01-29,128.25,130.39999389648438,127.3499984741211,128.5500030517578,121.4742202758789,1120464.0,MRPL.NS
2018-01-30,128.39999389648438,130.0,127.0,129.0500030517578,121.94670867919922,944189.0,MRPL.NS
2018-01-31,129.89999389648438,130.0,126.1500015258789,128.9499969482422,121.8521957397461,2040743.0,MRPL.NS
2018-02-01,128.60000610351562,130.5,125.4000015258789,129.0500030517578,121.94670867919922,1176851.0,MRPL.NS
2018-02-02,127.05000305175781,128.39999389648438,115.05000305175781,117.05000305175781,110.60722351074219,4927906.0,MRPL.NS
2018-02-05,116.0,119.0,108.75,117.94999694824219,111.45767211914062,3315310.0,MRPL.NS
2018-02-06,110.0,116.1500015258789,108.0999984741211,114.94999694824219,108.622802734375,2402919.0,MRPL.NS
2018-02-07,116.3499984741211,118.94999694824219,114.80000305175781,115.1500015258789,108.81179809570312,1302817.0,MRPL.NS
2018-02-08,117.05000305175781,118.69999694824219,116.25,118.05000305175781,111.55217742919922,1222177.0,MRPL.NS
2018-02-09,115.9000015258789,120.8499984741211,113.6500015258789,118.75,112.2136459350586,1254990.0,MRPL.NS
2018-02-12,119.0,120.9000015258789,118.5,118.75,112.2136459350586,548590.0,MRPL.NS
2018-02-14,119.25,121.8499984741211,118.0999984741211,120.0,113.39484405517578,1314655.0,MRPL.NS
2018-02-15,120.05000305175781,121.80000305175781,118.05000305175781,119.30000305175781,112.7333755493164,597675.0,MRPL.NS
2018-02-16,119.30000305175781,120.19999694824219,116.8499984741211,118.05000305175781,111.55217742919922,656619.0,MRPL.NS
2018-02-19,118.5,119.0999984741211,117.25,118.19999694824219,111.69390869140625,1390100.0,MRPL.NS
2018-02-20,117.94999694824219,119.75,116.75,118.4000015258789,111.8829116821289,1193681.0,MRPL.NS
2018-02-21,118.6500015258789,119.4000015258789,117.5,118.75,112.2136459350586,873414.0,MRPL.NS
2018-02-22,118.44999694824219,119.4000015258789,114.3499984741211,115.69999694824219,109.33152770996094,1995300.0,MRPL.NS
2018-02-23,115.94999694824219,117.0999984741211,115.25,116.5999984741211,110.18199157714844,774740.0,MRPL.NS
2018-02-26,117.9000015258789,121.44999694824219,115.80000305175781,120.80000305175781,114.15080261230469,1593554.0,MRPL.NS
2018-02-27,123.6500015258789,123.80000305175781,120.30000305175781,122.6500015258789,115.89898681640625,2990732.0,MRPL.NS
2018-02-28,120.55000305175781,121.30000305175781,118.80000305175781,119.25,112.68612670898438,974650.0,MRPL.NS
2018-03-01,118.69999694824219,120.30000305175781,117.55000305175781,118.1500015258789,111.64666748046875,578643.0,MRPL.NS
2018-03-05,118.3499984741211,118.5999984741211,111.0,113.69999694824219,107.44161224365234,1564915.0,MRPL.NS
2018-03-06,114.25,117.30000305175781,114.25,115.75,109.37877655029297,1840184.0,MRPL.NS
2018-03-07,114.25,116.9000015258789,114.25,116.4000015258789,109.99299621582031,1972673.0,MRPL.NS
2018-03-08,116.55000305175781,117.9000015258789,113.25,117.25,110.79620361328125,1198709.0,MRPL.NS
2018-03-09,117.4000015258789,117.6500015258789,115.25,115.6500015258789,109.2842788696289,520993.0,MRPL.NS
2018-03-12,116.25,116.8499984741211,114.9000015258789,116.44999694824219,110.04023742675781,531424.0,MRPL.NS
2018-03-13,116.9000015258789,120.0,116.0,119.5999984741211,113.01686096191406,972706.0,MRPL.NS
2018-03-14,119.0999984741211,120.0,118.0999984741211,119.0,112.44988250732422,574559.0,MRPL.NS
2018-03-15,119.25,119.4000015258789,118.0,118.25,111.74116516113281,514266.0,MRPL.NS
2018-03-16,118.5,118.8499984741211,115.30000305175781,116.69999694824219,110.27648162841797,703644.0,MRPL.NS
2018-03-19,116.44999694824219,117.3499984741211,111.80000305175781,112.0999984741211,105.92967987060547,944570.0,MRPL.NS
2018-03-20,111.94999694824219,115.19999694824219,110.80000305175781,113.8499984741211,107.5833511352539,1642036.0,MRPL.NS
2018-03-21,114.0999984741211,115.0999984741211,111.8499984741211,112.69999694824219,106.49665832519531,1376168.0,MRPL.NS
2018-03-22,112.0,114.5,108.0,111.8499984741211,105.69344329833984,3196136.0,MRPL.NS
2018-03-23,109.0,110.8499984741211,108.19999694824219,110.25,104.18151092529297,690791.0,MRPL.NS
2018-03-26,109.19999694824219,112.0999984741211,109.19999694824219,111.44999694824219,105.3154525756836,652627.0,MRPL.NS
2018-03-27,112.0,113.8499984741211,110.25,111.0999984741211,104.9847183227539,1230194.0,MRPL.NS
2018-03-28,110.8499984741211,111.69999694824219,109.19999694824219,109.8499984741211,103.80352783203125,854098.0,MRPL.NS
2018-04-02,110.4000015258789,112.0,110.30000305175781,111.80000305175781,105.64619445800781,329735.0,MRPL.NS
2018-04-03,113.4000015258789,113.4000015258789,110.5999984741211,111.80000305175781,105.64619445800781,1030832.0,MRPL.NS
2018-04-04,112.6500015258789,113.4000015258789,110.0,110.44999694824219,104.37049102783203,705539.0,MRPL.NS
2018-04-05,111.5,112.5,111.0,111.5,105.36270141601562,433073.0,MRPL.NS
2018-04-06,111.80000305175781,115.25,111.30000305175781,113.3499984741211,107.11087799072266,1535762.0,MRPL.NS
2018-04-09,114.05000305175781,115.0,112.3499984741211,114.1500015258789,107.8668441772461,1546502.0,MRPL.NS
2018-04-10,114.75,114.80000305175781,113.0999984741211,113.44999694824219,107.20536804199219,489601.0,MRPL.NS
2018-04-11,114.0,114.19999694824219,109.0,110.1500015258789,104.08702087402344,2268597.0,MRPL.NS
2018-04-12,110.0,110.4000015258789,108.30000305175781,108.80000305175781,102.81132507324219,1160697.0,MRPL.NS
2018-04-13,109.4000015258789,111.55000305175781,108.6500015258789,109.44999694824219,103.42554473876953,704596.0,MRPL.NS
2018-04-16,109.44999694824219,109.9000015258789,108.55000305175781,109.25,103.23655700683594,711158.0,MRPL.NS
2018-04-17,109.5,109.94999694824219,108.5999984741211,109.3499984741211,103.33104705810547,610900.0,MRPL.NS
2018-04-18,109.5999984741211,109.9000015258789,105.8499984741211,107.1500015258789,101.25214385986328,1249822.0,MRPL.NS
2018-04-19,105.4000015258789,105.80000305175781,102.69999694824219,105.3499984741211,99.55121612548828,2292413.0,MRPL.NS
2018-04-20,105.0,108.4000015258789,104.4000015258789,107.75,101.8191146850586,734481.0,MRPL.NS
2018-04-23,108.0,108.5999984741211,107.0,107.5999984741211,101.6773681640625,462630.0,MRPL.NS
2018-04-24,107.5999984741211,108.5999984741211,106.44999694824219,107.9000015258789,101.96085357666016,715813.0,MRPL.NS
2018-04-25,107.9000015258789,109.80000305175781,107.5,108.80000305175781,102.81132507324219,1072311.0,MRPL.NS
2018-04-26,108.5,110.75,108.19999694824219,109.0999984741211,103.09481048583984,3118544.0,MRPL.NS
2018-04-27,109.4000015258789,110.3499984741211,106.9000015258789,107.30000305175781,101.39389038085938,1634478.0,MRPL.NS
2018-04-30,107.9000015258789,108.5999984741211,106.80000305175781,108.05000305175781,102.10261535644531,391002.0,MRPL.NS
2018-05-02,108.05000305175781,108.4000015258789,106.80000305175781,107.0,101.11039733886719,744255.0,MRPL.NS
2018-05-03,106.9000015258789,108.80000305175781,104.5999984741211,105.05000305175781,99.26773834228516,1430985.0,MRPL.NS
2018-05-04,104.8499984741211,105.94999694824219,104.3499984741211,105.19999694824219,99.40947723388672,328822.0,MRPL.NS
2018-05-07,105.0,106.5,103.6500015258789,105.5999984741211,99.78746032714844,555751.0,MRPL.NS
2018-05-08,104.9000015258789,106.80000305175781,104.30000305175781,105.94999694824219,100.11819458007812,846792.0,MRPL.NS
2018-05-09,103.0,106.4000015258789,102.6500015258789,105.9000015258789,100.07095336914062,1241782.0,MRPL.NS
2018-05-10,105.9000015258789,108.0,104.69999694824219,105.3499984741211,99.55121612548828,1174196.0,MRPL.NS
2018-05-11,105.44999694824219,107.8499984741211,105.0,106.0999984741211,100.25993347167969,972849.0,MRPL.NS
2018-05-14,106.25,107.9000015258789,105.94999694824219,106.5999984741211,100.73241424560547,372118.0,MRPL.NS
2018-05-15,105.80000305175781,107.80000305175781,104.80000305175781,105.44999694824219,99.64571380615234,811266.0,MRPL.NS
2018-05-16,101.0999984741211,107.25,99.0999984741211,105.5,99.6929702758789,3581268.0,MRPL.NS
2018-05-17,105.0999984741211,106.8499984741211,103.0999984741211,104.0999984741211,98.37002563476562,1162049.0,MRPL.NS
2018-05-18,104.05000305175781,105.5,103.1500015258789,103.44999694824219,97.75579833984375,1342496.0,MRPL.NS
2018-05-21,103.5,103.9000015258789,99.30000305175781,99.8499984741211,94.35395812988281,887246.0,MRPL.NS
2018-05-22,100.9000015258789,101.44999694824219,99.8499984741211,100.1500015258789,94.63744354248047,541138.0,MRPL.NS
2018-05-23,100.25,100.69999694824219,95.9000015258789,97.0,91.66083526611328,1245948.0,MRPL.NS
2018-05-24,97.4000015258789,99.0,96.0,96.75,91.4245834350586,1149910.0,MRPL.NS
2018-05-25,96.0999984741211,99.1500015258789,93.75,97.69999694824219,92.32230377197266,3023143.0,MRPL.NS
2018-05-28,99.4000015258789,102.5,98.6500015258789,100.30000305175781,94.77919006347656,2281837.0,MRPL.NS
2018-05-29,99.94999694824219,100.55000305175781,96.05000305175781,96.69999694824219,91.37733459472656,1233745.0,MRPL.NS
2018-05-30,96.30000305175781,97.1500015258789,94.0,94.80000305175781,89.5819320678711,1333448.0,MRPL.NS
2018-05-31,95.19999694824219,95.6500015258789,92.44999694824219,92.80000305175781,87.69200897216797,2079181.0,MRPL.NS
2018-06-01,93.30000305175781,94.69999694824219,91.05000305175781,91.6500015258789,86.60531616210938,1179938.0,MRPL.NS
2018-06-04,92.5,92.5999984741211,89.6500015258789,90.4000015258789,85.42411804199219,934664.0,MRPL.NS
2018-06-05,90.4000015258789,92.6500015258789,89.5,91.0,85.9910888671875,1383319.0,MRPL.NS
2018-06-06,91.44999694824219,93.80000305175781,90.0999984741211,91.30000305175781,86.27458190917969,1358562.0,MRPL.NS
2018-06-07,91.69999694824219,94.9000015258789,91.30000305175781,94.25,89.06220245361328,706507.0,MRPL.NS
2018-06-08,93.9000015258789,96.0,92.6500015258789,95.69999694824219,90.43238067626953,770005.0,MRPL.NS
2018-06-11,96.0,97.25,94.3499984741211,95.5,90.24339294433594,474004.0,MRPL.NS
2018-06-12,95.5,96.5,95.0,95.5999984741211,90.337890625,357573.0,MRPL.NS
2018-06-13,95.9000015258789,96.3499984741211,91.80000305175781,94.30000305175781,89.10945129394531,923332.0,MRPL.NS
2018-06-14,93.5999984741211,95.25,93.0,94.5,89.2984390258789,743524.0,MRPL.NS
2018-06-15,94.4000015258789,94.44999694824219,88.5,89.0,84.10116577148438,3518129.0,MRPL.NS
2018-06-18,89.69999694824219,90.8499984741211,88.0,90.0,85.04613494873047,5150321.0,MRPL.NS
2018-06-19,90.0,90.25,86.19999694824219,87.69999694824219,82.87272644042969,3320420.0,MRPL.NS
2018-06-20,87.25,88.0999984741211,86.6500015258789,87.30000305175781,82.4947509765625,762174.0,MRPL.NS
2018-06-21,87.05000305175781,88.75,85.69999694824219,88.1500015258789,83.29795837402344,1082796.0,MRPL.NS
2018-06-22,88.25,88.8499984741211,87.0999984741211,88.25,83.3924560546875,545773.0,MRPL.NS
2018-06-25,89.1500015258789,90.75,87.55000305175781,90.4000015258789,85.42411804199219,1030418.0,MRPL.NS
2018-06-26,89.5,92.19999694824219,88.80000305175781,90.4000015258789,85.42411804199219,1813268.0,MRPL.NS
2018-06-27,89.5,89.8499984741211,86.4000015258789,87.0,82.21126556396484,1553201.0,MRPL.NS
2018-06-28,84.19999694824219,84.19999694824219,76.5,77.5999984741211,75.94754028320312,5988314.0,MRPL.NS
2018-06-29,79.69999694824219,81.5,77.5999984741211,81.05000305175781,79.32408142089844,1919244.0,MRPL.NS
2018-07-02,81.0,81.6500015258789,78.19999694824219,78.75,77.07305908203125,782655.0,MRPL.NS
2018-07-03,79.25,79.5999984741211,76.80000305175781,78.5,76.82837677001953,1011062.0,MRPL.NS
2018-07-04,78.5,78.6500015258789,76.9000015258789,77.80000305175781,76.14329528808594,659434.0,MRPL.NS
2018-07-05,77.0,77.3499984741211,75.69999694824219,76.5,74.87096405029297,1188798.0,MRPL.NS
2018-07-06,76.9000015258789,79.0,76.3499984741211,78.3499984741211,76.68157958984375,724421.0,MRPL.NS
2018-07-09,78.94999694824219,80.0,78.0999984741211,78.55000305175781,76.8773193359375,552350.0,MRPL.NS
2018-07-10,78.8499984741211,79.19999694824219,78.25,78.9000015258789,77.21986389160156,435979.0,MRPL.NS
2018-07-11,79.0,79.19999694824219,76.0999984741211,76.8499984741211,75.21351623535156,679923.0,MRPL.NS
2018-07-12,78.6500015258789,81.5999984741211,78.0,80.44999694824219,78.73685455322266,3333472.0,MRPL.NS
2018-07-13,80.0,80.44999694824219,77.0,78.0999984741211,76.43689727783203,2093499.0,MRPL.NS
2018-07-16,78.0,78.80000305175781,73.3499984741211,73.75,72.17952728271484,994872.0,MRPL.NS
2018-07-17,75.30000305175781,83.05000305175781,74.55000305175781,80.5999984741211,78.88365936279297,4059661.0,MRPL.NS
2018-07-18,81.19999694824219,81.80000305175781,76.8499984741211,78.05000305175781,76.3879623413086,2263483.0,MRPL.NS
2018-07-19,78.3499984741211,79.05000305175781,76.05000305175781,77.94999694824219,76.29008483886719,643943.0,MRPL.NS
2018-07-20,77.5999984741211,82.44999694824219,76.3499984741211,81.94999694824219,80.20491027832031,2039498.0,MRPL.NS
2018-07-23,81.0,82.44999694824219,79.30000305175781,80.69999694824219,78.98152923583984,1993605.0,MRPL.NS
2018-07-24,81.6500015258789,82.0,79.6500015258789,80.44999694824219,78.73685455322266,1557009.0,MRPL.NS
2018-07-25,80.69999694824219,81.94999694824219,79.0,79.9000015258789,78.19857025146484,1156283.0,MRPL.NS
2018-07-26,80.0,80.80000305175781,78.4000015258789,78.94999694824219,77.26879119873047,995278.0,MRPL.NS
2018-07-27,79.5,81.80000305175781,78.8499984741211,80.80000305175781,79.07940673828125,1391226.0,MRPL.NS
2018-07-30,81.3499984741211,83.94999694824219,81.0,82.94999694824219,81.1836166381836,1598504.0,MRPL.NS
2018-07-31,83.75,83.9000015258789,80.30000305175781,80.94999694824219,79.22620391845703,1055550.0,MRPL.NS
2018-08-01,81.4000015258789,83.30000305175781,81.0999984741211,82.5999984741211,80.84107208251953,1406679.0,MRPL.NS
2018-08-02,82.55000305175781,86.05000305175781,82.55000305175781,84.6500015258789,82.84741973876953,2788851.0,MRPL.NS
2018-08-03,85.19999694824219,86.0,83.5999984741211,84.30000305175781,82.50487518310547,936574.0,MRPL.NS
2018-08-06,84.9000015258789,85.30000305175781,82.5999984741211,83.19999694824219,81.42829132080078,1018615.0,MRPL.NS
2018-08-07,83.25,83.5,81.0,81.75,80.00917053222656,893375.0,MRPL.NS
2018-08-08,81.75,82.3499984741211,80.0,80.55000305175781,78.83473205566406,677013.0,MRPL.NS
2018-08-09,82.1500015258789,84.75,81.0,83.80000305175781,82.01551818847656,1628465.0,MRPL.NS
2018-08-10,84.9000015258789,86.25,82.6500015258789,83.75,81.96658325195312,2059564.0,MRPL.NS
2018-08-13,84.0,84.19999694824219,81.4000015258789,81.94999694824219,80.20491027832031,1186893.0,MRPL.NS
2018-08-14,82.5,82.6500015258789,79.44999694824219,80.8499984741211,79.12833404541016,894402.0,MRPL.NS
2018-08-16,79.6500015258789,80.69999694824219,79.25,80.0999984741211,78.3943099975586,713033.0,MRPL.NS
2018-08-17,80.5,82.30000305175781,78.8499984741211,81.05000305175781,79.32408142089844,777279.0,MRPL.NS
2018-08-20,81.1500015258789,82.0999984741211,80.5,81.3499984741211,79.61769104003906,698978.0,MRPL.NS
2018-08-21,81.19999694824219,82.30000305175781,80.69999694824219,81.4000015258789,79.6666259765625,486364.0,MRPL.NS
2018-08-23,81.5,83.5999984741211,80.5999984741211,82.69999694824219,80.93893432617188,989693.0,MRPL.NS
2018-08-24,83.0,84.0,82.25,82.55000305175781,80.79214477539062,815377.0,MRPL.NS
2018-08-27,82.69999694824219,86.25,82.6500015258789,84.4000015258789,82.60274505615234,1684094.0,MRPL.NS
2018-08-28,84.4000015258789,85.0,81.4000015258789,81.94999694824219,80.20491027832031,748132.0,MRPL.NS
2018-08-29,82.0,82.69999694824219,80.5999984741211,80.9000015258789,79.17727661132812,1087697.0,MRPL.NS
2018-08-30,81.0,81.9000015258789,80.0999984741211,81.4000015258789,79.6666259765625,650602.0,MRPL.NS
2018-08-31,81.4000015258789,82.05000305175781,80.5999984741211,80.8499984741211,79.12833404541016,842048.0,MRPL.NS
2018-09-03,80.94999694824219,81.6500015258789,79.25,79.75,78.05176544189453,1119402.0,MRPL.NS
2018-09-04,80.0,80.3499984741211,76.4000015258789,76.9000015258789,75.26245880126953,1540893.0,MRPL.NS
2018-09-05,76.75,77.44999694824219,73.05000305175781,73.80000305175781,72.22846984863281,1737131.0,MRPL.NS
2018-09-06,74.19999694824219,77.5,73.5,77.1500015258789,75.50712585449219,1293078.0,MRPL.NS
2018-09-07,77.0,78.44999694824219,76.0999984741211,77.8499984741211,76.19222259521484,769594.0,MRPL.NS
2018-09-10,77.05000305175781,77.80000305175781,75.5,75.94999694824219,74.33267974853516,623161.0,MRPL.NS
2018-09-11,76.6500015258789,76.6500015258789,73.9000015258789,74.19999694824219,72.61994171142578,1030371.0,MRPL.NS
2018-09-12,74.94999694824219,74.94999694824219,72.0,72.8499984741211,71.29869079589844,1797109.0,MRPL.NS
2018-09-14,73.9000015258789,75.30000305175781,73.0999984741211,74.05000305175781,72.47314453125,2759441.0,MRPL.NS
2018-09-17,75.0,80.9000015258789,73.5,78.6500015258789,76.97518920898438,4029032.0,MRPL.NS
2018-09-18,77.6500015258789,79.75,73.0999984741211,73.6500015258789,72.08165740966797,2169042.0,MRPL.NS
2018-09-19,74.25,76.19999694824219,73.75,74.94999694824219,73.35397338867188,1273379.0,MRPL.NS
2018-09-21,75.4000015258789,76.6500015258789,70.1500015258789,75.05000305175781,73.45185089111328,2441292.0,MRPL.NS
2018-09-24,75.5,75.75,72.44999694824219,74.19999694824219,72.61994171142578,1297389.0,MRPL.NS
2018-09-25,73.5999984741211,74.5999984741211,71.0,72.80000305175781,71.24976348876953,1249077.0,MRPL.NS
2018-09-26,73.30000305175781,75.75,72.55000305175781,75.0999984741211,73.50077819824219,1280041.0,MRPL.NS
2018-09-27,75.0,75.55000305175781,73.25,74.69999694824219,73.10929870605469,715136.0,MRPL.NS
2018-09-28,74.75,75.0,70.75,71.80000305175781,70.27105712890625,1350997.0,MRPL.NS
2018-10-01,71.1500015258789,73.5999984741211,69.0999984741211,69.5,68.02002716064453,2833024.0,MRPL.NS
2018-10-03,68.0,76.0,64.19999694824219,71.8499984741211,70.31998443603516,9933048.0,MRPL.NS
2018-10-04,70.25,71.80000305175781,68.44999694824219,70.5,68.99873352050781,2936409.0,MRPL.NS
2018-10-05,66.5,67.5,61.599998474121094,64.0,62.637149810791016,6072846.0,MRPL.NS
2018-10-08,64.5999984741211,66.30000305175781,61.849998474121094,64.44999694824219,63.07756805419922,3874210.0,MRPL.NS
2018-10-09,65.0,65.25,61.25,63.45000076293945,62.0988655090332,3113487.0,MRPL.NS
2018-10-10,63.95000076293945,70.6500015258789,63.45000076293945,69.94999694824219,68.46044158935547,5459961.0,MRPL.NS
2018-10-11,68.94999694824219,78.0,67.30000305175781,77.5,75.84967041015625,4407478.0,MRPL.NS
2018-10-12,78.05000305175781,84.80000305175781,77.8499984741211,83.0,81.23255920410156,4550928.0,MRPL.NS
2018-10-15,83.94999694824219,84.69999694824219,80.0999984741211,82.25,80.49851989746094,3690324.0,MRPL.NS
2018-10-16,82.19999694824219,85.30000305175781,81.05000305175781,84.80000305175781,82.99422454833984,2046593.0,MRPL.NS
2018-10-17,86.5,86.5,80.25,81.19999694824219,79.47088623046875,1863195.0,MRPL.NS
2018-10-19,79.44999694824219,85.19999694824219,79.19999694824219,84.1500015258789,82.35806274414062,2590591.0,MRPL.NS
2018-10-22,85.4000015258789,85.80000305175781,82.25,83.4000015258789,81.62403869628906,1158468.0,MRPL.NS
2018-10-23,83.19999694824219,84.55000305175781,79.94999694824219,83.4000015258789,81.62403869628906,1258413.0,MRPL.NS
2018-10-24,86.19999694824219,86.19999694824219,80.9000015258789,83.5999984741211,81.81977844238281,2993480.0,MRPL.NS
2018-10-25,83.0,83.9000015258789,81.75,83.25,81.47722625732422,1592620.0,MRPL.NS
2018-10-26,83.4000015258789,83.4000015258789,79.5,81.3499984741211,79.61769104003906,1795884.0,MRPL.NS
2018-10-29,81.69999694824219,83.75,80.1500015258789,82.94999694824219,81.1836166381836,1141205.0,MRPL.NS
2018-10-30,82.5,82.5,79.5999984741211,80.25,78.5411148071289,1895339.0,MRPL.NS
2018-10-31,80.19999694824219,82.0,78.25,81.69999694824219,79.96023559570312,1021527.0,MRPL.NS
2018-11-01,82.0,85.44999694824219,81.8499984741211,82.55000305175781,80.79214477539062,3076386.0,MRPL.NS
2018-11-02,84.3499984741211,85.0,81.69999694824219,82.69999694824219,80.93893432617188,3325956.0,MRPL.NS
2018-11-05,83.0,83.4000015258789,79.55000305175781,80.5,78.7857894897461,1670736.0,MRPL.NS
2018-11-06,80.55000305175781,84.19999694824219,80.55000305175781,82.55000305175781,80.79214477539062,3651026.0,MRPL.NS
2018-11-07,83.75,83.75,82.8499984741211,83.0,81.23255920410156,308773.0,MRPL.NS
2018-11-09,83.0999984741211,84.0,81.9000015258789,82.75,80.98787689208984,1404659.0,MRPL.NS
2018-11-12,82.75,83.1500015258789,80.5,80.80000305175781,79.07940673828125,1049652.0,MRPL.NS
2018-11-13,81.44999694824219,82.30000305175781,79.9000015258789,81.5,79.76449584960938,1403688.0,MRPL.NS
2018-11-14,83.0,87.25,80.75,81.69999694824219,79.96023559570312,7498166.0,MRPL.NS
2018-11-15,80.0,82.25,78.80000305175781,81.1500015258789,79.42195129394531,2969635.0,MRPL.NS
2018-11-16,81.5,81.55000305175781,80.05000305175781,80.6500015258789,78.93260192871094,1799366.0,MRPL.NS
2018-11-19,80.5,81.5,79.6500015258789,80.25,78.5411148071289,1366383.0,MRPL.NS
2018-11-20,80.0,80.9000015258789,75.5999984741211,77.0,75.36032104492188,2698918.0,MRPL.NS
2018-11-21,78.1500015258789,79.25,74.05000305175781,76.25,74.62629699707031,5191748.0,MRPL.NS
2018-11-22,76.25,76.80000305175781,74.05000305175781,74.4000015258789,72.81568908691406,1380030.0,MRPL.NS
2018-11-26,75.4000015258789,76.44999694824219,74.44999694824219,76.1500015258789,74.5284194946289,1150495.0,MRPL.NS
2018-11-27,76.0,77.0999984741211,75.0,76.5999984741211,74.96883392333984,826167.0,MRPL.NS
2018-11-28,76.5,76.5,72.9000015258789,73.4000015258789,71.83698272705078,1019134.0,MRPL.NS
2018-11-29,73.55000305175781,75.25,72.05000305175781,74.94999694824219,73.35397338867188,1631396.0,MRPL.NS
2018-11-30,75.0999984741211,75.9000015258789,73.0999984741211,73.9000015258789,72.32633972167969,772917.0,MRPL.NS
2018-12-03,73.9000015258789,74.0,72.80000305175781,73.25,71.69017791748047,740519.0,MRPL.NS
2018-12-04,73.25,74.0,72.80000305175781,73.25,71.69017791748047,620716.0,MRPL.NS
2018-12-05,73.0,73.6500015258789,70.3499984741211,71.44999694824219,69.92850494384766,1131233.0,MRPL.NS
2018-12-06,71.19999694824219,71.44999694824219,70.0,71.0,69.48809051513672,756917.0,MRPL.NS
2018-12-07,71.5,71.94999694824219,70.80000305175781,71.1500015258789,69.63490295410156,501012.0,MRPL.NS
2018-12-10,70.3499984741211,71.25,69.5,71.0,69.48809051513672,569923.0,MRPL.NS
2018-12-11,70.0,72.55000305175781,69.5999984741211,72.0,70.466796875,667589.0,MRPL.NS
2018-12-12,72.30000305175781,74.0,71.9000015258789,73.8499984741211,72.27739715576172,749332.0,MRPL.NS
2018-12-13,73.8499984741211,75.5999984741211,73.3499984741211,74.0,72.42420959472656,581572.0,MRPL.NS
2018-12-14,73.5999984741211,74.6500015258789,72.5,72.94999694824219,71.39656066894531,600933.0,MRPL.NS
2018-12-17,73.0,73.8499984741211,72.5999984741211,72.94999694824219,71.39656066894531,458235.0,MRPL.NS
2018-12-18,73.0,73.94999694824219,71.69999694824219,73.1500015258789,71.59231567382812,1136699.0,MRPL.NS
2018-12-19,74.25,75.3499984741211,73.25,74.55000305175781,72.9625015258789,1592134.0,MRPL.NS
2018-12-20,74.05000305175781,78.55000305175781,73.9000015258789,77.69999694824219,76.04541015625,1897040.0,MRPL.NS
2018-12-21,76.80000305175781,78.30000305175781,74.3499984741211,74.69999694824219,73.10929870605469,1780075.0,MRPL.NS
2018-12-24,75.0,75.6500015258789,72.30000305175781,72.80000305175781,71.24976348876953,1732190.0,MRPL.NS
2018-12-26,73.1500015258789,75.9000015258789,71.80000305175781,75.4000015258789,73.79439544677734,1981018.0,MRPL.NS
2018-12-27,75.80000305175781,75.8499984741211,74.0999984741211,74.94999694824219,73.35397338867188,2014900.0,MRPL.NS
2018-12-28,75.0,75.8499984741211,74.3499984741211,74.9000015258789,73.30504608154297,1275485.0,MRPL.NS
2018-12-31,75.5,77.4000015258789,75.0,75.5,73.89226531982422,1736432.0,MRPL.NS
2019-01-01,75.69999694824219,75.94999694824219,74.5,75.05000305175781,73.45185089111328,745220.0,MRPL.NS
2019-01-02,74.9000015258789,75.5999984741211,73.0999984741211,73.94999694824219,72.3752670288086,918289.0,MRPL.NS
2019-01-03,74.30000305175781,74.30000305175781,71.75,72.1500015258789,70.61360931396484,890344.0,MRPL.NS
2019-01-04,72.5999984741211,72.8499984741211,71.3499984741211,72.1500015258789,70.61360931396484,835745.0,MRPL.NS
2019-01-07,72.80000305175781,73.0,71.55000305175781,71.9000015258789,70.36892700195312,493801.0,MRPL.NS
2019-01-08,72.4000015258789,72.75,71.69999694824219,72.05000305175781,70.51573181152344,637622.0,MRPL.NS
2019-01-09,72.5999984741211,72.5999984741211,70.5999984741211,71.30000305175781,69.78170013427734,934771.0,MRPL.NS
2019-01-10,71.9000015258789,71.9000015258789,70.05000305175781,71.0,69.48809051513672,1114366.0,MRPL.NS
2019-01-11,71.0,71.69999694824219,70.4000015258789,70.5999984741211,69.09661102294922,699610.0,MRPL.NS
2019-01-14,70.69999694824219,70.94999694824219,68.69999694824219,69.30000305175781,67.82429504394531,1004087.0,MRPL.NS
2019-01-15,69.4000015258789,70.5999984741211,69.4000015258789,70.4000015258789,68.90086364746094,556046.0,MRPL.NS
2019-01-16,70.69999694824219,71.44999694824219,70.0999984741211,70.8499984741211,69.34127807617188,630332.0,MRPL.NS
2019-01-17,70.8499984741211,71.25,69.5999984741211,70.3499984741211,68.8519287109375,678311.0,MRPL.NS
2019-01-18,70.8499984741211,70.8499984741211,69.05000305175781,69.3499984741211,67.87322235107422,737450.0,MRPL.NS
2019-01-21,69.0,69.8499984741211,68.4000015258789,69.05000305175781,67.5796127319336,579455.0,MRPL.NS
2019-01-22,68.9000015258789,69.69999694824219,68.75,69.05000305175781,67.5796127319336,828583.0,MRPL.NS
2019-01-23,69.44999694824219,69.75,68.75,69.1500015258789,67.677490234375,980770.0,MRPL.NS
2019-01-24,69.30000305175781,69.8499984741211,68.80000305175781,69.6500015258789,68.16683959960938,535744.0,MRPL.NS
2019-01-25,69.6500015258789,70.0999984741211,68.05000305175781,68.5,67.04132080078125,613706.0,MRPL.NS
2019-01-28,68.5999984741211,69.8499984741211,67.3499984741211,68.75,67.28600311279297,1358411.0,MRPL.NS
2019-01-29,68.0,68.69999694824219,67.55000305175781,68.1500015258789,66.69878387451172,1217127.0,MRPL.NS
2019-01-30,68.4000015258789,68.69999694824219,66.9000015258789,68.3499984741211,66.89452362060547,1360363.0,MRPL.NS
2019-01-31,68.19999694824219,69.0,66.6500015258789,67.8499984741211,66.40516662597656,1807343.0,MRPL.NS
2019-02-01,67.8499984741211,68.55000305175781,66.9000015258789,67.5,66.06261444091797,676602.0,MRPL.NS
2019-02-04,67.0999984741211,67.3499984741211,64.5,65.25,63.86053466796875,759183.0,MRPL.NS
2019-02-05,65.80000305175781,65.80000305175781,63.29999923706055,64.05000305175781,62.68608856201172,997786.0,MRPL.NS
2019-02-06,63.79999923706055,65.8499984741211,62.650001525878906,65.25,63.86053466796875,1355457.0,MRPL.NS
2019-02-07,65.30000305175781,68.19999694824219,64.69999694824219,66.9000015258789,65.47540283203125,1075685.0,MRPL.NS
2019-02-08,66.4000015258789,68.55000305175781,64.30000305175781,65.44999694824219,64.0562744140625,2044308.0,MRPL.NS
2019-02-11,64.80000305175781,64.80000305175781,63.099998474121094,63.79999923706055,62.441410064697266,481107.0,MRPL.NS
2019-02-12,63.79999923706055,64.80000305175781,63.5,63.849998474121094,62.4903450012207,449576.0,MRPL.NS
2019-02-14,63.95000076293945,64.75,62.79999923706055,64.30000305175781,62.93076705932617,580443.0,MRPL.NS
2019-02-15,64.0,64.5999984741211,63.29999923706055,63.599998474121094,62.24566650390625,537324.0,MRPL.NS
2019-02-18,63.599998474121094,63.95000076293945,62.79999923706055,63.25,61.90312576293945,459290.0,MRPL.NS
2019-02-19,63.099998474121094,64.0,62.0,63.04999923706055,61.70737838745117,991234.0,MRPL.NS
2019-02-20,63.54999923706055,64.25,63.099998474121094,63.650001525878906,62.29460525512695,958658.0,MRPL.NS
2019-02-21,63.75,64.5,63.20000076293945,63.95000076293945,62.588218688964844,867531.0,MRPL.NS
2019-02-22,64.44999694824219,64.44999694824219,62.5,62.95000076293945,61.60951232910156,2088336.0,MRPL.NS
2019-02-25,62.599998474121094,64.19999694824219,62.54999923706055,63.75,62.39247512817383,826828.0,MRPL.NS
2019-02-26,63.900001525878906,65.4000015258789,62.25,64.80000305175781,63.42012023925781,1821293.0,MRPL.NS
2019-02-27,65.5,65.75,63.650001525878906,64.19999694824219,62.832889556884766,1178844.0,MRPL.NS
2019-02-28,64.30000305175781,65.5,63.75,65.1500015258789,63.76266860961914,916327.0,MRPL.NS
2019-03-01,65.1500015258789,68.0,65.0999984741211,67.4000015258789,65.96475219726562,1242440.0,MRPL.NS
2019-03-05,67.5,70.75,67.4000015258789,70.19999694824219,68.70512390136719,1275937.0,MRPL.NS
2019-03-06,71.44999694824219,72.1500015258789,70.05000305175781,71.05000305175781,69.53702545166016,1107848.0,MRPL.NS
2019-03-07,71.5,71.8499984741211,70.30000305175781,70.80000305175781,69.29235076904297,606624.0,MRPL.NS
2019-03-08,70.5,70.69999694824219,68.0,68.55000305175781,67.09026336669922,666414.0,MRPL.NS
2019-03-11,68.5,72.4000015258789,68.5,72.05000305175781,70.51573181152344,1641283.0,MRPL.NS
2019-03-12,72.05000305175781,73.9000015258789,72.05000305175781,73.0999984741211,71.54337310791016,2518617.0,MRPL.NS
2019-03-13,73.5,74.19999694824219,72.19999694824219,73.25,71.69017791748047,942314.0,MRPL.NS
2019-03-14,73.25,73.9000015258789,72.69999694824219,73.5999984741211,72.03272247314453,710661.0,MRPL.NS
2019-03-15,73.8499984741211,74.0999984741211,72.19999694824219,73.44999694824219,71.88591766357422,810377.0,MRPL.NS
2019-03-18,74.19999694824219,74.9000015258789,72.05000305175781,73.0999984741211,71.54337310791016,1072666.0,MRPL.NS
2019-03-19,73.5,76.19999694824219,73.0,74.5999984741211,73.01142120361328,1585547.0,MRPL.NS
2019-03-20,74.55000305175781,74.55000305175781,73.0999984741211,73.5999984741211,72.03272247314453,739358.0,MRPL.NS
2019-03-22,74.0999984741211,74.5,72.4000015258789,73.55000305175781,71.98379516601562,814143.0,MRPL.NS
2019-03-25,72.19999694824219,75.19999694824219,72.19999694824219,73.69999694824219,72.1305923461914,1684125.0,MRPL.NS
2019-03-26,73.69999694824219,75.3499984741211,73.6500015258789,74.5,72.91355895996094,1011732.0,MRPL.NS
2019-03-27,74.1500015258789,75.25,73.6500015258789,74.05000305175781,72.47314453125,1133077.0,MRPL.NS
2019-03-28,74.1500015258789,74.9000015258789,74.0,74.30000305175781,72.71781921386719,862385.0,MRPL.NS
2019-04-01,74.5,75.19999694824219,73.94999694824219,74.25,72.66888427734375,482542.0,MRPL.NS
2019-04-02,74.3499984741211,74.3499984741211,72.8499984741211,73.8499984741211,72.27739715576172,642710.0,MRPL.NS
2019-04-03,74.25,74.25,72.0999984741211,72.55000305175781,71.00508880615234,760371.0,MRPL.NS
2019-04-04,72.5,72.5,69.25,70.55000305175781,69.04767608642578,1175879.0,MRPL.NS
2019-04-05,70.55000305175781,72.3499984741211,70.0999984741211,71.80000305175781,70.27105712890625,662991.0,MRPL.NS
2019-04-08,71.5,72.0,70.5,70.8499984741211,69.34127807617188,449753.0,MRPL.NS
2019-04-09,70.05000305175781,71.25,69.4000015258789,70.0,68.50938415527344,930903.0,MRPL.NS
2019-04-10,69.4000015258789,70.9000015258789,69.4000015258789,70.55000305175781,69.04767608642578,730492.0,MRPL.NS
2019-04-11,70.6500015258789,72.0,70.1500015258789,70.5999984741211,69.09661102294922,920850.0,MRPL.NS
2019-04-12,70.30000305175781,71.80000305175781,70.30000305175781,71.19999694824219,69.68383026123047,446368.0,MRPL.NS
2019-04-15,71.4000015258789,72.0,70.6500015258789,70.94999694824219,69.43914794921875,457776.0,MRPL.NS
2019-04-16,71.0,72.30000305175781,70.94999694824219,71.5999984741211,70.07530975341797,574963.0,MRPL.NS
2019-04-18,71.94999694824219,71.94999694824219,70.05000305175781,70.44999694824219,68.94979858398438,1325537.0,MRPL.NS
2019-04-22,70.44999694824219,70.44999694824219,68.0999984741211,69.5999984741211,68.11790466308594,1182779.0,MRPL.NS
2019-04-23,69.9000015258789,71.0,69.25,70.5999984741211,69.09661102294922,824737.0,MRPL.NS
2019-04-24,70.5,71.6500015258789,69.75,70.80000305175781,69.29235076904297,914697.0,MRPL.NS
2019-04-25,70.69999694824219,71.69999694824219,70.4000015258789,70.6500015258789,69.14554595947266,586839.0,MRPL.NS
2019-04-26,70.30000305175781,72.30000305175781,70.30000305175781,70.6500015258789,69.14554595947266,1115166.0,MRPL.NS
2019-04-30,70.4000015258789,72.9000015258789,70.0999984741211,71.8499984741211,70.31998443603516,1393007.0,MRPL.NS
2019-05-02,72.0,72.5,70.3499984741211,71.0,69.48809051513672,982752.0,MRPL.NS
2019-05-03,70.94999694824219,71.6500015258789,70.3499984741211,70.6500015258789,69.14554595947266,813789.0,MRPL.NS
2019-05-06,70.30000305175781,71.1500015258789,69.5999984741211,70.30000305175781,68.80299377441406,667310.0,MRPL.NS
2019-05-07,70.5999984741211,70.5999984741211,68.19999694824219,68.5999984741211,67.13919830322266,571040.0,MRPL.NS
2019-05-08,68.5,68.5,66.9000015258789,67.19999694824219,65.76900482177734,575662.0,MRPL.NS
2019-05-09,67.0,67.05000305175781,62.70000076293945,64.69999694824219,63.32223892211914,4115417.0,MRPL.NS
2019-05-10,64.4000015258789,65.0,63.5,63.79999923706055,62.441410064697266,788097.0,MRPL.NS
2019-05-13,63.54999923706055,64.19999694824219,61.5,62.54999923706055,61.2180290222168,1768843.0,MRPL.NS
2019-05-14,62.79999923706055,64.25,61.54999923706055,63.29999923706055,61.952056884765625,3054832.0,MRPL.NS
2019-05-15,63.099998474121094,63.599998474121094,62.5,63.099998474121094,61.75631332397461,1387931.0,MRPL.NS
2019-05-16,63.400001525878906,63.900001525878906,62.0,62.5,61.16909408569336,1497366.0,MRPL.NS
2019-05-17,62.79999923706055,64.5,62.0,62.25,60.92441940307617,507843.0,MRPL.NS
2019-05-20,63.25,65.0,62.400001525878906,62.95000076293945,61.60951232910156,2682346.0,MRPL.NS
2019-05-21,63.150001525878906,63.54999923706055,60.25,61.70000076293945,60.38612747192383,1834868.0,MRPL.NS
2019-05-22,61.95000076293945,62.75,60.849998474121094,62.0,60.67974090576172,4062002.0,MRPL.NS
2019-05-23,63.0,63.75,61.79999923706055,62.70000076293945,61.36483383178711,2233129.0,MRPL.NS
2019-05-24,64.25,64.25,62.29999923706055,62.95000076293945,61.60951232910156,3177413.0,MRPL.NS
2019-05-27,62.900001525878906,63.29999923706055,61.900001525878906,62.650001525878906,61.31589889526367,2397471.0,MRPL.NS
2019-05-28,62.599998474121094,65.69999694824219,62.599998474121094,64.69999694824219,63.32223892211914,2314721.0,MRPL.NS
2019-05-29,65.05000305175781,65.1500015258789,63.0,63.349998474121094,62.00099182128906,1099196.0,MRPL.NS
2019-05-30,63.5,63.5,62.20000076293945,62.400001525878906,62.050716400146484,1191900.0,MRPL.NS
2019-05-31,63.25,63.75,62.400001525878906,63.29999923706055,62.945674896240234,1677043.0,MRPL.NS
2019-06-03,64.0,64.80000305175781,63.150001525878906,63.29999923706055,62.945674896240234,1290636.0,MRPL.NS
2019-06-04,63.29999923706055,63.54999923706055,62.599998474121094,63.0,62.64735412597656,923174.0,MRPL.NS
2019-06-06,63.0,63.349998474121094,61.20000076293945,61.70000076293945,61.35463333129883,1597952.0,MRPL.NS
2019-06-07,61.5,61.599998474121094,60.150001525878906,60.54999923706055,60.21106719970703,764247.0,MRPL.NS
2019-06-10,60.5,60.95000076293945,58.20000076293945,59.45000076293945,59.117225646972656,1057914.0,MRPL.NS
2019-06-11,60.099998474121094,60.45000076293945,58.29999923706055,60.25,59.912750244140625,841930.0,MRPL.NS
2019-06-12,60.20000076293945,61.20000076293945,59.79999923706055,60.54999923706055,60.21106719970703,839246.0,MRPL.NS
2019-06-13,60.95000076293945,60.95000076293945,58.900001525878906,59.0,58.66974639892578,766309.0,MRPL.NS
2019-06-14,58.25,59.54999923706055,57.79999923706055,59.0,58.66974639892578,1464093.0,MRPL.NS
2019-06-17,58.599998474121094,59.20000076293945,58.29999923706055,59.0,58.66974639892578,632685.0,MRPL.NS
2019-06-18,58.900001525878906,59.45000076293945,58.79999923706055,59.20000076293945,58.86862564086914,833284.0,MRPL.NS
2019-06-19,58.95000076293945,59.5,58.54999923706055,59.0,58.66974639892578,1716458.0,MRPL.NS
2019-06-20,59.0,60.25,58.599998474121094,59.849998474121094,59.51498794555664,539242.0,MRPL.NS
2019-06-21,59.849998474121094,62.70000076293945,59.29999923706055,61.54999923706055,61.20547103881836,1406584.0,MRPL.NS
2019-06-24,61.54999923706055,61.70000076293945,59.400001525878906,60.849998474121094,60.5093879699707,556201.0,MRPL.NS
2019-06-25,60.400001525878906,62.599998474121094,59.25,61.599998474121094,61.255191802978516,838163.0,MRPL.NS
2019-06-26,62.0,63.5,61.5,63.0,62.64735412597656,1421968.0,MRPL.NS
2019-06-27,63.29999923706055,63.29999923706055,60.54999923706055,60.849998474121094,60.5093879699707,1480020.0,MRPL.NS
2019-06-28,61.0,61.04999923706055,60.25,60.400001525878906,60.06190872192383,245899.0,MRPL.NS
2019-07-01,60.70000076293945,60.900001525878906,59.70000076293945,60.20000076293945,59.86302947998047,459301.0,MRPL.NS
2019-07-02,60.099998474121094,60.54999923706055,59.70000076293945,60.20000076293945,59.86302947998047,317828.0,MRPL.NS
2019-07-03,60.900001525878906,60.95000076293945,60.0,60.349998474121094,60.01218795776367,321165.0,MRPL.NS
2019-07-04,60.20000076293945,60.70000076293945,60.0,60.25,59.912750244140625,308836.0,MRPL.NS
2019-07-05,60.400001525878906,60.400001525878906,59.400001525878906,59.599998474121094,59.26638412475586,350557.0,MRPL.NS
2019-07-08,59.0,60.400001525878906,58.0,58.95000076293945,58.620025634765625,470902.0,MRPL.NS
2019-07-09,59.04999923706055,59.20000076293945,58.150001525878906,58.70000076293945,58.37142562866211,300259.0,MRPL.NS
2019-07-10,58.75,59.400001525878906,58.0,58.54999923706055,58.22226333618164,230677.0,MRPL.NS
2019-07-11,58.849998474121094,61.0,58.5,60.45000076293945,60.111629486083984,338748.0,MRPL.NS
2019-07-12,60.599998474121094,60.95000076293945,59.400001525878906,59.849998474121094,59.51498794555664,214555.0,MRPL.NS
2019-07-15,60.099998474121094,61.29999923706055,59.25,60.150001525878906,59.81330871582031,357138.0,MRPL.NS
2019-07-16,60.150001525878906,60.400001525878906,59.5,59.79999923706055,59.465267181396484,387551.0,MRPL.NS
2019-07-17,60.5,60.5,58.849998474121094,59.400001525878906,59.067508697509766,361742.0,MRPL.NS
2019-07-18,59.400001525878906,59.599998474121094,57.75,58.0,57.67534255981445,279212.0,MRPL.NS
2019-07-19,58.79999923706055,58.79999923706055,57.20000076293945,57.95000076293945,57.62562561035156,274126.0,MRPL.NS
2019-07-22,57.5,57.75,55.75,57.099998474121094,56.78038024902344,223599.0,MRPL.NS
2019-07-23,57.099998474121094,57.29999923706055,56.099998474121094,56.5,56.183738708496094,261754.0,MRPL.NS
2019-07-24,56.599998474121094,56.95000076293945,53.5,53.95000076293945,53.648014068603516,512303.0,MRPL.NS
2019-07-25,53.79999923706055,55.0,53.0,54.54999923706055,54.24465560913086,485734.0,MRPL.NS
2019-07-26,54.54999923706055,55.650001525878906,54.5,55.0,54.692134857177734,246445.0,MRPL.NS
2019-07-29,54.599998474121094,55.900001525878906,54.099998474121094,55.29999923706055,54.990455627441406,233470.0,MRPL.NS
2019-07-30,54.45000076293945,55.45000076293945,53.650001525878906,54.70000076293945,54.39381408691406,360861.0,MRPL.NS
2019-07-31,54.04999923706055,62.70000076293945,53.25,59.849998474121094,59.51498794555664,869404.0,MRPL.NS
2019-08-01,59.0,59.0,54.5,56.54999923706055,56.23345947265625,671311.0,MRPL.NS
2019-08-02,57.04999923706055,57.29999923706055,55.04999923706055,55.650001525878906,55.338497161865234,464843.0,MRPL.NS
2019-08-05,52.099998474121094,53.95000076293945,50.0,50.900001525878906,50.61508560180664,651923.0,MRPL.NS
2019-08-06,50.0,51.95000076293945,50.0,51.650001525878906,51.36088943481445,354447.0,MRPL.NS
2019-08-07,51.25,53.29999923706055,51.25,52.75,52.45473098754883,266588.0,MRPL.NS
2019-08-08,51.400001525878906,53.5,51.400001525878906,52.45000076293945,52.156410217285156,236519.0,MRPL.NS
2019-08-09,52.04999923706055,53.400001525878906,51.70000076293945,52.29999923706055,52.00724792480469,201238.0,MRPL.NS
2019-08-13,52.099998474121094,52.29999923706055,50.349998474121094,50.54999923706055,50.26704406738281,230790.0,MRPL.NS
2019-08-14,50.54999923706055,51.20000076293945,50.0,50.599998474121094,50.31676483154297,217122.0,MRPL.NS
2019-08-16,50.599998474121094,50.849998474121094,50.04999923706055,50.5,50.217323303222656,202351.0,MRPL.NS
2019-08-19,50.5,51.0,50.29999923706055,50.75,50.46592712402344,147890.0,MRPL.NS
2019-08-20,50.25,50.5,48.0,48.400001525878906,48.12908172607422,466702.0,MRPL.NS
2019-08-21,48.400001525878906,48.5,46.54999923706055,47.099998474121094,46.83635330200195,398741.0,MRPL.NS
2019-08-22,47.099998474121094,47.25,45.599998474121094,45.900001525878906,45.64307403564453,132673.0,MRPL.NS
2019-08-23,44.900001525878906,47.900001525878906,44.0,45.75,45.49391174316406,535197.0,MRPL.NS
2019-08-26,46.650001525878906,46.75,43.0,44.900001525878906,44.64867401123047,438387.0,MRPL.NS
2019-08-27,45.400001525878906,47.5,45.0,46.95000076293945,46.68719482421875,275128.0,MRPL.NS
2019-08-28,47.0,47.45000076293945,46.5,47.20000076293945,46.93579864501953,176575.0,MRPL.NS
2019-08-29,47.20000076293945,47.20000076293945,45.650001525878906,46.04999923706055,45.792232513427734,238600.0,MRPL.NS
2019-08-30,45.599998474121094,46.650001525878906,45.599998474121094,45.95000076293945,45.69279479980469,150065.0,MRPL.NS
2019-09-03,45.95000076293945,46.150001525878906,44.5,45.400001525878906,45.1458740234375,106265.0,MRPL.NS
2019-09-04,45.04999923706055,45.5,44.599998474121094,45.349998474121094,45.09614944458008,144177.0,MRPL.NS
2019-09-05,45.70000076293945,49.650001525878906,45.29999923706055,46.75,46.48831558227539,752047.0,MRPL.NS
2019-09-06,46.75,47.20000076293945,45.400001525878906,46.75,46.48831558227539,207121.0,MRPL.NS
2019-09-09,46.70000076293945,46.75,45.79999923706055,46.0,45.74251174926758,205764.0,MRPL.NS
2019-09-11,46.400001525878906,47.599998474121094,46.400001525878906,47.349998474121094,47.084957122802734,232910.0,MRPL.NS
2019-09-12,48.349998474121094,48.400001525878906,47.29999923706055,47.79999923706055,47.53243637084961,302348.0,MRPL.NS
2019-09-13,47.79999923706055,52.900001525878906,46.599998474121094,51.650001525878906,51.36088943481445,1146739.0,MRPL.NS
2019-09-16,52.5,52.5,51.0,51.79999923706055,51.510047912597656,984829.0,MRPL.NS
2019-09-17,52.0,52.0,48.75,49.150001525878906,48.874881744384766,349383.0,MRPL.NS
2019-09-18,50.0,52.0,48.79999923706055,49.5,49.222923278808594,462792.0,MRPL.NS
2019-09-19,50.0,50.04999923706055,47.70000076293945,48.20000076293945,47.930198669433594,201839.0,MRPL.NS
2019-09-20,48.599998474121094,49.95000076293945,46.20000076293945,47.0,46.736915588378906,1955263.0,MRPL.NS
2019-09-23,51.79999923706055,51.79999923706055,48.29999923706055,48.95000076293945,48.676002502441406,1018545.0,MRPL.NS
2019-09-24,49.0,49.400001525878906,47.70000076293945,48.20000076293945,47.930198669433594,359880.0,MRPL.NS
2019-09-25,47.5,48.95000076293945,46.5,46.79999923706055,46.53803634643555,368459.0,MRPL.NS
2019-09-26,46.650001525878906,50.45000076293945,46.650001525878906,48.900001525878906,48.62628173828125,1079302.0,MRPL.NS
2019-09-27,49.25,49.25,47.75,48.099998474121094,47.83075714111328,320579.0,MRPL.NS
2019-09-30,48.79999923706055,50.29999923706055,48.0,48.5,48.228519439697266,1164311.0,MRPL.NS
2019-10-01,49.25,51.75,47.650001525878906,48.29999923706055,48.029640197753906,1724235.0,MRPL.NS
2019-10-03,48.79999923706055,51.79999923706055,48.20000076293945,51.349998474121094,51.062564849853516,1709502.0,MRPL.NS
2019-10-04,52.79999923706055,53.5,51.099998474121094,51.79999923706055,51.510047912597656,1825587.0,MRPL.NS
2019-10-07,51.70000076293945,51.70000076293945,48.70000076293945,49.650001525878906,49.37208557128906,651789.0,MRPL.NS
2019-10-09,49.650001525878906,50.900001525878906,49.20000076293945,50.54999923706055,50.26704406738281,452823.0,MRPL.NS
2019-10-10,50.5,50.900001525878906,49.79999923706055,50.650001525878906,50.366485595703125,280748.0,MRPL.NS
2019-10-11,50.650001525878906,51.45000076293945,50.54999923706055,50.900001525878906,50.61508560180664,321437.0,MRPL.NS
2019-10-14,50.900001525878906,51.5,50.45000076293945,51.29999923706055,51.01284408569336,214077.0,MRPL.NS
2019-10-15,51.0,51.900001525878906,50.75,51.54999923706055,51.26144790649414,214740.0,MRPL.NS
2019-10-16,51.900001525878906,52.5,51.45000076293945,51.599998474121094,51.31116485595703,285156.0,MRPL.NS
2019-10-17,51.599998474121094,51.849998474121094,50.70000076293945,51.5,51.211727142333984,209320.0,MRPL.NS
2019-10-18,51.95000076293945,52.79999923706055,48.599998474121094,49.0,48.7257194519043,897694.0,MRPL.NS
2019-10-22,51.599998474121094,51.900001525878906,50.5,51.5,51.211727142333984,1040783.0,MRPL.NS
2019-10-23,50.70000076293945,51.45000076293945,50.25,50.45000076293945,50.167606353759766,310645.0,MRPL.NS
2019-10-24,50.79999923706055,50.79999923706055,49.099998474121094,49.150001525878906,48.874881744384766,343845.0,MRPL.NS
2019-10-25,49.25,49.400001525878906,48.25,48.5,48.228519439697266,525243.0,MRPL.NS
2019-10-27,48.599998474121094,49.400001525878906,48.5,49.20000076293945,48.92460250854492,43576.0,MRPL.NS
2019-10-29,49.400001525878906,50.70000076293945,48.54999923706055,50.54999923706055,50.26704406738281,489128.0,MRPL.NS
2019-10-30,51.70000076293945,52.900001525878906,50.70000076293945,52.29999923706055,52.00724792480469,888382.0,MRPL.NS
2019-10-31,52.400001525878906,55.5,51.349998474121094,54.650001525878906,54.34409713745117,1052095.0,MRPL.NS
2019-11-01,55.5,56.599998474121094,53.25,53.54999923706055,53.25025177001953,864030.0,MRPL.NS
2019-11-04,54.20000076293945,54.25,52.099998474121094,52.599998474121094,52.30556869506836,450248.0,MRPL.NS
2019-11-05,51.95000076293945,51.95000076293945,50.150001525878906,50.400001525878906,50.11788558959961,540818.0,MRPL.NS
2019-11-06,50.5,51.5,49.75,50.70000076293945,50.41620635986328,525964.0,MRPL.NS
2019-11-07,51.400001525878906,51.400001525878906,49.599998474121094,49.95000076293945,49.67040252685547,333397.0,MRPL.NS
2019-11-08,50.150001525878906,50.150001525878906,48.5,48.75,48.47711944580078,421272.0,MRPL.NS
2019-11-11,49.0,49.04999923706055,48.0,48.25,47.97991943359375,420340.0,MRPL.NS
2019-11-13,48.29999923706055,49.20000076293945,48.0,48.099998474121094,47.83075714111328,224301.0,MRPL.NS
2019-11-14,48.099998474121094,48.650001525878906,47.45000076293945,48.29999923706055,48.029640197753906,194191.0,MRPL.NS
2019-11-15,48.099998474121094,48.54999923706055,47.54999923706055,47.75,47.48271942138672,145505.0,MRPL.NS
2019-11-18,48.0,48.5,47.5,47.70000076293945,47.43299865722656,159705.0,MRPL.NS
2019-11-19,47.75,48.25,47.45000076293945,47.79999923706055,47.53243637084961,166601.0,MRPL.NS
2019-11-20,48.0,49.5,48.0,48.5,48.228519439697266,278045.0,MRPL.NS
2019-11-21,48.29999923706055,48.5,47.400001525878906,47.54999923706055,47.283836364746094,139644.0,MRPL.NS
2019-11-22,47.75,48.099998474121094,47.349998474121094,47.79999923706055,47.53243637084961,135895.0,MRPL.NS
2019-11-25,48.95000076293945,48.95000076293945,48.0,48.099998474121094,47.83075714111328,149009.0,MRPL.NS
2019-11-26,48.849998474121094,48.849998474121094,47.70000076293945,47.79999923706055,47.53243637084961,126761.0,MRPL.NS
2019-11-27,47.79999923706055,48.349998474121094,47.5,47.599998474121094,47.33355712890625,136246.0,MRPL.NS
2019-11-28,47.599998474121094,48.150001525878906,47.400001525878906,47.79999923706055,47.53243637084961,116917.0,MRPL.NS
2019-11-29,48.29999923706055,48.29999923706055,47.45000076293945,47.650001525878906,47.383277893066406,121646.0,MRPL.NS
2019-12-02,48.0,48.0,47.0,47.20000076293945,46.93579864501953,141789.0,MRPL.NS
2019-12-03,47.20000076293945,47.29999923706055,46.400001525878906,46.5,46.239715576171875,106181.0,MRPL.NS
2019-12-04,46.099998474121094,46.79999923706055,46.0,46.5,46.239715576171875,116923.0,MRPL.NS
2019-12-05,46.54999923706055,47.95000076293945,46.29999923706055,47.20000076293945,46.93579864501953,268943.0,MRPL.NS
2019-12-06,47.95000076293945,48.0,46.0,46.29999923706055,46.04083251953125,196629.0,MRPL.NS
2019-12-09,46.29999923706055,46.95000076293945,45.75,46.0,45.74251174926758,205065.0,MRPL.NS
2019-12-10,46.349998474121094,46.45000076293945,44.70000076293945,45.04999923706055,44.797828674316406,184036.0,MRPL.NS
2019-12-11,45.150001525878906,46.349998474121094,44.599998474121094,44.95000076293945,44.69839096069336,238435.0,MRPL.NS
2019-12-12,45.0,45.900001525878906,44.75,44.79999923706055,44.54922866821289,249028.0,MRPL.NS
2019-12-13,45.099998474121094,45.400001525878906,44.29999923706055,44.45000076293945,44.20119094848633,326223.0,MRPL.NS
2019-12-16,44.95000076293945,44.95000076293945,43.599998474121094,43.79999923706055,43.55482864379883,271714.0,MRPL.NS
2019-12-17,43.900001525878906,44.04999923706055,42.54999923706055,42.70000076293945,42.46098709106445,766704.0,MRPL.NS
2019-12-18,42.599998474121094,42.79999923706055,39.650001525878906,41.5,41.267704010009766,1050253.0,MRPL.NS
2019-12-19,41.5,41.5,40.54999923706055,41.0,40.77050018310547,819514.0,MRPL.NS
2019-12-20,41.29999923706055,41.900001525878906,41.0,41.25,41.019100189208984,639816.0,MRPL.NS
2019-12-23,41.0,41.45000076293945,40.79999923706055,41.0,40.77050018310547,158313.0,MRPL.NS
2019-12-24,41.0,41.0,40.29999923706055,40.79999923706055,40.57162094116211,165511.0,MRPL.NS
2019-12-26,40.849998474121094,41.0,40.400001525878906,40.70000076293945,40.4721794128418,171798.0,MRPL.NS
2019-12-27,40.54999923706055,42.75,40.54999923706055,42.599998474121094,42.361541748046875,532705.0,MRPL.NS
2019-12-30,42.75,44.20000076293945,41.75,43.95000076293945,43.7039909362793,524626.0,MRPL.NS
2019-12-31,44.29999923706055,45.04999923706055,43.25,44.95000076293945,44.69839096069336,872322.0,MRPL.NS
2020-01-01,45.0,45.150001525878906,43.400001525878906,43.70000076293945,43.455387115478516,263049.0,MRPL.NS
2020-01-02,44.099998474121094,44.400001525878906,42.900001525878906,44.0,43.75370788574219,437588.0,MRPL.NS
2020-01-03,43.70000076293945,44.5,43.70000076293945,43.95000076293945,43.7039909362793,280877.0,MRPL.NS
2020-01-06,43.95000076293945,44.150001525878906,42.70000076293945,42.95000076293945,42.70958709716797,232448.0,MRPL.NS
2020-01-07,43.150001525878906,43.650001525878906,42.849998474121094,43.099998474121094,42.85874557495117,168475.0,MRPL.NS
2020-01-08,42.25,42.900001525878906,42.150001525878906,42.54999923706055,42.311824798583984,121246.0,MRPL.NS
2020-01-09,43.45000076293945,43.900001525878906,43.150001525878906,43.400001525878906,43.15707015991211,214766.0,MRPL.NS
2020-01-10,43.400001525878906,49.20000076293945,43.400001525878906,45.400001525878906,45.1458740234375,8081904.0,MRPL.NS
2020-01-13,45.900001525878906,46.349998474121094,44.20000076293945,45.0,44.748111724853516,5471429.0,MRPL.NS
2020-01-14,45.20000076293945,46.5,44.650001525878906,44.849998474121094,44.59894943237305,2857722.0,MRPL.NS
2020-01-15,44.900001525878906,45.75,44.650001525878906,45.349998474121094,45.09614944458008,868471.0,MRPL.NS
2020-01-16,45.599998474121094,48.79999923706055,45.54999923706055,47.25,46.98551559448242,8358908.0,MRPL.NS
2020-01-17,47.70000076293945,47.900001525878906,46.150001525878906,46.70000076293945,46.438594818115234,1322273.0,MRPL.NS
2020-01-20,48.599998474121094,48.79999923706055,46.45000076293945,46.650001525878906,46.388877868652344,1766160.0,MRPL.NS
2020-01-21,46.29999923706055,46.650001525878906,45.04999923706055,45.5,45.24531173706055,890009.0,MRPL.NS
2020-01-22,45.650001525878906,46.0,44.79999923706055,44.900001525878906,44.64867401123047,843712.0,MRPL.NS
2020-01-23,45.20000076293945,45.75,44.29999923706055,44.95000076293945,44.69839096069336,863969.0,MRPL.NS
2020-01-24,45.45000076293945,47.400001525878906,45.20000076293945,47.04999923706055,46.78663635253906,1591573.0,MRPL.NS
2020-01-27,47.29999923706055,48.20000076293945,46.95000076293945,47.95000076293945,47.68159866333008,1522330.0,MRPL.NS
2020-01-28,48.0,48.349998474121094,46.0,46.25,45.99111557006836,640807.0,MRPL.NS
2020-01-29,46.650001525878906,46.75,46.0,46.400001525878906,46.14027786254883,290964.0,MRPL.NS
2020-01-30,46.04999923706055,46.70000076293945,44.150001525878906,45.20000076293945,44.946990966796875,541610.0,MRPL.NS
2020-01-31,44.849998474121094,46.25,43.70000076293945,46.04999923706055,45.792232513427734,809305.0,MRPL.NS
2020-02-03,43.20000076293945,44.849998474121094,42.599998474121094,42.900001525878906,42.65986633300781,403600.0,MRPL.NS
2020-02-04,43.900001525878906,43.900001525878906,42.099998474121094,42.400001525878906,42.16266632080078,748958.0,MRPL.NS
2020-02-05,42.70000076293945,43.0,42.25,42.70000076293945,42.46098709106445,330092.0,MRPL.NS
2020-02-06,42.95000076293945,43.5,42.599998474121094,43.099998474121094,42.85874557495117,359746.0,MRPL.NS
2020-02-07,43.20000076293945,43.5,43.0,43.04999923706055,42.809024810791016,203768.0,MRPL.NS
2020-02-10,43.400001525878906,43.400001525878906,42.599998474121094,42.900001525878906,42.65986633300781,205940.0,MRPL.NS
2020-02-11,43.0,43.29999923706055,42.5,42.650001525878906,42.4112663269043,238127.0,MRPL.NS
2020-02-12,42.900001525878906,43.20000076293945,42.099998474121094,42.349998474121094,42.11294174194336,645128.0,MRPL.NS
2020-02-13,42.04999923706055,43.0,42.04999923706055,42.400001525878906,42.16266632080078,230696.0,MRPL.NS
2020-02-14,42.70000076293945,43.70000076293945,42.099998474121094,42.25,42.01350402832031,361803.0,MRPL.NS
2020-02-17,42.29999923706055,42.5,40.900001525878906,41.04999923706055,40.820220947265625,250271.0,MRPL.NS
2020-02-18,41.150001525878906,41.20000076293945,39.599998474121094,40.25,40.02470016479492,452457.0,MRPL.NS
2020-02-19,41.45000076293945,41.45000076293945,40.04999923706055,40.400001525878906,40.17386245727539,388985.0,MRPL.NS
2020-02-20,40.45000076293945,41.45000076293945,40.099998474121094,41.099998474121094,40.86994171142578,555863.0,MRPL.NS
2020-02-24,40.599998474121094,41.5,40.54999923706055,40.95000076293945,40.72078323364258,445891.0,MRPL.NS
2020-02-25,40.95000076293945,40.95000076293945,40.04999923706055,40.20000076293945,39.974979400634766,194761.0,MRPL.NS
2020-02-26,40.0,40.349998474121094,39.5,39.650001525878906,39.42805862426758,265469.0,MRPL.NS
2020-02-27,39.599998474121094,39.650001525878906,38.0,38.29999923706055,38.08561325073242,300705.0,MRPL.NS
2020-02-28,34.54999923706055,38.70000076293945,34.54999923706055,38.0,37.78729248046875,703574.0,MRPL.NS
2020-03-02,38.0,38.95000076293945,37.70000076293945,38.0,37.78729248046875,314422.0,MRPL.NS
2020-03-03,37.400001525878906,38.650001525878906,37.400001525878906,38.04999923706055,37.837013244628906,440887.0,MRPL.NS
2020-03-04,38.04999923706055,38.25,37.0,38.099998474121094,37.88673400878906,411908.0,MRPL.NS
2020-03-05,38.0,38.29999923706055,37.5,37.849998474121094,37.63813018798828,406315.0,MRPL.NS
2020-03-06,37.0,37.20000076293945,36.45000076293945,37.0,36.79289245605469,225732.0,MRPL.NS
2020-03-09,36.54999923706055,38.54999923706055,36.54999923706055,37.150001525878906,36.942054748535156,433946.0,MRPL.NS
2020-03-11,36.95000076293945,38.0,36.79999923706055,37.0,36.79289245605469,322382.0,MRPL.NS
2020-03-12,36.04999923706055,36.349998474121094,34.0,35.849998474121094,35.64932632446289,814424.0,MRPL.NS
2020-03-13,33.900001525878906,38.0,28.700000762939453,37.099998474121094,36.892330169677734,959269.0,MRPL.NS
2020-03-16,34.29999923706055,37.20000076293945,34.29999923706055,36.400001525878906,36.196250915527344,234736.0,MRPL.NS
2020-03-17,36.599998474121094,37.0,34.25,34.349998474121094,34.15772247314453,321838.0,MRPL.NS
2020-03-18,34.599998474121094,34.75,31.950000762939453,32.400001525878906,32.21864318847656,308168.0,MRPL.NS
2020-03-19,32.0,32.29999923706055,28.799999237060547,29.0,28.837671279907227,721597.0,MRPL.NS
2020-03-20,29.450000762939453,30.799999237060547,28.0,28.450000762939453,28.29075050354004,815858.0,MRPL.NS
2020-03-23,27.0,27.0,22.799999237060547,22.799999237060547,22.672374725341797,1093115.0,MRPL.NS
2020-03-24,23.799999237060547,24.149999618530273,20.75,22.700000762939453,22.57293701171875,325950.0,MRPL.NS
2020-03-25,22.549999237060547,23.100000381469727,21.100000381469727,22.850000381469727,22.722097396850586,332169.0,MRPL.NS
2020-03-26,23.5,24.0,21.200000762939453,23.25,23.119857788085938,330620.0,MRPL.NS
2020-03-27,24.100000381469727,24.899999618530273,23.0,23.399999618530273,23.269018173217773,353244.0,MRPL.NS
2020-03-30,23.149999618530273,23.399999618530273,21.950000762939453,22.299999237060547,22.175174713134766,275069.0,MRPL.NS
2020-03-31,22.450000762939453,23.649999618530273,22.299999237060547,23.149999618530273,23.020416259765625,468076.0,MRPL.NS
2020-04-01,23.100000381469727,23.649999618530273,22.299999237060547,23.450000762939453,23.31873893737793,240533.0,MRPL.NS
2020-04-03,24.0,24.0,23.0,23.549999237060547,23.418176651000977,307876.0,MRPL.NS
2020-04-07,24.899999618530273,24.899999618530273,23.700000762939453,24.399999618530273,24.26342010498047,473496.0,MRPL.NS
2020-04-08,24.100000381469727,25.0,23.850000381469727,24.299999237060547,24.163978576660156,461744.0,MRPL.NS
2020-04-09,25.0,26.399999618530273,24.200000762939453,26.049999237060547,25.904184341430664,524172.0,MRPL.NS
2020-04-13,26.75,27.950000762939453,26.450000762939453,27.149999618530273,26.99802589416504,490443.0,MRPL.NS
2020-04-15,28.200000762939453,28.399999618530273,27.399999618530273,28.0,27.84326934814453,423390.0,MRPL.NS
2020-04-16,28.0,29.850000381469727,27.600000381469727,29.5,29.33487319946289,779342.0,MRPL.NS
2020-04-17,30.5,34.79999923706055,29.899999618530273,33.25,33.063880920410156,1627200.0,MRPL.NS
2020-04-20,34.599998474121094,36.400001525878906,34.0,34.650001525878906,34.45604705810547,1936189.0,MRPL.NS
2020-04-21,34.79999923706055,34.79999923706055,31.899999618530273,32.20000076293945,32.01976013183594,664629.0,MRPL.NS
2020-04-22,31.200000762939453,32.599998474121094,30.100000381469727,31.799999237060547,31.621997833251953,405486.0,MRPL.NS
2020-04-23,32.0,35.45000076293945,31.700000762939453,32.150001525878906,31.970041275024414,1206975.0,MRPL.NS
2020-04-24,32.95000076293945,32.95000076293945,31.799999237060547,32.349998474121094,32.16891860961914,422785.0,MRPL.NS
2020-04-27,34.0,35.099998474121094,32.599998474121094,32.75,32.566680908203125,416261.0,MRPL.NS
2020-04-28,33.400001525878906,33.70000076293945,32.099998474121094,32.349998474121094,32.16891860961914,394311.0,MRPL.NS
2020-04-29,32.5,32.75,31.899999618530273,32.0,31.820878982543945,341776.0,MRPL.NS
2020-04-30,32.5,32.900001525878906,32.0,32.45000076293945,32.26836013793945,582193.0,MRPL.NS
2020-05-04,31.899999618530273,33.150001525878906,31.0,31.25,31.075077056884766,272353.0,MRPL.NS
2020-05-05,32.0,32.54999923706055,31.0,31.149999618530273,30.975637435913086,301140.0,MRPL.NS
2020-05-06,32.70000076293945,32.70000076293945,30.299999237060547,30.850000381469727,30.677316665649414,352146.0,MRPL.NS
2020-05-07,30.5,31.149999618530273,30.25,30.399999618530273,30.229835510253906,164982.0,MRPL.NS
2020-05-08,30.5,31.049999237060547,29.399999618530273,29.700000762939453,29.533754348754883,263323.0,MRPL.NS
2020-05-11,30.450000762939453,30.5,28.5,28.649999618530273,28.4896297454834,631043.0,MRPL.NS
2020-05-12,28.649999618530273,28.950000762939453,27.600000381469727,27.799999237060547,27.64438819885254,502819.0,MRPL.NS
2020-05-13,29.899999618530273,29.899999618530273,28.0,28.299999237060547,28.14158821105957,605104.0,MRPL.NS
2020-05-14,28.299999237060547,28.799999237060547,27.549999237060547,28.350000381469727,28.19131088256836,340756.0,MRPL.NS
2020-05-15,28.950000762939453,29.200000762939453,28.200000762939453,28.450000762939453,28.29075050354004,355527.0,MRPL.NS
2020-05-18,28.5,29.450000762939453,27.299999237060547,27.75,27.594669342041016,275055.0,MRPL.NS
2020-05-19,28.0,28.75,27.5,27.600000381469727,27.44550895690918,302072.0,MRPL.NS
2020-05-20,27.5,28.200000762939453,27.299999237060547,27.450000762939453,27.296348571777344,383864.0,MRPL.NS
2020-05-21,27.100000381469727,27.75,27.0,27.049999237060547,26.89858627319336,361828.0,MRPL.NS
2020-05-22,27.399999618530273,27.450000762939453,26.5,26.600000381469727,26.45110511779785,396885.0,MRPL.NS
2020-05-26,27.200000762939453,27.200000762939453,26.649999618530273,26.899999618530273,26.749425888061523,192484.0,MRPL.NS
2020-05-27,27.100000381469727,27.200000762939453,26.200000762939453,26.649999618530273,26.500825881958008,455595.0,MRPL.NS
2020-05-28,27.100000381469727,28.5,27.0,27.899999618530273,27.74382781982422,558069.0,MRPL.NS
2020-05-29,28.0,29.25,27.600000381469727,28.700000762939453,28.539352416992188,1017173.0,MRPL.NS
2020-06-01,29.049999237060547,32.75,29.049999237060547,31.399999618530273,31.2242374420166,4189636.0,MRPL.NS
2020-06-02,32.349998474121094,32.349998474121094,30.700000762939453,31.049999237060547,30.876195907592773,1013506.0,MRPL.NS
2020-06-03,31.649999618530273,31.950000762939453,31.0,31.149999618530273,30.975637435913086,834548.0,MRPL.NS
2020-06-04,31.299999237060547,32.099998474121094,30.549999237060547,30.700000762939453,30.528156280517578,683506.0,MRPL.NS
2020-06-05,30.5,32.0,30.5,31.799999237060547,31.621997833251953,1366529.0,MRPL.NS
2020-06-08,32.150001525878906,34.29999923706055,32.150001525878906,33.0,32.81528091430664,2330804.0,MRPL.NS
2020-06-09,33.75,34.650001525878906,33.0,33.29999923706055,33.11360168457031,1685705.0,MRPL.NS
2020-06-10,32.45000076293945,33.400001525878906,31.25,33.099998474121094,32.91471862792969,1910977.0,MRPL.NS
2020-06-11,32.79999923706055,33.20000076293945,31.899999618530273,32.20000076293945,32.01976013183594,1066353.0,MRPL.NS
2020-06-12,31.0,34.25,30.600000381469727,32.70000076293945,32.51696014404297,1581528.0,MRPL.NS
2020-06-15,33.0,33.20000076293945,32.099998474121094,32.29999923706055,32.119197845458984,529843.0,MRPL.NS
2020-06-16,32.70000076293945,33.349998474121094,32.099998474121094,32.45000076293945,32.26836013793945,929944.0,MRPL.NS
2020-06-17,32.45000076293945,32.849998474121094,31.799999237060547,32.29999923706055,32.119197845458984,444601.0,MRPL.NS
2020-06-18,32.400001525878906,33.0,32.099998474121094,32.599998474121094,32.417518615722656,557405.0,MRPL.NS
2020-06-19,33.0,33.349998474121094,32.0,32.150001525878906,31.970041275024414,547689.0,MRPL.NS
2020-06-22,32.70000076293945,34.0,32.5,33.099998474121094,32.91471862792969,1220306.0,MRPL.NS
2020-06-23,33.20000076293945,35.70000076293945,32.849998474121094,35.29999923706055,35.1024055480957,3436311.0,MRPL.NS
2020-06-24,36.25,42.349998474121094,36.25,41.75,41.51630401611328,22945587.0,MRPL.NS
2020-06-25,40.75,40.95000076293945,37.0,39.400001525878906,39.17945861816406,5418713.0,MRPL.NS
2020-06-26,40.400001525878906,41.0,39.0,39.20000076293945,38.9805793762207,2848679.0,MRPL.NS
2020-06-29,39.150001525878906,39.650001525878906,37.70000076293945,38.20000076293945,37.986175537109375,1292924.0,MRPL.NS
2020-06-30,38.400001525878906,38.54999923706055,36.5,36.650001525878906,36.44485092163086,1093991.0,MRPL.NS
2020-07-01,36.599998474121094,37.650001525878906,36.25,36.900001525878906,36.693450927734375,864975.0,MRPL.NS
2020-07-02,37.099998474121094,38.349998474121094,37.099998474121094,37.400001525878906,37.19065475463867,1253010.0,MRPL.NS
2020-07-03,37.650001525878906,38.45000076293945,36.5,36.79999923706055,36.59400939941406,1060480.0,MRPL.NS
2020-07-06,36.849998474121094,37.349998474121094,36.400001525878906,36.650001525878906,36.44485092163086,1021375.0,MRPL.NS
2020-07-07,36.650001525878906,37.0,36.29999923706055,36.5,36.29568862915039,729307.0,MRPL.NS
2020-07-08,37.900001525878906,39.599998474121094,37.04999923706055,37.29999923706055,37.091209411621094,3021262.0,MRPL.NS
2020-07-09,37.70000076293945,37.849998474121094,36.849998474121094,36.95000076293945,36.74317169189453,746220.0,MRPL.NS
2020-07-10,37.0,37.45000076293945,36.29999923706055,36.45000076293945,36.2459716796875,736837.0,MRPL.NS
2020-07-13,36.45000076293945,36.95000076293945,35.5,35.849998474121094,35.64932632446289,645217.0,MRPL.NS
2020-07-14,35.70000076293945,35.849998474121094,34.54999923706055,34.849998474121094,34.65492630004883,524485.0,MRPL.NS
2020-07-15,35.25,35.95000076293945,34.04999923706055,34.29999923706055,34.10800552368164,699863.0,MRPL.NS
2020-07-16,33.79999923706055,34.79999923706055,33.650001525878906,34.20000076293945,34.00856399536133,556803.0,MRPL.NS
2020-07-17,34.75,35.599998474121094,34.20000076293945,34.849998474121094,34.65492630004883,3191663.0,MRPL.NS
2020-07-20,35.0,35.25,34.70000076293945,35.0,34.80408477783203,674887.0,MRPL.NS
2020-07-21,35.20000076293945,41.0,35.099998474121094,37.849998474121094,37.63813018798828,8262778.0,MRPL.NS
2020-07-22,38.75,39.5,35.349998474121094,36.849998474121094,36.64373016357422,8553561.0,MRPL.NS
2020-07-23,36.099998474121094,37.79999923706055,36.099998474121094,36.599998474121094,36.3951301574707,2146148.0,MRPL.NS
2020-07-24,36.20000076293945,36.599998474121094,35.099998474121094,35.70000076293945,35.50016784667969,1804732.0,MRPL.NS
2020-07-27,37.29999923706055,37.5,36.0,36.29999923706055,36.09680938720703,2163493.0,MRPL.NS
2020-07-28,36.29999923706055,37.400001525878906,35.75,36.79999923706055,36.59400939941406,2333721.0,MRPL.NS
2020-07-29,36.79999923706055,39.20000076293945,36.29999923706055,38.150001525878906,37.93645477294922,6020223.0,MRPL.NS
2020-07-30,38.400001525878906,38.5,36.599998474121094,37.29999923706055,37.091209411621094,1444642.0,MRPL.NS
2020-07-31,37.400001525878906,37.45000076293945,36.25,36.400001525878906,36.196250915527344,940584.0,MRPL.NS
2020-08-03,36.0,37.70000076293945,36.0,36.150001525878906,35.94765090942383,1249708.0,MRPL.NS
2020-08-04,36.5,37.099998474121094,36.20000076293945,36.5,36.29568862915039,1148320.0,MRPL.NS
2020-08-05,35.04999923706055,35.20000076293945,34.099998474121094,34.75,34.555484771728516,2790826.0,MRPL.NS
2020-08-06,35.25,36.45000076293945,34.599998474121094,34.849998474121094,34.65492630004883,3753408.0,MRPL.NS
2020-08-07,34.849998474121094,35.400001525878906,34.5,34.54999923706055,34.356605529785156,1328804.0,MRPL.NS
2020-08-10,35.150001525878906,35.20000076293945,34.25,34.400001525878906,34.20744705200195,1252610.0,MRPL.NS
2020-08-11,34.650001525878906,34.900001525878906,33.70000076293945,33.900001525878906,33.71024703979492,1924069.0,MRPL.NS
2020-08-12,33.849998474121094,34.29999923706055,33.54999923706055,33.70000076293945,33.5113639831543,1334987.0,MRPL.NS
2020-08-13,34.0,34.0,32.900001525878906,33.099998474121094,32.91471862792969,2091579.0,MRPL.NS
2020-08-14,33.099998474121094,34.25,32.849998474121094,33.349998474121094,33.16332244873047,2885160.0,MRPL.NS
2020-08-17,33.75,33.79999923706055,32.650001525878906,32.900001525878906,32.715843200683594,1476770.0,MRPL.NS
2020-08-18,33.04999923706055,33.54999923706055,32.849998474121094,32.900001525878906,32.715843200683594,1726636.0,MRPL.NS
2020-08-19,33.29999923706055,34.20000076293945,33.0,33.599998474121094,33.411922454833984,2035014.0,MRPL.NS
2020-08-20,33.29999923706055,34.900001525878906,33.29999923706055,34.400001525878906,34.20744705200195,2383491.0,MRPL.NS
2020-08-21,35.0,35.25,34.400001525878906,34.45000076293945,34.257164001464844,1363854.0,MRPL.NS
2020-08-24,34.900001525878906,34.95000076293945,34.150001525878906,34.25,34.058284759521484,841870.0,MRPL.NS
2020-08-25,34.29999923706055,34.599998474121094,33.75,33.900001525878906,33.71024703979492,1105711.0,MRPL.NS
2020-08-26,34.400001525878906,34.45000076293945,33.900001525878906,34.0,33.80968475341797,1025608.0,MRPL.NS
2020-08-27,34.150001525878906,34.29999923706055,33.79999923706055,33.900001525878906,33.71024703979492,722353.0,MRPL.NS
2020-08-28,34.150001525878906,34.45000076293945,33.400001525878906,33.5,33.31248092651367,1679383.0,MRPL.NS
2020-08-31,33.75,34.0,31.75,31.899999618530273,31.721437454223633,3342226.0,MRPL.NS
2020-09-01,32.0,32.599998474121094,31.25,31.5,31.32367706298828,1125396.0,MRPL.NS
2020-09-02,31.399999618530273,31.899999618530273,31.299999237060547,31.799999237060547,31.621997833251953,560983.0,MRPL.NS
2020-09-03,31.950000762939453,32.400001525878906,31.450000762939453,31.5,31.32367706298828,743478.0,MRPL.NS
2020-09-04,31.350000381469727,31.75,31.0,31.5,31.32367706298828,641427.0,MRPL.NS
2020-09-07,31.799999237060547,31.950000762939453,30.299999237060547,30.450000762939453,30.279556274414062,1748969.0,MRPL.NS
2020-09-08,30.5,30.600000381469727,28.649999618530273,29.25,29.086271286010742,1838111.0,MRPL.NS
2020-09-09,29.149999618530273,29.149999618530273,28.600000381469727,29.0,28.837671279907227,667003.0,MRPL.NS
2020-09-10,29.100000381469727,30.200000762939453,29.100000381469727,30.0,29.832073211669922,603634.0,MRPL.NS
2020-09-11,30.600000381469727,30.799999237060547,29.75,29.950000762939453,29.7823543548584,1241263.0,MRPL.NS
2020-09-14,30.100000381469727,30.649999618530273,29.649999618530273,29.850000381469727,29.68291473388672,982592.0,MRPL.NS
2020-09-15,30.100000381469727,30.200000762939453,29.549999237060547,29.649999618530273,29.484033584594727,485310.0,MRPL.NS
2020-09-16,30.0,30.0,29.25,29.350000381469727,29.185712814331055,615793.0,MRPL.NS
2020-09-17,29.299999237060547,30.100000381469727,29.0,29.049999237060547,28.88739013671875,1289732.0,MRPL.NS
2020-09-18,29.350000381469727,29.649999618530273,28.700000762939453,28.850000381469727,28.68851089477539,949839.0,MRPL.NS
2020-09-21,29.049999237060547,29.399999618530273,28.0,28.100000381469727,27.94270896911621,801630.0,MRPL.NS
2020-09-22,28.200000762939453,28.450000762939453,26.700000762939453,27.399999618530273,27.246627807617188,758205.0,MRPL.NS
2020-09-23,27.399999618530273,28.0,27.200000762939453,27.450000762939453,27.296348571777344,500382.0,MRPL.NS
2020-09-24,27.399999618530273,27.399999618530273,26.600000381469727,26.700000762939453,26.550546646118164,556248.0,MRPL.NS
2020-09-25,26.700000762939453,27.299999237060547,26.700000762939453,27.0,26.848867416381836,849906.0,MRPL.NS
2020-09-28,27.399999618530273,28.399999618530273,26.950000762939453,27.0,26.848867416381836,2240385.0,MRPL.NS
2020-09-29,27.100000381469727,27.600000381469727,26.399999618530273,26.450000762939453,26.30194664001465,1471614.0,MRPL.NS
2020-09-30,26.649999618530273,26.75,25.549999237060547,25.700000762939453,25.55614471435547,1199636.0,MRPL.NS
2020-10-01,25.75,26.549999237060547,25.5,26.350000381469727,26.202505111694336,1424823.0,MRPL.NS
2020-10-05,26.5,27.25,26.299999237060547,26.950000762939453,26.79914665222168,695170.0,MRPL.NS
2020-10-06,27.25,27.399999618530273,26.299999237060547,26.799999237060547,26.649986267089844,535323.0,MRPL.NS
2020-10-07,26.5,27.200000762939453,26.450000762939453,26.549999237060547,26.401384353637695,645659.0,MRPL.NS
2020-10-08,26.75,26.899999618530273,26.149999618530273,26.399999618530273,26.25222396850586,452066.0,MRPL.NS
2020-10-09,26.399999618530273,26.899999618530273,26.25,26.450000762939453,26.30194664001465,600038.0,MRPL.NS
2020-10-12,26.700000762939453,26.850000381469727,25.950000762939453,26.049999237060547,25.904184341430664,492493.0,MRPL.NS
2020-10-13,26.049999237060547,26.200000762939453,25.799999237060547,25.899999618530273,25.755023956298828,269227.0,MRPL.NS
2020-10-14,26.0,26.100000381469727,25.5,25.649999618530273,25.50642204284668,373802.0,MRPL.NS
2020-10-15,26.049999237060547,26.100000381469727,25.25,25.350000381469727,25.20810317993164,506325.0,MRPL.NS
2020-10-16,25.450000762939453,25.700000762939453,25.299999237060547,25.600000381469727,25.456703186035156,220824.0,MRPL.NS
2020-10-19,25.899999618530273,26.399999618530273,25.75,26.100000381469727,25.95390510559082,425410.0,MRPL.NS
2020-10-20,26.450000762939453,27.0,26.350000381469727,26.75,26.600265502929688,1248868.0,MRPL.NS
2020-10-21,27.0,27.549999237060547,26.850000381469727,27.049999237060547,26.89858627319336,904372.0,MRPL.NS
2020-10-22,27.549999237060547,31.200000762939453,27.25,30.0,29.832073211669922,12494190.0,MRPL.NS
2020-10-23,30.100000381469727,30.649999618530273,29.100000381469727,29.299999237060547,29.1359920501709,1566133.0,MRPL.NS
2020-10-26,29.549999237060547,29.899999618530273,28.299999237060547,28.649999618530273,28.4896297454834,976302.0,MRPL.NS
2020-10-27,28.5,29.149999618530273,28.350000381469727,28.75,28.58907127380371,1186643.0,MRPL.NS
2020-10-28,28.75,29.0,28.149999618530273,28.350000381469727,28.19131088256836,421182.0,MRPL.NS
2020-10-29,28.149999618530273,28.5,27.600000381469727,28.149999618530273,27.992429733276367,539217.0,MRPL.NS
2020-10-30,29.649999618530273,29.850000381469727,28.700000762939453,28.899999618530273,28.738231658935547,3007543.0,MRPL.NS
2020-11-02,29.0,29.299999237060547,27.600000381469727,28.0,27.84326934814453,811306.0,MRPL.NS
2020-11-03,28.200000762939453,28.299999237060547,27.5,27.649999618530273,27.495227813720703,488340.0,MRPL.NS
2020-11-04,27.75,27.950000762939453,27.0,27.200000762939453,27.047748565673828,437483.0,MRPL.NS
2020-11-05,27.25,27.899999618530273,26.950000762939453,27.0,26.848867416381836,1539498.0,MRPL.NS
2020-11-06,27.25,27.549999237060547,27.100000381469727,27.200000762939453,27.047748565673828,761617.0,MRPL.NS
2020-11-09,27.600000381469727,27.700000762939453,27.299999237060547,27.549999237060547,27.395788192749023,492793.0,MRPL.NS
2020-11-10,28.0,28.049999237060547,27.649999618530273,27.899999618530273,27.74382781982422,587255.0,MRPL.NS
2020-11-11,27.799999237060547,28.399999618530273,27.600000381469727,27.850000381469727,27.694108963012695,1249107.0,MRPL.NS
2020-11-12,27.850000381469727,28.399999618530273,27.5,27.75,27.594669342041016,996113.0,MRPL.NS
2020-11-13,27.850000381469727,28.0,27.399999618530273,27.5,27.346067428588867,718062.0,MRPL.NS
2020-11-14,27.899999618530273,28.0,27.649999618530273,27.950000762939453,27.793550491333008,235502.0,MRPL.NS
2020-11-17,28.450000762939453,28.700000762939453,28.0,28.100000381469727,27.94270896911621,1758193.0,MRPL.NS
2020-11-18,28.350000381469727,28.350000381469727,27.850000381469727,27.950000762939453,27.793550491333008,1079098.0,MRPL.NS
2020-11-19,28.049999237060547,28.600000381469727,27.75,27.950000762939453,27.793550491333008,1231668.0,MRPL.NS
2020-11-20,28.25,28.25,27.700000762939453,27.799999237060547,27.64438819885254,897682.0,MRPL.NS
2020-11-23,28.200000762939453,28.75,27.850000381469727,28.600000381469727,28.439910888671875,1255330.0,MRPL.NS
2020-11-24,28.600000381469727,29.450000762939453,28.5,29.049999237060547,28.88739013671875,1897398.0,MRPL.NS
2020-11-25,29.25,29.799999237060547,29.0,29.25,29.086271286010742,1923934.0,MRPL.NS
2020-11-26,29.799999237060547,29.850000381469727,29.25,29.350000381469727,29.185712814331055,1132298.0,MRPL.NS
2020-11-27,29.399999618530273,29.850000381469727,29.25,29.5,29.33487319946289,1529072.0,MRPL.NS
2020-12-01,29.75,32.599998474121094,29.25,31.950000762939453,31.771160125732422,7712697.0,MRPL.NS
2020-12-02,32.25,34.20000076293945,32.25,33.45000076293945,33.26276397705078,9190190.0,MRPL.NS
2020-12-03,33.70000076293945,34.0,33.150001525878906,33.75,33.56108474731445,3001885.0,MRPL.NS
2020-12-04,33.849998474121094,34.20000076293945,32.099998474121094,32.849998474121094,32.66611862182617,2767939.0,MRPL.NS
2020-12-07,33.0,34.0,32.849998474121094,33.849998474121094,33.6605224609375,2518266.0,MRPL.NS
2020-12-08,34.099998474121094,36.900001525878906,33.849998474121094,35.70000076293945,35.50016784667969,11538689.0,MRPL.NS
2020-12-09,36.0,36.349998474121094,34.75,34.900001525878906,34.704647064208984,3440352.0,MRPL.NS
2020-12-10,35.0,35.099998474121094,33.5,34.25,34.058284759521484,1874273.0,MRPL.NS
2020-12-11,34.349998474121094,35.900001525878906,34.349998474121094,34.79999923706055,34.60520553588867,4119543.0,MRPL.NS
2020-12-14,35.150001525878906,37.20000076293945,35.150001525878906,36.900001525878906,36.693450927734375,12736861.0,MRPL.NS
2020-12-15,37.20000076293945,37.400001525878906,36.099998474121094,36.45000076293945,36.2459716796875,4201793.0,MRPL.NS
2020-12-16,36.75,36.900001525878906,36.25,36.349998474121094,36.14652633666992,1743874.0,MRPL.NS
2020-12-17,37.0,37.20000076293945,35.29999923706055,36.0,35.79848861694336,4868584.0,MRPL.NS
2020-12-18,36.20000076293945,36.25,34.70000076293945,34.95000076293945,34.75436782836914,2323932.0,MRPL.NS
2020-12-21,34.95000076293945,35.0,31.0,32.900001525878906,32.715843200683594,3060633.0,MRPL.NS
2020-12-22,32.70000076293945,33.900001525878906,30.450000762939453,33.45000076293945,33.26276397705078,2495314.0,MRPL.NS
2020-12-23,33.150001525878906,34.099998474121094,33.150001525878906,33.900001525878906,33.71024703979492,842688.0,MRPL.NS
2020-12-24,34.20000076293945,34.95000076293945,33.25,34.150001525878906,33.95884704589844,3086160.0,MRPL.NS
2020-12-28,34.45000076293945,34.70000076293945,33.75,34.349998474121094,34.15772247314453,1195255.0,MRPL.NS
2020-12-29,34.599998474121094,34.849998474121094,33.95000076293945,34.25,34.058284759521484,908009.0,MRPL.NS
2020-12-30,34.5,35.900001525878906,34.0,35.25,35.05268859863281,4340790.0,MRPL.NS
2020-12-31,35.400001525878906,35.70000076293945,35.150001525878906,35.45000076293945,35.25156784057617,1274532.0,MRPL.NS
2021-01-01,35.650001525878906,36.25,35.400001525878906,35.95000076293945,35.7487678527832,1346047.0,MRPL.NS
2021-01-04,36.29999923706055,36.900001525878906,36.0,36.29999923706055,36.09680938720703,1743156.0,MRPL.NS
2021-01-05,36.29999923706055,40.5,35.70000076293945,39.5,39.27889633178711,18603395.0,MRPL.NS
2021-01-06,39.849998474121094,40.29999923706055,38.349998474121094,39.25,39.030296325683594,6525603.0,MRPL.NS
2021-01-07,39.70000076293945,40.0,38.599998474121094,38.75,38.53309631347656,1742358.0,MRPL.NS
2021-01-08,39.099998474121094,39.45000076293945,38.099998474121094,38.70000076293945,38.483375549316406,2079836.0,MRPL.NS
2021-01-11,38.95000076293945,41.20000076293945,38.29999923706055,40.849998474121094,40.621337890625,11716391.0,MRPL.NS
2021-01-12,41.20000076293945,41.349998474121094,40.29999923706055,40.5,40.27330017089844,5825264.0,MRPL.NS
2021-01-13,40.400001525878906,43.29999923706055,40.099998474121094,40.75,40.52190017700195,11995094.0,MRPL.NS
2021-01-14,40.900001525878906,41.650001525878906,40.29999923706055,40.79999923706055,40.57162094116211,2824665.0,MRPL.NS
2021-01-15,40.70000076293945,40.95000076293945,39.29999923706055,39.5,39.27889633178711,1920132.0,MRPL.NS
2021-01-18,39.5,39.54999923706055,37.54999923706055,38.25,38.03589630126953,1849879.0,MRPL.NS
2021-01-19,38.400001525878906,40.79999923706055,38.400001525878906,40.099998474121094,39.87553787231445,1724678.0,MRPL.NS
2021-01-20,40.150001525878906,40.45000076293945,39.29999923706055,39.5,39.27889633178711,1845721.0,MRPL.NS
2021-01-21,39.79999923706055,40.29999923706055,38.150001525878906,38.29999923706055,38.08561325073242,1390302.0,MRPL.NS
2021-01-22,38.5,38.75,37.650001525878906,38.099998474121094,37.88673400878906,972713.0,MRPL.NS
2021-01-25,38.400001525878906,39.20000076293945,36.900001525878906,37.099998474121094,36.892330169677734,1216948.0,MRPL.NS
2021-01-27,36.79999923706055,36.79999923706055,34.54999923706055,35.04999923706055,34.85380554199219,1314166.0,MRPL.NS
2021-01-28,34.599998474121094,38.349998474121094,34.29999923706055,37.75,37.538692474365234,2111802.0,MRPL.NS
2021-01-29,38.150001525878906,38.5,35.29999923706055,35.900001525878906,35.69905090332031,1233055.0,MRPL.NS
2021-02-01,36.650001525878906,36.650001525878906,35.0,35.5,35.30128860473633,1826666.0,MRPL.NS
2021-02-02,34.79999923706055,35.150001525878906,33.79999923706055,34.099998474121094,33.909122467041016,4281950.0,MRPL.NS
2021-02-03,34.400001525878906,34.79999923706055,34.099998474121094,34.650001525878906,34.45604705810547,1888704.0,MRPL.NS
2021-02-04,34.54999923706055,36.349998474121094,34.400001525878906,36.099998474121094,35.897926330566406,2888362.0,MRPL.NS
2021-02-05,36.45000076293945,36.45000076293945,35.099998474121094,35.400001525878906,35.201847076416016,1187531.0,MRPL.NS
2021-02-08,35.650001525878906,36.150001525878906,34.849998474121094,35.0,34.80408477783203,1604349.0,MRPL.NS
2021-02-09,35.29999923706055,36.099998474121094,35.04999923706055,35.25,35.05268859863281,1288869.0,MRPL.NS
2021-02-10,35.45000076293945,35.849998474121094,34.599998474121094,34.849998474121094,34.65492630004883,1024435.0,MRPL.NS
2021-02-11,34.79999923706055,35.79999923706055,34.650001525878906,35.25,35.05268859863281,1252384.0,MRPL.NS
2021-02-12,35.099998474121094,35.45000076293945,34.70000076293945,34.79999923706055,34.60520553588867,757009.0,MRPL.NS
2021-02-15,35.349998474121094,35.349998474121094,34.29999923706055,34.400001525878906,34.20744705200195,558920.0,MRPL.NS
2021-02-16,34.70000076293945,35.0,34.349998474121094,34.5,34.306884765625,693104.0,MRPL.NS
2021-02-17,34.54999923706055,39.79999923706055,34.54999923706055,38.849998474121094,38.63253402709961,12221790.0,MRPL.NS
2021-02-18,39.099998474121094,40.400001525878906,38.79999923706055,39.20000076293945,38.9805793762207,5114591.0,MRPL.NS
2021-02-19,39.0,39.20000076293945,36.650001525878906,37.599998474121094,37.389530181884766,2079962.0,MRPL.NS
2021-02-22,37.599998474121094,38.25,36.25,36.75,36.54429244995117,1190091.0,MRPL.NS
2021-02-23,37.04999923706055,39.099998474121094,37.04999923706055,38.29999923706055,38.08561325073242,3031048.0,MRPL.NS
2021-02-24,38.54999923706055,39.20000076293945,38.0,38.150001525878906,37.93645477294922,1200847.0,MRPL.NS
2021-02-25,38.5,40.45000076293945,38.45000076293945,39.20000076293945,38.9805793762207,3998498.0,MRPL.NS
2021-02-26,38.599998474121094,42.20000076293945,38.20000076293945,40.349998474121094,40.12413787841797,10178374.0,MRPL.NS
2021-03-01,41.150001525878906,44.79999923706055,40.900001525878906,43.400001525878906,43.15707015991211,11738101.0,MRPL.NS
2021-03-02,44.0,46.099998474121094,43.29999923706055,43.650001525878906,43.405670166015625,8317854.0,MRPL.NS
2021-03-03,44.0,44.400001525878906,42.650001525878906,42.95000076293945,42.70958709716797,4275157.0,MRPL.NS
2021-03-04,42.349998474121094,43.5,42.0,42.650001525878906,42.4112663269043,2415131.0,MRPL.NS
2021-03-05,43.5,45.29999923706055,41.599998474121094,42.400001525878906,42.16266632080078,6097872.0,MRPL.NS
2021-03-08,43.0,45.849998474121094,43.0,44.29999923706055,44.05202865600586,11007299.0,MRPL.NS
2021-03-09,44.75,44.95000076293945,41.099998474121094,42.349998474121094,42.11294174194336,3918577.0,MRPL.NS
2021-03-10,42.650001525878906,43.5,42.150001525878906,43.04999923706055,42.809024810791016,3240774.0,MRPL.NS
2021-03-12,43.54999923706055,43.599998474121094,41.5,41.900001525878906,41.66546630859375,2097735.0,MRPL.NS
2021-03-15,42.150001525878906,42.150001525878906,39.599998474121094,40.099998474121094,39.87553787231445,3412159.0,MRPL.NS
2021-03-16,40.29999923706055,41.70000076293945,40.099998474121094,40.849998474121094,40.621337890625,2273904.0,MRPL.NS
2021-03-17,41.0,42.75,40.0,41.25,41.019100189208984,4923087.0,MRPL.NS
2021-03-18,41.79999923706055,41.95000076293945,39.25,40.25,40.02470016479492,2208791.0,MRPL.NS
2021-03-19,39.54999923706055,41.900001525878906,38.29999923706055,40.900001525878906,40.67106246948242,3130434.0,MRPL.NS
2021-03-22,40.900001525878906,40.95000076293945,40.0,40.25,40.02470016479492,1066938.0,MRPL.NS
2021-03-23,40.54999923706055,40.599998474121094,39.0,39.25,39.030296325683594,1289946.0,MRPL.NS
2021-03-24,39.25,40.45000076293945,38.70000076293945,39.70000076293945,39.477779388427734,2158229.0,MRPL.NS
2021-03-25,39.70000076293945,39.95000076293945,38.599998474121094,39.20000076293945,38.9805793762207,1280139.0,MRPL.NS
2021-03-26,40.0,40.95000076293945,38.29999923706055,38.70000076293945,38.483375549316406,1509163.0,MRPL.NS
2021-03-30,39.0,39.45000076293945,38.79999923706055,39.20000076293945,38.9805793762207,1274638.0,MRPL.NS
2021-03-31,39.099998474121094,39.5,38.650001525878906,38.849998474121094,38.63253402709961,998350.0,MRPL.NS
2021-04-01,39.25,40.54999923706055,39.0,40.04999923706055,39.8258171081543,1267870.0,MRPL.NS
2021-04-05,40.04999923706055,40.20000076293945,38.400001525878906,39.04999923706055,38.831417083740234,1266417.0,MRPL.NS
2021-04-06,39.04999923706055,39.75,38.75,39.29999923706055,39.08001708984375,583781.0,MRPL.NS
2021-04-07,39.5,39.79999923706055,39.099998474121094,39.20000076293945,38.9805793762207,668040.0,MRPL.NS
2021-04-08,39.70000076293945,39.70000076293945,39.0,39.099998474121094,38.881134033203125,759584.0,MRPL.NS
2021-04-09,39.20000076293945,39.5,38.79999923706055,38.95000076293945,38.73197555541992,490791.0,MRPL.NS
2021-04-12,38.54999923706055,38.54999923706055,35.75,36.0,35.79848861694336,1545378.0,MRPL.NS
2021-04-13,36.25,36.5,35.54999923706055,35.900001525878906,35.69905090332031,1338567.0,MRPL.NS
2021-04-15,35.900001525878906,36.900001525878906,35.5,36.45000076293945,36.2459716796875,1473657.0,MRPL.NS
2021-04-16,36.75,37.650001525878906,36.45000076293945,37.54999923706055,37.339813232421875,1226153.0,MRPL.NS
2021-04-19,36.75,36.900001525878906,35.29999923706055,35.70000076293945,35.50016784667969,656733.0,MRPL.NS
2021-04-20,36.04999923706055,37.29999923706055,36.0,37.0,36.79289245605469,1212801.0,MRPL.NS
2021-04-22,37.0,37.0,35.900001525878906,36.650001525878906,36.44485092163086,870486.0,MRPL.NS
2021-04-23,36.79999923706055,38.95000076293945,36.599998474121094,37.45000076293945,37.24037170410156,2769083.0,MRPL.NS
2021-04-26,37.79999923706055,40.45000076293945,37.5,38.29999923706055,38.08561325073242,4168835.0,MRPL.NS
2021-04-27,38.45000076293945,38.95000076293945,37.95000076293945,38.20000076293945,37.986175537109375,1482551.0,MRPL.NS
2021-04-28,38.5,38.75,37.75,37.95000076293945,37.73757553100586,2142001.0,MRPL.NS
2021-04-29,39.0,43.150001525878906,38.25,42.650001525878906,42.4112663269043,18684756.0,MRPL.NS
2021-04-30,42.5,43.79999923706055,41.25,43.25,43.00790786743164,9254259.0,MRPL.NS
2021-05-03,43.099998474121094,44.20000076293945,42.29999923706055,43.5,43.256507873535156,4078600.0,MRPL.NS
2021-05-04,43.599998474121094,46.29999923706055,43.20000076293945,43.599998474121094,43.3559455871582,8990584.0,MRPL.NS
2021-05-05,44.29999923706055,44.75,43.099998474121094,43.650001525878906,43.405670166015625,2813977.0,MRPL.NS
2021-05-06,44.099998474121094,44.650001525878906,43.20000076293945,44.150001525878906,43.902870178222656,2879921.0,MRPL.NS
2021-05-07,44.400001525878906,44.900001525878906,43.349998474121094,43.95000076293945,43.7039909362793,3669674.0,MRPL.NS
2021-05-10,44.099998474121094,44.400001525878906,43.0,43.29999923706055,43.05762481689453,3178149.0,MRPL.NS
2021-05-11,43.0,47.599998474121094,42.099998474121094,46.54999923706055,46.289432525634766,13560658.0,MRPL.NS
2021-05-12,47.0,53.400001525878906,47.0,48.04999923706055,47.781036376953125,27537975.0,MRPL.NS
2021-05-14,48.5,50.20000076293945,47.0,47.5,47.23411560058594,6427725.0,MRPL.NS
2021-05-17,47.849998474121094,50.5,47.099998474121094,48.599998474121094,48.32795715332031,6428460.0,MRPL.NS
2021-05-18,54.0,55.25,51.599998474121094,52.95000076293945,52.65361022949219,37249844.0,MRPL.NS
2021-05-19,52.5,52.70000076293945,51.29999923706055,51.900001525878906,51.60948944091797,8760856.0,MRPL.NS
2021-05-20,51.79999923706055,52.400001525878906,49.79999923706055,50.150001525878906,49.869285583496094,3916528.0,MRPL.NS
2021-05-21,50.79999923706055,53.099998474121094,49.400001525878906,51.70000076293945,51.41061019897461,13634956.0,MRPL.NS
2021-05-24,51.95000076293945,52.20000076293945,50.20000076293945,50.70000076293945,50.41620635986328,4801854.0,MRPL.NS
2021-05-25,51.04999923706055,51.599998474121094,50.150001525878906,50.400001525878906,50.11788558959961,3580024.0,MRPL.NS
2021-05-26,50.900001525878906,52.75,50.29999923706055,51.54999923706055,51.26144790649414,9615015.0,MRPL.NS
2021-05-27,51.900001525878906,52.29999923706055,51.150001525878906,51.349998474121094,51.062564849853516,3279760.0,MRPL.NS
2021-05-28,51.70000076293945,52.20000076293945,49.75,49.95000076293945,49.67040252685547,3436985.0,MRPL.NS
2021-05-31,50.25,50.400001525878906,48.79999923706055,49.25,48.97432327270508,2487522.0,MRPL.NS
2021-06-01,49.45000076293945,51.70000076293945,49.400001525878906,50.20000076293945,49.91900634765625,6342720.0,MRPL.NS
2021-06-02,50.25,52.79999923706055,50.04999923706055,52.25,51.95752716064453,10027177.0,MRPL.NS
2021-06-03,52.45000076293945,52.70000076293945,51.04999923706055,51.29999923706055,51.01284408569336,2886568.0,MRPL.NS
2021-06-04,51.70000076293945,52.29999923706055,51.04999923706055,51.150001525878906,50.86368942260742,2634235.0,MRPL.NS
2021-06-07,51.54999923706055,52.45000076293945,51.099998474121094,51.29999923706055,51.01284408569336,2489360.0,MRPL.NS
2021-06-08,51.400001525878906,51.95000076293945,50.650001525878906,50.900001525878906,50.61508560180664,2077109.0,MRPL.NS
2021-06-09,51.349998474121094,51.599998474121094,49.5,49.900001525878906,49.62068557739258,3418820.0,MRPL.NS
2021-06-10,50.400001525878906,51.849998474121094,50.20000076293945,51.29999923706055,51.01284408569336,2954033.0,MRPL.NS
2021-06-11,52.099998474121094,53.0,51.099998474121094,51.349998474121094,51.062564849853516,6034647.0,MRPL.NS
2021-06-14,51.5,52.25,50.20000076293945,51.349998474121094,51.062564849853516,3278931.0,MRPL.NS
2021-06-15,51.45000076293945,56.599998474121094,51.349998474121094,54.849998474121094,54.542972564697266,34898018.0,MRPL.NS
2021-06-16,55.25,56.20000076293945,53.54999923706055,53.900001525878906,53.59829330444336,8873419.0,MRPL.NS
2021-06-17,53.45000076293945,54.29999923706055,52.79999923706055,53.04999923706055,52.7530517578125,3696268.0,MRPL.NS
2021-06-18,53.5,53.54999923706055,50.29999923706055,51.25,50.96312713623047,4601829.0,MRPL.NS
2021-06-21,50.29999923706055,52.5,49.650001525878906,52.04999923706055,51.75864791870117,2730081.0,MRPL.NS
2021-06-22,52.400001525878906,55.79999923706055,52.29999923706055,52.70000076293945,52.40501022338867,9952434.0,MRPL.NS
2021-06-23,53.20000076293945,53.5,51.650001525878906,51.900001525878906,51.60948944091797,2790216.0,MRPL.NS
2021-06-24,52.20000076293945,53.900001525878906,51.70000076293945,51.95000076293945,51.659210205078125,3542456.0,MRPL.NS
2021-06-25,52.25,52.599998474121094,51.20000076293945,51.400001525878906,51.11228942871094,2180268.0,MRPL.NS
2021-06-28,52.04999923706055,52.599998474121094,51.650001525878906,51.95000076293945,51.659210205078125,2044772.0,MRPL.NS
2021-06-29,52.0,53.20000076293945,51.599998474121094,51.849998474121094,51.55976486206055,1655485.0,MRPL.NS
2021-06-30,52.04999923706055,52.79999923706055,51.04999923706055,51.29999923706055,51.01284408569336,2038837.0,MRPL.NS
2021-07-01,51.349998474121094,51.650001525878906,50.79999923706055,51.0,50.71452713012695,1025475.0,MRPL.NS
2021-07-02,51.099998474121094,51.650001525878906,50.75,50.900001525878906,50.61508560180664,1602123.0,MRPL.NS
2021-07-05,51.29999923706055,51.79999923706055,50.29999923706055,50.45000076293945,50.167606353759766,1917034.0,MRPL.NS
2021-07-06,50.70000076293945,51.400001525878906,49.25,49.5,49.222923278808594,3100445.0,MRPL.NS
2021-07-07,49.400001525878906,49.79999923706055,48.75,48.95000076293945,48.676002502441406,1734982.0,MRPL.NS
2021-07-08,49.150001525878906,50.45000076293945,48.25,48.349998474121094,48.0793571472168,2364017.0,MRPL.NS
2021-07-09,48.349998474121094,49.25,48.349998474121094,48.900001525878906,48.62628173828125,1711862.0,MRPL.NS
2021-07-12,49.099998474121094,49.5,48.45000076293945,48.900001525878906,48.62628173828125,1832039.0,MRPL.NS
2021-07-13,49.099998474121094,49.70000076293945,48.70000076293945,48.849998474121094,48.57655715942383,2093218.0,MRPL.NS
2021-07-14,48.95000076293945,49.29999923706055,48.54999923706055,48.70000076293945,48.42740249633789,1200515.0,MRPL.NS
2021-07-15,48.70000076293945,49.04999923706055,48.099998474121094,48.25,47.97991943359375,965693.0,MRPL.NS
2021-07-16,48.599998474121094,48.650001525878906,47.599998474121094,47.75,47.48271942138672,1103234.0,MRPL.NS
2021-07-19,47.70000076293945,48.150001525878906,47.0,47.5,47.23411560058594,1894498.0,MRPL.NS
2021-07-20,47.5,47.650001525878906,45.0,45.5,45.24531173706055,2229353.0,MRPL.NS
2021-07-22,46.25,46.45000076293945,45.54999923706055,45.95000076293945,45.69279479980469,1215328.0,MRPL.NS
2021-07-23,46.04999923706055,46.20000076293945,45.400001525878906,45.54999923706055,45.2950325012207,863707.0,MRPL.NS
2021-07-26,45.54999923706055,45.650001525878906,44.04999923706055,44.75,44.49951171875,1856205.0,MRPL.NS
2021-07-27,45.0,47.5,44.900001525878906,46.29999923706055,46.04083251953125,7766601.0,MRPL.NS
2021-07-28,46.75,46.900001525878906,45.25,46.5,46.239715576171875,2117852.0,MRPL.NS
2021-07-29,46.75,46.79999923706055,45.45000076293945,45.70000076293945,45.44419479370117,1355495.0,MRPL.NS
2021-07-30,44.20000076293945,45.29999923706055,44.04999923706055,44.70000076293945,44.449790954589844,2505732.0,MRPL.NS
2021-08-02,44.900001525878906,45.5,44.75,45.04999923706055,44.797828674316406,1734575.0,MRPL.NS
2021-08-03,45.29999923706055,45.5,44.099998474121094,44.400001525878906,44.15147018432617,1546924.0,MRPL.NS
2021-08-04,44.599998474121094,44.79999923706055,43.04999923706055,43.29999923706055,43.05762481689453,1497390.0,MRPL.NS
2021-08-05,43.5,43.54999923706055,42.04999923706055,42.349998474121094,42.11294174194336,1460401.0,MRPL.NS
2021-08-06,42.599998474121094,44.0,42.599998474121094,43.349998474121094,43.10734558105469,1944488.0,MRPL.NS
2021-08-09,43.849998474121094,43.849998474121094,42.0,42.849998474121094,42.610145568847656,1142595.0,MRPL.NS
2021-08-10,42.79999923706055,43.349998474121094,40.5,41.349998474121094,41.1185417175293,1304410.0,MRPL.NS
2021-08-11,41.0,41.5,39.75,40.54999923706055,40.323020935058594,1638249.0,MRPL.NS
2021-08-12,40.70000076293945,43.95000076293945,40.599998474121094,43.0,42.759307861328125,2439982.0,MRPL.NS
2021-08-13,43.0,43.599998474121094,42.400001525878906,43.150001525878906,42.90846633911133,1441538.0,MRPL.NS
2021-08-16,43.0,43.150001525878906,41.79999923706055,42.54999923706055,42.311824798583984,1496161.0,MRPL.NS
2021-08-17,42.54999923706055,45.5,42.25,44.95000076293945,44.69839096069336,3860245.0,MRPL.NS
2021-08-18,45.150001525878906,45.400001525878906,43.54999923706055,45.099998474121094,44.84754943847656,2538408.0,MRPL.NS
2021-08-20,44.5,44.95000076293945,42.099998474121094,42.849998474121094,42.610145568847656,1700807.0,MRPL.NS
2021-08-23,43.0,43.29999923706055,41.25,41.54999923706055,41.317420959472656,1451695.0,MRPL.NS
2021-08-24,41.75,42.54999923706055,41.349998474121094,41.650001525878906,41.41686248779297,1031431.0,MRPL.NS
2021-08-25,42.099998474121094,42.849998474121094,42.099998474121094,42.25,42.01350402832031,944321.0,MRPL.NS
2021-08-26,42.79999923706055,42.900001525878906,42.0,42.20000076293945,41.963783264160156,568162.0,MRPL.NS
2021-08-27,42.45000076293945,42.75,42.099998474121094,42.25,42.01350402832031,443485.0,MRPL.NS
2021-08-30,42.75,43.29999923706055,42.400001525878906,42.75,42.510704040527344,712882.0,MRPL.NS
2021-08-31,43.25,43.95000076293945,42.54999923706055,42.95000076293945,42.70958709716797,890030.0,MRPL.NS
2021-09-01,43.29999923706055,43.29999923706055,42.5,42.650001525878906,42.4112663269043,572093.0,MRPL.NS
2021-09-02,42.54999923706055,43.29999923706055,42.54999923706055,43.0,42.759307861328125,603521.0,MRPL.NS
2021-09-03,43.0,43.849998474121094,43.0,43.599998474121094,43.3559455871582,1103654.0,MRPL.NS
2021-09-06,44.0,44.5,42.099998474121094,43.25,43.00790786743164,1659195.0,MRPL.NS
2021-09-07,43.5,43.75,42.650001525878906,43.0,42.759307861328125,596782.0,MRPL.NS
2021-09-08,42.70000076293945,43.349998474121094,42.54999923706055,42.79999923706055,42.5604248046875,539496.0,MRPL.NS
2021-09-09,42.79999923706055,43.79999923706055,42.650001525878906,42.95000076293945,42.70958709716797,1320542.0,MRPL.NS
2021-09-13,43.400001525878906,43.400001525878906,43.0,43.150001525878906,42.90846633911133,726309.0,MRPL.NS
2021-09-14,43.29999923706055,43.650001525878906,43.20000076293945,43.29999923706055,43.05762481689453,747204.0,MRPL.NS
2021-09-15,43.5,44.95000076293945,43.25,44.54999923706055,44.300628662109375,2305507.0,MRPL.NS
2021-09-16,44.900001525878906,45.5,44.650001525878906,45.04999923706055,44.797828674316406,1474445.0,MRPL.NS
2021-09-17,45.45000076293945,45.45000076293945,43.900001525878906,44.900001525878906,44.64867401123047,2219905.0,MRPL.NS
2021-09-20,44.650001525878906,44.79999923706055,43.0,43.29999923706055,43.05762481689453,959977.0,MRPL.NS
2021-09-21,43.400001525878906,43.5,42.20000076293945,42.900001525878906,42.65986633300781,764693.0,MRPL.NS
2021-09-22,43.20000076293945,43.650001525878906,42.75,42.95000076293945,42.70958709716797,725179.0,MRPL.NS
2021-09-23,43.099998474121094,44.75,43.099998474121094,44.20000076293945,43.95259094238281,1530159.0,MRPL.NS
2021-09-24,44.25,45.150001525878906,43.54999923706055,44.5,44.250911712646484,1913512.0,MRPL.NS
2021-09-27,44.75,45.900001525878906,44.5,44.849998474121094,44.59894943237305,1769349.0,MRPL.NS
2021-09-28,45.29999923706055,45.5,44.400001525878906,44.70000076293945,44.449790954589844,1426437.0,MRPL.NS
2021-09-29,44.45000076293945,46.45000076293945,44.25,45.79999923706055,45.54363250732422,2747325.0,MRPL.NS
2021-09-30,46.349998474121094,47.20000076293945,45.54999923706055,46.70000076293945,46.438594818115234,3350274.0,MRPL.NS
2021-10-01,53.95000076293945,53.95000076293945,50.54999923706055,50.849998474121094,50.565364837646484,28519404.0,MRPL.NS
2021-10-04,51.599998474121094,51.900001525878906,49.900001525878906,50.45000076293945,50.167606353759766,4544260.0,MRPL.NS
2021-10-05,50.349998474121094,54.150001525878906,50.0,52.650001525878906,52.35529327392578,13762896.0,MRPL.NS
2021-10-06,53.0,54.0,51.150001525878906,51.599998474121094,51.31116485595703,5411324.0,MRPL.NS
2021-10-07,51.599998474121094,52.400001525878906,51.0,51.150001525878906,50.86368942260742,3214891.0,MRPL.NS
2021-10-08,51.599998474121094,51.95000076293945,50.29999923706055,50.45000076293945,50.167606353759766,2264611.0,MRPL.NS
2021-10-11,50.599998474121094,51.75,50.54999923706055,50.79999923706055,50.51564407348633,2060084.0,MRPL.NS
2021-10-12,50.5,51.5,50.5,51.0,50.71452713012695,1480435.0,MRPL.NS
2021-10-13,51.29999923706055,51.95000076293945,50.5,50.70000076293945,50.41620635986328,2763635.0,MRPL.NS
2021-10-14,51.0,53.45000076293945,50.599998474121094,52.0,51.708927154541016,6622494.0,MRPL.NS
2021-10-18,52.5,52.95000076293945,52.0,52.5,52.20613098144531,2621817.0,MRPL.NS
2021-10-19,52.849998474121094,54.70000076293945,50.599998474121094,51.79999923706055,51.510047912597656,5055282.0,MRPL.NS
2021-10-20,51.099998474121094,51.5,50.0,50.599998474121094,50.31676483154297,1993067.0,MRPL.NS
2021-10-21,51.0,51.70000076293945,50.400001525878906,50.849998474121094,50.565364837646484,1465035.0,MRPL.NS
2021-10-22,50.95000076293945,51.29999923706055,50.0,50.349998474121094,50.06816101074219,1215924.0,MRPL.NS
2021-10-25,50.5,57.79999923706055,48.400001525878906,55.349998474121094,55.04017639160156,25004966.0,MRPL.NS
2021-10-26,54.349998474121094,55.45000076293945,51.099998474121094,51.650001525878906,51.36088943481445,10159910.0,MRPL.NS
2021-10-27,51.25,52.400001525878906,50.599998474121094,52.0,51.708927154541016,4045588.0,MRPL.NS
2021-10-28,51.70000076293945,51.70000076293945,49.599998474121094,50.04999923706055,49.76984405517578,2454448.0,MRPL.NS
2021-10-29,49.75,50.349998474121094,48.650001525878906,49.150001525878906,48.874881744384766,1665926.0,MRPL.NS
2021-11-01,50.0,50.29999923706055,48.900001525878906,49.099998474121094,48.82516098022461,1294300.0,MRPL.NS
2021-11-02,49.349998474121094,49.599998474121094,48.79999923706055,48.95000076293945,48.676002502441406,634191.0,MRPL.NS
2021-11-03,49.150001525878906,50.650001525878906,49.0,49.29999923706055,49.02404022216797,1587108.0,MRPL.NS
2021-11-04,49.599998474121094,50.0,49.29999923706055,49.75,49.47152328491211,211752.0,MRPL.NS
2021-11-08,49.75,51.20000076293945,49.20000076293945,50.599998474121094,50.31676483154297,1469105.0,MRPL.NS
2021-11-09,50.5,51.25,50.29999923706055,50.45000076293945,50.167606353759766,744744.0,MRPL.NS
2021-11-10,50.29999923706055,50.849998474121094,49.849998474121094,50.0,49.720123291015625,701376.0,MRPL.NS
2021-11-11,50.20000076293945,50.20000076293945,49.20000076293945,49.45000076293945,49.17320251464844,601696.0,MRPL.NS
2021-11-12,49.599998474121094,50.099998474121094,48.900001525878906,49.04999923706055,48.77544021606445,690728.0,MRPL.NS
2021-11-15,49.099998474121094,49.70000076293945,48.29999923706055,48.54999923706055,48.27824020385742,593466.0,MRPL.NS
2021-11-16,48.5,49.25,48.0,48.150001525878906,47.8804817199707,715675.0,MRPL.NS
2021-11-17,48.0,48.5,47.04999923706055,47.25,46.98551559448242,622912.0,MRPL.NS
2021-11-18,47.5,47.70000076293945,46.29999923706055,46.54999923706055,46.289432525634766,635119.0,MRPL.NS
2021-11-22,46.54999923706055,46.849998474121094,43.099998474121094,44.150001525878906,43.902870178222656,1101546.0,MRPL.NS
2021-11-23,43.5,49.5,43.5,46.79999923706055,46.53803634643555,1833462.0,MRPL.NS
2021-11-24,47.29999923706055,47.900001525878906,45.70000076293945,46.099998474121094,45.84195327758789,1425669.0,MRPL.NS
2021-11-25,46.099998474121094,46.849998474121094,45.5,45.849998474121094,45.593353271484375,840531.0,MRPL.NS
2021-11-26,45.5,46.79999923706055,44.29999923706055,45.650001525878906,45.394474029541016,1678918.0,MRPL.NS
2021-11-29,45.5,45.650001525878906,43.0,43.400001525878906,43.15707015991211,919960.0,MRPL.NS
2021-11-30,43.79999923706055,45.849998474121094,43.25,44.400001525878906,44.15147018432617,1398350.0,MRPL.NS
2021-12-01,44.79999923706055,45.20000076293945,43.75,44.75,44.49951171875,620304.0,MRPL.NS
2021-12-02,44.54999923706055,44.95000076293945,44.04999923706055,44.599998474121094,44.35034942626953,536250.0,MRPL.NS
2021-12-03,44.95000076293945,45.45000076293945,44.5,45.150001525878906,44.897274017333984,847023.0,MRPL.NS
2021-12-06,45.54999923706055,45.79999923706055,44.349998474121094,44.599998474121094,44.35034942626953,520514.0,MRPL.NS
2021-12-07,44.900001525878906,44.900001525878906,44.45000076293945,44.650001525878906,44.40007019042969,471477.0,MRPL.NS
2021-12-08,45.0,45.150001525878906,44.45000076293945,44.54999923706055,44.300628662109375,789661.0,MRPL.NS
2021-12-09,44.70000076293945,45.400001525878906,44.54999923706055,44.900001525878906,44.64867401123047,750406.0,MRPL.NS
2021-12-10,45.0,45.650001525878906,44.75,44.900001525878906,44.64867401123047,1236561.0,MRPL.NS
2021-12-13,45.20000076293945,45.54999923706055,44.849998474121094,44.900001525878906,44.64867401123047,643359.0,MRPL.NS
2021-12-14,45.70000076293945,45.79999923706055,45.099998474121094,45.25,44.99671173095703,1182572.0,MRPL.NS
2021-12-15,45.29999923706055,45.349998474121094,44.400001525878906,44.75,44.49951171875,614693.0,MRPL.NS
2021-12-16,45.0,45.0,43.79999923706055,43.900001525878906,43.65427017211914,515698.0,MRPL.NS
2021-12-17,44.150001525878906,44.79999923706055,42.95000076293945,44.099998474121094,43.853145599365234,874710.0,MRPL.NS
2021-12-20,43.79999923706055,43.79999923706055,40.95000076293945,41.70000076293945,41.466583251953125,891007.0,MRPL.NS
2021-12-21,42.54999923706055,43.45000076293945,41.849998474121094,42.20000076293945,41.963783264160156,712407.0,MRPL.NS
2021-12-22,42.400001525878906,43.20000076293945,42.29999923706055,42.5,42.26210403442383,386381.0,MRPL.NS
2021-12-23,43.20000076293945,43.20000076293945,42.650001525878906,42.79999923706055,42.5604248046875,358410.0,MRPL.NS
2021-12-24,42.79999923706055,43.20000076293945,42.099998474121094,42.29999923706055,42.06322479248047,421430.0,MRPL.NS
2021-12-27,42.29999923706055,42.29999923706055,41.5,41.650001525878906,41.41686248779297,780816.0,MRPL.NS
2021-12-28,41.95000076293945,44.20000076293945,41.900001525878906,43.349998474121094,43.10734558105469,1170145.0,MRPL.NS
2021-12-29,43.70000076293945,44.25,43.349998474121094,43.54999923706055,43.30622863769531,580779.0,MRPL.NS
2021-12-30,43.400001525878906,43.79999923706055,42.599998474121094,42.79999923706055,42.5604248046875,517908.0,MRPL.NS
2021-12-31,43.0,43.5,42.849998474121094,43.099998474121094,42.85874557495117,364595.0,MRPL.NS
2022-01-03,43.400001525878906,43.95000076293945,43.20000076293945,43.75,43.50510787963867,575705.0,MRPL.NS
2022-01-04,43.900001525878906,44.70000076293945,43.849998474121094,44.25,44.0023078918457,906641.0,MRPL.NS
2022-01-05,44.25,46.04999923706055,44.150001525878906,44.400001525878906,44.15147018432617,2238538.0,MRPL.NS
2022-01-06,44.150001525878906,45.75,43.75,45.29999923706055,45.04643249511719,1895435.0,MRPL.NS
2022-01-07,45.900001525878906,46.25,44.75,44.95000076293945,44.69839096069336,1540931.0,MRPL.NS
2022-01-10,45.5,45.599998474121094,44.5,44.849998474121094,44.59894943237305,1438137.0,MRPL.NS
2022-01-11,45.0,45.45000076293945,44.54999923706055,44.650001525878906,44.40007019042969,1295352.0,MRPL.NS
2022-01-12,45.04999923706055,45.150001525878906,44.099998474121094,44.349998474121094,44.101749420166016,1738586.0,MRPL.NS
2022-01-13,44.75,45.45000076293945,44.20000076293945,44.45000076293945,44.20119094848633,2074097.0,MRPL.NS
2022-01-14,44.29999923706055,45.45000076293945,44.29999923706055,44.95000076293945,44.69839096069336,1095798.0,MRPL.NS
2022-01-17,45.0,45.45000076293945,45.0,45.25,44.99671173095703,1211368.0,MRPL.NS
2022-01-18,45.5,49.25,45.400001525878906,45.900001525878906,45.64307403564453,13275957.0,MRPL.NS
2022-01-19,46.20000076293945,47.20000076293945,45.150001525878906,45.349998474121094,45.09614944458008,2583146.0,MRPL.NS
2022-01-20,45.54999923706055,45.900001525878906,44.29999923706055,44.54999923706055,44.300628662109375,1927421.0,MRPL.NS
2022-01-21,44.400001525878906,45.25,43.599998474121094,44.25,44.0023078918457,1550057.0,MRPL.NS
2022-01-24,44.29999923706055,44.650001525878906,41.29999923706055,41.45000076293945,41.21798324584961,1933839.0,MRPL.NS
2022-01-25,41.75,43.25,40.25,41.29999923706055,41.06882095336914,2046104.0,MRPL.NS
2022-01-27,41.0,43.79999923706055,41.0,43.400001525878906,43.15707015991211,3098354.0,MRPL.NS
2022-01-28,44.0,47.150001525878906,43.70000076293945,46.5,46.239715576171875,5742003.0,MRPL.NS
2022-01-31,47.5,48.0,45.5,45.900001525878906,45.64307403564453,5319081.0,MRPL.NS
2022-02-01,46.0,46.25,45.099998474121094,45.650001525878906,45.394474029541016,1470927.0,MRPL.NS
2022-02-02,45.95000076293945,46.79999923706055,45.75,46.400001525878906,46.14027786254883,1786462.0,MRPL.NS
2022-02-03,46.400001525878906,49.0,46.20000076293945,47.70000076293945,47.43299865722656,4828308.0,MRPL.NS
2022-02-04,48.150001525878906,48.849998474121094,47.099998474121094,47.45000076293945,47.18439865112305,2765007.0,MRPL.NS
2022-02-07,47.20000076293945,48.650001525878906,46.95000076293945,47.849998474121094,47.582157135009766,1367866.0,MRPL.NS
2022-02-08,47.849998474121094,48.150001525878906,46.25,46.95000076293945,46.68719482421875,1214226.0,MRPL.NS
2022-02-09,47.099998474121094,47.79999923706055,46.29999923706055,46.849998474121094,46.58775329589844,868348.0,MRPL.NS
2022-02-10,46.79999923706055,47.5,46.0,46.29999923706055,46.04083251953125,846967.0,MRPL.NS
2022-02-11,45.75,46.70000076293945,45.650001525878906,46.0,45.74251174926758,786439.0,MRPL.NS
2022-02-14,45.04999923706055,45.400001525878906,41.099998474121094,41.95000076293945,41.71518325805664,1692371.0,MRPL.NS
2022-02-15,42.04999923706055,44.400001525878906,41.79999923706055,44.20000076293945,43.95259094238281,1471004.0,MRPL.NS
2022-02-16,44.45000076293945,44.75,43.400001525878906,43.849998474121094,43.60454559326172,1466995.0,MRPL.NS
2022-02-17,44.5,44.650001525878906,42.849998474121094,43.29999923706055,43.05762481689453,701522.0,MRPL.NS
2022-02-18,43.650001525878906,43.650001525878906,42.5,42.70000076293945,42.46098709106445,500903.0,MRPL.NS
2022-02-21,43.0,43.099998474121094,41.599998474121094,41.900001525878906,41.66546630859375,918603.0,MRPL.NS
2022-02-22,41.0,41.599998474121094,40.599998474121094,41.0,40.77050018310547,1055349.0,MRPL.NS
2022-02-23,41.599998474121094,42.0,41.29999923706055,41.75,41.51630401611328,639347.0,MRPL.NS
2022-02-24,40.0,40.849998474121094,37.04999923706055,37.349998474121094,37.14093017578125,2100040.0,MRPL.NS
2022-02-25,39.25,40.20000076293945,38.5,39.45000076293945,39.22917938232422,1302511.0,MRPL.NS
2022-02-28,39.0,40.70000076293945,38.54999923706055,40.20000076293945,39.974979400634766,1181321.0,MRPL.NS
2022-03-02,40.400001525878906,41.900001525878906,40.20000076293945,40.900001525878906,40.67106246948242,1466755.0,MRPL.NS
2022-03-03,42.0,42.400001525878906,41.25,41.95000076293945,41.71518325805664,1571891.0,MRPL.NS
2022-03-04,41.0,41.79999923706055,40.5,40.79999923706055,40.57162094116211,1016075.0,MRPL.NS
2022-03-07,40.599998474121094,43.25,39.599998474121094,42.0,41.7649040222168,2899117.0,MRPL.NS
2022-03-08,42.0,43.400001525878906,41.5,41.95000076293945,41.71518325805664,2176959.0,MRPL.NS
2022-03-09,42.45000076293945,43.5,41.75,42.900001525878906,42.65986633300781,2889358.0,MRPL.NS
2022-03-10,43.5,45.099998474121094,43.0,43.95000076293945,43.7039909362793,2995683.0,MRPL.NS
2022-03-11,43.849998474121094,44.900001525878906,43.599998474121094,43.849998474121094,43.60454559326172,1620844.0,MRPL.NS
2022-03-14,43.95000076293945,44.150001525878906,43.0,43.099998474121094,42.85874557495117,984673.0,MRPL.NS
2022-03-15,43.45000076293945,43.45000076293945,41.900001525878906,42.099998474121094,41.864341735839844,898130.0,MRPL.NS
2022-03-16,42.75,42.849998474121094,42.0,42.349998474121094,42.11294174194336,720042.0,MRPL.NS
2022-03-17,42.75,42.849998474121094,40.599998474121094,41.20000076293945,40.969383239746094,2067211.0,MRPL.NS
2022-03-21,41.54999923706055,42.150001525878906,41.400001525878906,41.54999923706055,41.317420959472656,1131804.0,MRPL.NS
2022-03-22,41.54999923706055,43.79999923706055,41.54999923706055,42.5,42.26210403442383,3719008.0,MRPL.NS
2022-03-23,42.75,43.400001525878906,42.25,42.5,42.26210403442383,1310585.0,MRPL.NS
2022-03-24,42.5,43.04999923706055,42.04999923706055,42.150001525878906,41.914066314697266,980590.0,MRPL.NS
2022-03-25,42.400001525878906,42.599998474121094,41.5,41.650001525878906,41.41686248779297,973281.0,MRPL.NS
2022-03-28,42.04999923706055,42.25,40.0,40.70000076293945,40.4721794128418,1763437.0,MRPL.NS
2022-03-29,41.20000076293945,41.849998474121094,40.54999923706055,40.900001525878906,40.67106246948242,1461398.0,MRPL.NS
2022-03-30,41.150001525878906,43.0,40.79999923706055,42.29999923706055,42.06322479248047,2241569.0,MRPL.NS
2022-03-31,42.20000076293945,42.900001525878906,41.400001525878906,41.599998474121094,41.36714172363281,1137091.0,MRPL.NS
2022-04-01,41.599998474121094,43.29999923706055,41.599998474121094,43.04999923706055,42.809024810791016,1298498.0,MRPL.NS
2022-04-04,44.0,44.349998474121094,43.400001525878906,44.0,43.75370788574219,1089266.0,MRPL.NS
2022-04-05,44.20000076293945,50.400001525878906,44.20000076293945,49.25,48.97432327270508,15534797.0,MRPL.NS
2022-04-06,49.0,51.900001525878906,48.29999923706055,50.599998474121094,50.31676483154297,7900149.0,MRPL.NS
2022-04-07,50.79999923706055,52.70000076293945,50.099998474121094,50.400001525878906,50.11788558959961,6176255.0,MRPL.NS
2022-04-08,50.75,51.150001525878906,49.650001525878906,50.400001525878906,50.11788558959961,2195456.0,MRPL.NS
2022-04-11,50.400001525878906,54.79999923706055,50.25,54.5,54.1949348449707,14622902.0,MRPL.NS
2022-04-12,55.0,55.25,53.29999923706055,53.79999923706055,53.49885177612305,7803767.0,MRPL.NS
2022-04-13,54.150001525878906,54.79999923706055,52.25,52.650001525878906,52.35529327392578,3188181.0,MRPL.NS
2022-04-18,52.599998474121094,53.45000076293945,51.650001525878906,52.900001525878906,52.6038932800293,2836603.0,MRPL.NS
2022-04-19,53.25,63.45000076293945,53.150001525878906,57.650001525878906,57.32730484008789,72649710.0,MRPL.NS
2022-04-20,58.599998474121094,69.1500015258789,58.5,67.9000015258789,67.51992797851562,109691252.0,MRPL.NS
2022-04-21,71.25,72.9000015258789,65.55000305175781,68.69999694824219,68.31544494628906,37933762.0,MRPL.NS
2022-04-22,66.75,71.6500015258789,66.3499984741211,69.80000305175781,69.40929412841797,25951465.0,MRPL.NS
2022-04-25,69.0,69.4000015258789,65.0,66.30000305175781,65.92888641357422,8289366.0,MRPL.NS
2022-04-26,67.0,68.05000305175781,64.0,64.55000305175781,64.18868255615234,6649514.0,MRPL.NS
2022-04-27,64.30000305175781,67.30000305175781,61.75,65.19999694824219,64.83503723144531,11972731.0,MRPL.NS
2022-04-28,68.0,71.69999694824219,67.1500015258789,69.0,68.61376953125,29235991.0,MRPL.NS
2022-04-29,71.19999694824219,75.80000305175781,70.5,73.75,73.3371810913086,30575783.0,MRPL.NS
2022-05-02,73.69999694824219,80.80000305175781,70.0999984741211,79.8499984741211,79.40303802490234,28382804.0,MRPL.NS
2022-05-04,80.25,84.5999984741211,76.1500015258789,78.94999694824219,78.50807189941406,31101904.0,MRPL.NS
2022-05-05,79.80000305175781,81.6500015258789,75.30000305175781,76.75,76.32038879394531,16541802.0,MRPL.NS
2022-05-06,75.0,79.69999694824219,74.44999694824219,77.8499984741211,77.41423034667969,16431211.0,MRPL.NS
2022-05-09,78.0,78.4000015258789,72.5999984741211,73.6500015258789,73.23773956298828,11232270.0,MRPL.NS
2022-05-10,74.0,76.5999984741211,74.0,74.6500015258789,74.23214721679688,11656485.0,MRPL.NS
2022-05-11,75.25,75.69999694824219,67.5,68.44999694824219,68.06684875488281,12287871.0,MRPL.NS
2022-05-12,69.8499984741211,73.69999694824219,66.30000305175781,66.8499984741211,66.4758071899414,19888522.0,MRPL.NS
2022-05-13,69.44999694824219,71.8499984741211,67.25,67.75,67.37076568603516,12310226.0,MRPL.NS
2022-05-16,68.9000015258789,74.5,67.44999694824219,73.9000015258789,73.48634338378906,14599304.0,MRPL.NS
2022-05-17,76.3499984741211,81.25,75.69999694824219,81.25,80.79520416259766,15212980.0,MRPL.NS
2022-05-18,84.19999694824219,89.3499984741211,83.5,89.3499984741211,88.84986114501953,29077841.0,MRPL.NS
2022-05-19,86.5,93.3499984741211,86.19999694824219,88.3499984741211,87.85545349121094,29757422.0,MRPL.NS
2022-05-20,91.44999694824219,92.75,91.0,92.75,92.23082733154297,15206517.0,MRPL.NS
2022-05-23,94.80000305175781,95.80000305175781,88.1500015258789,88.1500015258789,87.65657806396484,3484113.0,MRPL.NS
2022-05-24,83.75,83.75,83.75,83.75,83.28120422363281,506079.0,MRPL.NS
2022-05-25,79.5999984741211,79.5999984741211,79.5999984741211,79.5999984741211,79.15443420410156,216622.0,MRPL.NS
2022-05-26,78.5,83.55000305175781,75.6500015258789,83.5,83.03260803222656,19802871.0,MRPL.NS
2022-05-27,84.9000015258789,86.3499984741211,79.3499984741211,79.3499984741211,78.90583801269531,4604923.0,MRPL.NS
2022-05-30,80.0999984741211,81.69999694824219,76.0,77.80000305175781,77.36451721191406,7266354.0,MRPL.NS
2022-05-31,78.94999694824219,81.6500015258789,78.69999694824219,81.1500015258789,80.69576263427734,5777231.0,MRPL.NS
2022-06-01,82.0,84.80000305175781,80.75,82.94999694824219,82.48567962646484,7511214.0,MRPL.NS
2022-06-02,82.3499984741211,83.80000305175781,80.25,82.1500015258789,81.6901626586914,5980503.0,MRPL.NS
2022-06-03,82.55000305175781,86.25,82.3499984741211,86.19999694824219,85.71749114990234,8289160.0,MRPL.NS
2022-06-06,88.3499984741211,90.5,87.5999984741211,90.5,89.99342346191406,2454803.0,MRPL.NS
2022-06-07,95.5,108.5999984741211,95.30000305175781,108.1500015258789,107.54463195800781,49321987.0,MRPL.NS
2022-06-08,110.0999984741211,127.6500015258789,110.05000305175781,118.0,117.33949279785156,86968940.0,MRPL.NS
2022-06-09,118.0999984741211,126.5999984741211,113.0,120.6500015258789,119.97466278076172,55105857.0,MRPL.NS
2022-06-10,119.0,123.30000305175781,115.30000305175781,120.0,119.32829284667969,31413703.0,MRPL.NS
2022-06-13,116.6500015258789,116.6500015258789,110.0,111.25,110.62727355957031,20653564.0,MRPL.NS
2022-06-14,109.19999694824219,114.80000305175781,96.0,98.80000305175781,98.24696350097656,25975514.0,MRPL.NS
2022-06-15,101.0,105.30000305175781,94.5999984741211,102.94999694824219,102.37373352050781,44084274.0,MRPL.NS
2022-06-16,106.0,109.05000305175781,94.6500015258789,96.19999694824219,95.66151428222656,28706243.0,MRPL.NS
2022-06-17,96.19999694824219,99.30000305175781,78.0,94.5999984741211,94.07047271728516,24884485.0,MRPL.NS
2022-06-20,91.5,94.4000015258789,75.69999694824219,76.69999694824219,76.27066802978516,30581149.0,MRPL.NS
2022-06-21,78.5,84.3499984741211,78.5,84.3499984741211,83.87784576416016,18150916.0,MRPL.NS
2022-06-22,86.05000305175781,90.94999694824219,85.1500015258789,88.05000305175781,87.55714416503906,25691211.0,MRPL.NS
2022-06-23,87.69999694824219,88.5999984741211,81.69999694824219,84.69999694824219,84.22588348388672,15104019.0,MRPL.NS
2022-06-24,87.0,87.9000015258789,83.0,83.55000305175781,83.08232879638672,6989681.0,MRPL.NS
2022-06-27,85.75,86.44999694824219,81.8499984741211,82.1500015258789,81.6901626586914,6566939.0,MRPL.NS
2022-06-28,83.5,90.3499984741211,83.5,90.3499984741211,89.8442611694336,15572272.0,MRPL.NS
2022-06-29,93.19999694824219,98.6500015258789,92.1500015258789,93.0999984741211,92.57886505126953,21544259.0,MRPL.NS
2022-06-30,94.0,95.19999694824219,88.44999694824219,90.5999984741211,90.09286499023438,12014874.0,MRPL.NS
2022-07-01,88.05000305175781,91.25,81.55000305175781,81.55000305175781,81.09352111816406,26739501.0,MRPL.NS
2022-07-04,79.6500015258789,83.5,77.5,78.9000015258789,78.45835876464844,12083139.0,MRPL.NS
2022-07-05,79.94999694824219,81.44999694824219,76.5,77.1500015258789,76.71815490722656,7568790.0,MRPL.NS
2022-07-06,75.0,75.5,69.5,70.69999694824219,70.30425262451172,15316422.0,MRPL.NS
2022-07-07,69.94999694824219,74.19999694824219,69.25,72.44999694824219,72.0444564819336,11455011.0,MRPL.NS
2022-07-08,74.5,75.44999694824219,71.5,71.94999694824219,71.54725646972656,7659437.0,MRPL.NS
2022-07-11,71.94999694824219,73.25,70.8499984741211,71.9000015258789,71.4975357055664,6637949.0,MRPL.NS
2022-07-12,71.9000015258789,73.25,70.9000015258789,71.75,71.34837341308594,4739472.0,MRPL.NS
2022-07-13,70.9000015258789,71.75,70.0,71.25,70.8511734008789,3297040.0,MRPL.NS
2022-07-14,71.4000015258789,72.9000015258789,70.4000015258789,71.75,71.34837341308594,5158156.0,MRPL.NS
2022-07-15,71.94999694824219,72.25,70.5999984741211,71.0999984741211,70.70201110839844,1792599.0,MRPL.NS
2022-07-18,70.5,72.25,70.4000015258789,71.55000305175781,71.14949798583984,3041261.0,MRPL.NS
2022-07-19,72.4000015258789,74.80000305175781,72.25,72.69999694824219,72.29305267333984,6063417.0,MRPL.NS
2022-07-20,76.30000305175781,76.30000305175781,74.80000305175781,76.30000305175781,75.87290954589844,5133739.0,MRPL.NS
2022-07-21,78.55000305175781,78.55000305175781,73.05000305175781,73.5,73.08858489990234,6733542.0,MRPL.NS
2022-07-22,73.80000305175781,74.0,71.75,72.4000015258789,71.99474334716797,3423197.0,MRPL.NS
2022-07-25,72.4000015258789,73.80000305175781,71.0,73.25,72.83998107910156,4804635.0,MRPL.NS
2022-07-26,75.25,75.25,73.4000015258789,73.94999694824219,73.53605651855469,3864038.0,MRPL.NS
2022-07-27,74.0,74.30000305175781,72.69999694824219,72.8499984741211,72.44221496582031,1546071.0,MRPL.NS
2022-07-28,73.69999694824219,75.19999694824219,73.25,74.5999984741211,74.18241882324219,3372854.0,MRPL.NS
2022-07-29,74.44999694824219,74.44999694824219,72.5,72.80000305175781,72.39250183105469,4375340.0,MRPL.NS
2022-08-01,74.0,76.3499984741211,72.5,73.4000015258789,72.98914337158203,5917156.0,MRPL.NS
2022-08-02,73.0,74.44999694824219,72.4000015258789,72.8499984741211,72.44221496582031,2923077.0,MRPL.NS
2022-08-03,73.0999984741211,73.69999694824219,71.8499984741211,72.25,71.8455810546875,2226239.0,MRPL.NS
2022-08-04,72.80000305175781,73.25,70.69999694824219,72.44999694824219,72.0444564819336,3352103.0,MRPL.NS
2022-08-05,73.5,73.5999984741211,71.5999984741211,71.9000015258789,71.4975357055664,3954851.0,MRPL.NS
2022-08-08,72.5,73.1500015258789,71.0999984741211,72.30000305175781,71.89530181884766,2390227.0,MRPL.NS
2022-08-10,72.44999694824219,73.0,70.80000305175781,71.6500015258789,71.24893951416016,3326632.0,MRPL.NS
2022-08-11,72.0999984741211,72.5,71.3499984741211,71.8499984741211,71.44781494140625,1352434.0,MRPL.NS
2022-08-12,71.94999694824219,79.75,71.5,75.1500015258789,74.7293472290039,26621581.0,MRPL.NS
2022-08-16,75.44999694824219,75.69999694824219,73.19999694824219,73.6500015258789,73.23773956298828,3764467.0,MRPL.NS
2022-08-17,74.0,75.4000015258789,71.80000305175781,73.9000015258789,73.48634338378906,6620211.0,MRPL.NS
2022-08-18,74.0,76.75,74.0,74.69999694824219,74.2818603515625,7758026.0,MRPL.NS
2022-08-19,74.5999984741211,74.6500015258789,70.0,70.55000305175781,70.15509796142578,12200806.0,MRPL.NS
2022-08-22,70.0,70.69999694824219,68.30000305175781,69.0,68.61376953125,3666328.0,MRPL.NS
2022-08-23,68.8499984741211,73.5,68.5999984741211,72.69999694824219,72.29305267333984,12554650.0,MRPL.NS
2022-08-24,74.19999694824219,76.44999694824219,73.55000305175781,74.30000305175781,73.88410949707031,13597293.0,MRPL.NS
2022-08-25,75.1500015258789,75.80000305175781,73.80000305175781,74.0999984741211,73.68521881103516,4283398.0,MRPL.NS
2022-08-26,74.44999694824219,75.0,72.94999694824219,73.0999984741211,72.6908187866211,2751250.0,MRPL.NS
2022-08-29,71.0,73.0999984741211,71.0,72.3499984741211,71.94501495361328,2524863.0,MRPL.NS
2022-08-30,73.4000015258789,74.69999694824219,72.8499984741211,73.0,72.59137725830078,3110290.0,MRPL.NS
2022-09-01,72.0999984741211,72.5,70.9000015258789,71.44999694824219,71.05005645751953,3662287.0,MRPL.NS
2022-09-02,73.0,74.5,72.4000015258789,72.69999694824219,72.29305267333984,6209097.0,MRPL.NS
2022-09-05,73.0,73.0999984741211,71.0999984741211,71.9000015258789,71.4975357055664,2438514.0,MRPL.NS
2022-09-06,72.5999984741211,73.3499984741211,71.6500015258789,71.80000305175781,71.39810180664062,4509611.0,MRPL.NS
2022-09-07,71.75,75.5,71.30000305175781,73.5999984741211,73.18801879882812,12090937.0,MRPL.NS
2022-09-08,73.5999984741211,74.19999694824219,72.0,72.69999694824219,72.29305267333984,3523727.0,MRPL.NS
2022-09-09,73.30000305175781,73.30000305175781,71.69999694824219,71.8499984741211,71.44781494140625,2624859.0,MRPL.NS
2022-09-12,72.5999984741211,72.5999984741211,71.44999694824219,71.94999694824219,71.54725646972656,2032918.0,MRPL.NS
2022-09-13,72.4000015258789,72.5,71.5,71.75,71.34837341308594,1707743.0,MRPL.NS
2022-09-14,71.05000305175781,73.44999694824219,71.0,72.0,71.59697723388672,4305488.0,MRPL.NS
2022-09-15,72.5,72.5,71.0999984741211,71.3499984741211,70.95061492919922,1798621.0,MRPL.NS
2022-09-16,71.4000015258789,71.80000305175781,70.05000305175781,70.5,70.10537719726562,2809368.0,MRPL.NS
2022-09-19,71.55000305175781,72.0,69.5,69.69999694824219,69.30985260009766,2539925.0,MRPL.NS
2022-09-20,70.19999694824219,70.3499984741211,67.5,68.0999984741211,67.71880340576172,2932994.0,MRPL.NS
2022-09-21,68.0,68.0999984741211,64.8499984741211,65.19999694824219,64.83503723144531,4803434.0,MRPL.NS
2022-09-22,64.5999984741211,66.3499984741211,64.0,65.1500015258789,64.78532409667969,3204595.0,MRPL.NS
2022-09-23,65.55000305175781,65.6500015258789,63.099998474121094,63.349998474121094,62.99539566040039,1879865.0,MRPL.NS
2022-09-26,63.04999923706055,63.29999923706055,59.70000076293945,60.20000076293945,59.86302947998047,2890790.0,MRPL.NS
2022-09-27,61.099998474121094,62.599998474121094,60.5,60.849998474121094,60.5093879699707,2440111.0,MRPL.NS
2022-09-28,60.25,60.25,57.79999923706055,58.599998474121094,58.2719841003418,2256510.0,MRPL.NS
2022-09-29,59.150001525878906,60.349998474121094,58.900001525878906,59.099998474121094,58.76918411254883,1998245.0,MRPL.NS
2022-09-30,59.900001525878906,59.900001525878906,58.54999923706055,59.349998474121094,59.017784118652344,2613145.0,MRPL.NS
2022-10-03,60.0,64.9000015258789,59.349998474121094,60.20000076293945,59.86302947998047,10526727.0,MRPL.NS
2022-10-04,62.0,62.400001525878906,60.099998474121094,60.349998474121094,60.01218795776367,2751875.0,MRPL.NS
2022-10-06,61.599998474121094,61.95000076293945,61.0,61.29999923706055,60.956871032714844,2519398.0,MRPL.NS
2022-10-07,61.099998474121094,61.45000076293945,60.20000076293945,60.79999923706055,60.45967102050781,2955575.0,MRPL.NS
2022-10-10,60.900001525878906,61.20000076293945,59.75,60.04999923706055,59.7138671875,2229134.0,MRPL.NS
2022-10-11,60.29999923706055,60.29999923706055,57.900001525878906,58.25,57.92394256591797,2247194.0,MRPL.NS
2022-10-12,58.349998474121094,58.70000076293945,57.29999923706055,58.54999923706055,58.22226333618164,1994501.0,MRPL.NS
2022-10-13,58.79999923706055,59.0,57.79999923706055,58.150001525878906,57.82450485229492,1045638.0,MRPL.NS
2022-10-14,59.0,59.29999923706055,58.0,58.150001525878906,57.82450485229492,1243945.0,MRPL.NS
2022-10-17,57.25,57.400001525878906,55.5,55.849998474121094,55.537376403808594,2878703.0,MRPL.NS
2022-10-18,56.04999923706055,57.5,56.04999923706055,57.04999923706055,56.73065948486328,1820657.0,MRPL.NS
2022-10-19,57.25,58.45000076293945,56.95000076293945,57.599998474121094,57.27758026123047,1389013.0,MRPL.NS
2022-10-20,57.29999923706055,61.25,57.04999923706055,59.29999923706055,58.96806716918945,5696631.0,MRPL.NS
2022-10-21,59.5,59.599998474121094,57.599998474121094,58.04999923706055,57.72506332397461,1388311.0,MRPL.NS
2022-10-24,58.5,59.099998474121094,58.5,58.849998474121094,58.52058410644531,472549.0,MRPL.NS
2022-10-25,59.04999923706055,59.150001525878906,56.95000076293945,57.04999923706055,56.73065948486328,2709868.0,MRPL.NS
2022-10-27,56.70000076293945,57.0,55.349998474121094,55.900001525878906,55.587100982666016,3726507.0,MRPL.NS
2022-10-28,55.75,57.599998474121094,55.75,56.599998474121094,56.28317642211914,2790567.0,MRPL.NS
2022-10-31,55.0,55.0,52.400001525878906,54.04999923706055,53.74745178222656,3883543.0,MRPL.NS
2022-11-01,53.5,54.79999923706055,53.5,54.150001525878906,53.846893310546875,1455817.0,MRPL.NS
2022-11-02,54.0,55.20000076293945,54.0,54.54999923706055,54.24465560913086,1767501.0,MRPL.NS
2022-11-03,54.5,55.70000076293945,54.29999923706055,54.95000076293945,54.642417907714844,1712883.0,MRPL.NS
2022-11-04,55.25,55.599998474121094,54.79999923706055,55.04999923706055,54.74185562133789,1912935.0,MRPL.NS
2022-11-07,55.29999923706055,55.599998474121094,54.349998474121094,54.599998474121094,54.29437255859375,2077217.0,MRPL.NS
2022-11-09,54.599998474121094,56.599998474121094,54.150001525878906,55.0,54.692134857177734,3821584.0,MRPL.NS
2022-11-10,54.54999923706055,55.54999923706055,54.04999923706055,54.25,53.94633483886719,1450039.0,MRPL.NS
2022-11-11,54.54999923706055,54.849998474121094,53.70000076293945,53.900001525878906,53.59829330444336,1703960.0,MRPL.NS
2022-11-14,54.29999923706055,54.400001525878906,53.25,53.349998474121094,53.051368713378906,1244401.0,MRPL.NS
2022-11-15,53.650001525878906,53.79999923706055,53.099998474121094,53.25,52.95193099975586,1199261.0,MRPL.NS
2022-11-16,53.54999923706055,55.04999923706055,53.29999923706055,53.75,53.44913101196289,2598397.0,MRPL.NS
2022-11-17,53.75,54.400001525878906,53.45000076293945,53.900001525878906,53.59829330444336,1170003.0,MRPL.NS
2022-11-18,53.599998474121094,54.29999923706055,53.29999923706055,53.45000076293945,53.150814056396484,810407.0,MRPL.NS
2022-11-21,53.75,53.75,52.75,52.95000076293945,52.65361022949219,890719.0,MRPL.NS
2022-11-22,53.20000076293945,53.25,52.20000076293945,52.45000076293945,52.156410217285156,961417.0,MRPL.NS
2022-11-23,52.70000076293945,53.5,52.349998474121094,52.849998474121094,52.554168701171875,1382717.0,MRPL.NS
2022-11-24,53.400001525878906,57.45000076293945,53.20000076293945,56.04999923706055,55.73625946044922,12165882.0,MRPL.NS
2022-11-25,56.400001525878906,57.70000076293945,55.75,57.04999923706055,56.73065948486328,4081164.0,MRPL.NS
2022-11-28,57.349998474121094,59.900001525878906,57.04999923706055,58.95000076293945,58.620025634765625,6653826.0,MRPL.NS
2022-11-29,59.25,59.400001525878906,57.599998474121094,57.75,57.42674255371094,2650716.0,MRPL.NS
2022-11-30,57.849998474121094,59.54999923706055,57.04999923706055,58.849998474121094,58.52058410644531,3941450.0,MRPL.NS
2022-12-01,59.150001525878906,59.70000076293945,58.0,58.150001525878906,57.82450485229492,1715811.0,MRPL.NS
2022-12-02,59.5,61.25,59.099998474121094,59.29999923706055,58.96806716918945,7812808.0,MRPL.NS
2022-12-05,59.5,60.400001525878906,58.75,59.20000076293945,58.86862564086914,2879399.0,MRPL.NS
2022-12-06,59.0,59.150001525878906,58.150001525878906,58.349998474121094,58.02338409423828,1259224.0,MRPL.NS
2022-12-07,58.599998474121094,61.400001525878906,58.0,60.849998474121094,60.5093879699707,7994012.0,MRPL.NS
2022-12-08,61.20000076293945,61.400001525878906,60.0,60.150001525878906,59.81330871582031,3430640.0,MRPL.NS
2022-12-09,60.400001525878906,60.79999923706055,57.150001525878906,57.75,57.42674255371094,3187121.0,MRPL.NS
2022-12-12,57.54999923706055,59.45000076293945,57.04999923706055,59.150001525878906,58.81890869140625,2536519.0,MRPL.NS
2022-12-13,59.45000076293945,60.150001525878906,58.5,58.70000076293945,58.37142562866211,2005877.0,MRPL.NS
2022-12-14,59.0,62.79999923706055,58.400001525878906,61.5,61.1557502746582,12080966.0,MRPL.NS
2022-12-15,61.400001525878906,63.599998474121094,60.849998474121094,61.900001525878906,61.55351257324219,9185848.0,MRPL.NS
2022-12-16,62.650001525878906,63.79999923706055,61.45000076293945,61.75,61.404354095458984,6480092.0,MRPL.NS
2022-12-19,61.95000076293945,62.20000076293945,60.349998474121094,61.650001525878906,61.30491256713867,2847660.0,MRPL.NS
2022-12-20,61.29999923706055,61.900001525878906,60.099998474121094,60.5,60.16135025024414,1900012.0,MRPL.NS
2022-12-21,60.70000076293945,61.29999923706055,56.900001525878906,57.54999923706055,57.22785949707031,3179536.0,MRPL.NS
2022-12-22,58.0,58.5,55.45000076293945,56.150001525878906,55.83570098876953,2276602.0,MRPL.NS
2022-12-23,55.5,55.79999923706055,52.0,52.599998474121094,52.30556869506836,2506155.0,MRPL.NS
2022-12-26,53.0,54.400001525878906,52.400001525878906,53.75,53.44913101196289,2487466.0,MRPL.NS
2022-12-27,54.29999923706055,55.900001525878906,54.20000076293945,54.900001525878906,54.59269714355469,2379488.0,MRPL.NS
2022-12-28,54.900001525878906,55.45000076293945,54.599998474121094,55.04999923706055,54.74185562133789,2146367.0,MRPL.NS
2022-12-29,55.0,55.5,54.349998474121094,55.400001525878906,55.08989715576172,1285323.0,MRPL.NS
2022-12-30,55.54999923706055,57.20000076293945,55.5,56.099998474121094,55.78597640991211,2061388.0,MRPL.NS
2023-01-02,56.400001525878906,58.04999923706055,56.150001525878906,57.70000076293945,57.37702178955078,2339303.0,MRPL.NS
2023-01-03,57.29999923706055,58.29999923706055,57.0,57.099998474121094,56.78038024902344,1922512.0,MRPL.NS
2023-01-04,57.04999923706055,57.29999923706055,56.0,56.599998474121094,56.28317642211914,1312243.0,MRPL.NS
2023-01-05,57.0,57.400001525878906,56.0,56.20000076293945,55.88541793823242,1464523.0,MRPL.NS
2023-01-06,56.400001525878906,56.650001525878906,55.150001525878906,55.349998474121094,55.04017639160156,1421856.0,MRPL.NS
2023-01-09,55.650001525878906,56.349998474121094,55.599998474121094,55.900001525878906,55.587100982666016,877222.0,MRPL.NS
2023-01-10,55.79999923706055,57.099998474121094,55.29999923706055,56.54999923706055,56.23345947265625,2334708.0,MRPL.NS
2023-01-11,56.75,59.849998474121094,56.29999923706055,58.849998474121094,58.52058410644531,11468695.0,MRPL.NS
2023-01-12,58.849998474121094,59.650001525878906,57.849998474121094,58.349998474121094,58.02338409423828,2771532.0,MRPL.NS
2023-01-13,58.5,58.650001525878906,57.5,57.849998474121094,57.526180267333984,2155081.0,MRPL.NS
2023-01-16,58.04999923706055,58.29999923706055,57.5,57.79999923706055,57.476463317871094,2316325.0,MRPL.NS
2023-01-17,59.45000076293945,60.5,58.29999923706055,59.0,58.66974639892578,7795674.0,MRPL.NS
2023-01-18,59.29999923706055,59.95000076293945,57.849998474121094,59.29999923706055,58.96806716918945,3281828.0,MRPL.NS
2023-01-19,59.0,59.29999923706055,58.25,58.45000076293945,58.122825622558594,1266237.0,MRPL.NS
2023-01-20,58.599998474121094,58.75,57.79999923706055,58.0,57.67534255981445,1095763.0,MRPL.NS
2023-01-23,58.25,59.099998474121094,57.900001525878906,58.5,58.172542572021484,1644221.0,MRPL.NS
2023-01-24,58.650001525878906,58.849998474121094,57.900001525878906,58.25,57.92394256591797,1465374.0,MRPL.NS
2023-01-25,58.5,58.599998474121094,56.599998474121094,56.95000076293945,56.631221771240234,1251952.0,MRPL.NS
2023-01-27,57.25,59.150001525878906,56.20000076293945,57.849998474121094,57.526180267333984,4866880.0,MRPL.NS
2023-01-30,58.150001525878906,58.599998474121094,56.75,57.54999923706055,57.22785949707031,2053373.0,MRPL.NS
2023-01-31,58.04999923706055,59.400001525878906,57.349998474121094,57.599998474121094,57.27758026123047,3197585.0,MRPL.NS
2023-02-01,57.95000076293945,57.95000076293945,55.099998474121094,55.79999923706055,55.48765563964844,1720626.0,MRPL.NS
2023-02-02,55.79999923706055,56.150001525878906,54.5,54.79999923706055,54.493255615234375,1312494.0,MRPL.NS
2023-02-03,55.0,55.20000076293945,52.849998474121094,53.95000076293945,53.648014068603516,1505223.0,MRPL.NS
2023-02-06,53.79999923706055,54.599998474121094,53.54999923706055,54.099998474121094,53.79717254638672,1270232.0,MRPL.NS
2023-02-07,54.400001525878906,55.400001525878906,54.0,55.0,54.692134857177734,1931145.0,MRPL.NS
2023-02-08,55.400001525878906,56.29999923706055,54.849998474121094,55.0,54.692134857177734,1227600.0,MRPL.NS
2023-02-09,55.29999923706055,55.29999923706055,54.29999923706055,54.5,54.1949348449707,764689.0,MRPL.NS
2023-02-10,54.349998474121094,54.70000076293945,53.849998474121094,54.0,53.69773483276367,801179.0,MRPL.NS
2023-02-13,54.099998474121094,54.349998474121094,53.400001525878906,53.599998474121094,53.29997253417969,677987.0,MRPL.NS
2023-02-14,53.95000076293945,54.04999923706055,52.5,53.04999923706055,52.7530517578125,1070416.0,MRPL.NS
2023-02-15,52.79999923706055,54.04999923706055,52.54999923706055,53.75,53.44913101196289,1418218.0,MRPL.NS
2023-02-16,54.75,55.45000076293945,54.400001525878906,54.599998474121094,54.29437255859375,2263601.0,MRPL.NS
2023-02-17,54.20000076293945,54.75,53.79999923706055,54.0,53.69773483276367,682743.0,MRPL.NS
2023-02-20,54.25,54.25,52.900001525878906,53.099998474121094,52.80276870727539,786793.0,MRPL.NS
2023-02-21,53.25,53.400001525878906,52.900001525878906,53.0,52.703330993652344,629992.0,MRPL.NS
2023-02-22,52.79999923706055,53.099998474121094,52.099998474121094,52.29999923706055,52.00724792480469,817385.0,MRPL.NS
2023-02-23,52.150001525878906,52.45000076293945,51.25,51.650001525878906,51.36088943481445,874570.0,MRPL.NS
2023-02-24,51.900001525878906,52.0,50.900001525878906,51.0,50.71452713012695,980468.0,MRPL.NS
2023-02-27,50.95000076293945,50.95000076293945,49.25,49.849998474121094,49.570960998535156,1632526.0,MRPL.NS
2023-02-28,49.95000076293945,51.20000076293945,49.25,49.849998474121094,49.570960998535156,1695013.0,MRPL.NS
2023-03-01,50.04999923706055,51.650001525878906,49.75,51.349998474121094,51.062564849853516,1215575.0,MRPL.NS
2023-03-02,51.20000076293945,51.54999923706055,50.70000076293945,50.95000076293945,50.6648063659668,835769.0,MRPL.NS
2023-03-03,51.150001525878906,51.54999923706055,50.75,51.04999923706055,50.764244079589844,1085568.0,MRPL.NS
2023-03-06,51.599998474121094,53.650001525878906,51.5,53.349998474121094,53.051368713378906,3050917.0,MRPL.NS
2023-03-08,53.099998474121094,55.25,53.0,54.400001525878906,54.095497131347656,3584728.0,MRPL.NS
2023-03-09,54.5,56.0,54.5,54.79999923706055,54.493255615234375,2685504.0,MRPL.NS
2023-03-10,54.29999923706055,60.0,53.75,58.849998474121094,58.52058410644531,22903826.0,MRPL.NS
2023-03-13,59.150001525878906,61.099998474121094,54.29999923706055,56.75,56.43233871459961,9232539.0,MRPL.NS
2023-03-14,56.70000076293945,58.20000076293945,55.599998474121094,57.0,56.68094253540039,5400865.0,MRPL.NS
2023-03-15,57.849998474121094,60.5,57.400001525878906,59.099998474121094,58.76918411254883,9741639.0,MRPL.NS
2023-03-16,59.29999923706055,60.75,56.54999923706055,57.45000076293945,57.128421783447266,6020418.0,MRPL.NS
2023-03-17,58.20000076293945,59.5,56.650001525878906,59.099998474121094,58.76918411254883,5455748.0,MRPL.NS
2023-03-20,59.04999923706055,60.0,55.70000076293945,56.25,55.93513870239258,3631397.0,MRPL.NS
2023-03-21,57.0,58.25,55.20000076293945,55.54999923706055,55.23905563354492,4102855.0,MRPL.NS
2023-03-22,56.0,56.04999923706055,54.400001525878906,54.650001525878906,54.34409713745117,2047291.0,MRPL.NS
2023-03-23,54.5,54.75,53.900001525878906,54.150001525878906,53.846893310546875,1414070.0,MRPL.NS
2023-03-24,54.099998474121094,54.70000076293945,52.0,52.599998474121094,52.30556869506836,2171609.0,MRPL.NS
2023-03-27,52.599998474121094,52.599998474121094,50.5,50.849998474121094,50.565364837646484,2045819.0,MRPL.NS
2023-03-28,51.0,51.20000076293945,49.79999923706055,50.75,50.46592712402344,2606248.0,MRPL.NS
2023-03-29,50.75,51.400001525878906,49.75,51.099998474121094,50.81396484375,2956063.0,MRPL.NS
2023-03-31,51.599998474121094,52.95000076293945,51.599998474121094,52.54999923706055,52.2558479309082,2521962.0,MRPL.NS
2023-04-03,53.099998474121094,54.349998474121094,53.04999923706055,53.70000076293945,53.3994140625,2368806.0,MRPL.NS
2023-04-05,55.70000076293945,56.29999923706055,54.599998474121094,54.95000076293945,54.642417907714844,3470644.0,MRPL.NS
2023-04-06,54.5,54.75,54.0,54.25,53.94633483886719,1295336.0,MRPL.NS
2023-04-10,54.29999923706055,54.400001525878906,53.75,54.25,53.94633483886719,1227727.0,MRPL.NS
2023-04-11,54.29999923706055,54.849998474121094,54.099998474121094,54.25,53.94633483886719,790352.0,MRPL.NS
2023-04-12,54.29999923706055,54.599998474121094,53.29999923706055,53.5,53.200531005859375,1461097.0,MRPL.NS
2023-04-13,53.45000076293945,54.29999923706055,53.150001525878906,53.29999923706055,53.001651763916016,1470594.0,MRPL.NS
2023-04-17,53.29999923706055,53.70000076293945,52.849998474121094,53.54999923706055,53.25025177001953,1020748.0,MRPL.NS
2023-04-18,53.5,54.45000076293945,53.349998474121094,53.75,53.44913101196289,1393194.0,MRPL.NS
2023-04-19,54.45000076293945,54.900001525878906,53.900001525878906,54.25,53.94633483886719,1995674.0,MRPL.NS
2023-04-20,54.29999923706055,54.849998474121094,53.650001525878906,54.150001525878906,53.846893310546875,3811004.0,MRPL.NS
2023-04-21,54.0,54.400001525878906,53.150001525878906,53.25,52.95193099975586,1781783.0,MRPL.NS
2023-04-24,53.5,53.79999923706055,53.0,53.54999923706055,53.25025177001953,1095381.0,MRPL.NS
2023-04-25,53.5,54.79999923706055,53.5,54.20000076293945,53.89661407470703,1639324.0,MRPL.NS
2023-04-26,54.099998474121094,55.349998474121094,54.0,54.70000076293945,54.39381408691406,3263064.0,MRPL.NS
2023-04-27,54.20000076293945,61.849998474121094,54.20000076293945,60.95000076293945,60.608829498291016,28171286.0,MRPL.NS
2023-04-28,61.45000076293945,66.30000305175781,61.20000076293945,64.25,63.890357971191406,52371104.0,MRPL.NS
2023-05-02,63.0,63.0,60.400001525878906,60.599998474121094,60.26078796386719,12691240.0,MRPL.NS
2023-05-03,60.70000076293945,63.150001525878906,60.29999923706055,61.45000076293945,61.10603332519531,8939866.0,MRPL.NS
2023-05-04,61.54999923706055,62.70000076293945,61.54999923706055,61.900001525878906,61.55351257324219,4393837.0,MRPL.NS
2023-05-05,61.900001525878906,62.20000076293945,60.849998474121094,61.04999923706055,60.70827102661133,3353806.0,MRPL.NS
2023-05-08,61.400001525878906,61.400001525878906,60.75,61.04999923706055,60.70827102661133,2327716.0,MRPL.NS
2023-05-09,61.04999923706055,64.4000015258789,61.0,62.95000076293945,62.59763717651367,13650015.0,MRPL.NS
2023-05-10,63.29999923706055,63.29999923706055,61.20000076293945,61.95000076293945,61.603233337402344,3230214.0,MRPL.NS
2023-05-11,62.25,63.95000076293945,62.099998474121094,62.95000076293945,62.59763717651367,4443001.0,MRPL.NS
2023-05-12,62.79999923706055,63.75,62.20000076293945,62.599998474121094,62.24959182739258,3302597.0,MRPL.NS
2023-05-15,62.900001525878906,63.04999923706055,62.20000076293945,62.349998474121094,62.00099182128906,1924984.0,MRPL.NS
2023-05-16,62.900001525878906,64.6500015258789,62.79999923706055,63.25,62.895957946777344,6098024.0,MRPL.NS
2023-05-17,63.400001525878906,66.0,63.099998474121094,64.55000305175781,64.18868255615234,15290038.0,MRPL.NS
2023-05-18,64.94999694824219,68.44999694824219,64.55000305175781,66.3499984741211,65.97859954833984,24293149.0,MRPL.NS
2023-05-19,66.75,68.19999694824219,64.05000305175781,64.94999694824219,64.58644104003906,11845129.0,MRPL.NS
2023-05-22,65.19999694824219,65.25,63.70000076293945,64.44999694824219,64.0892333984375,3096182.0,MRPL.NS
2023-05-23,64.44999694824219,65.75,64.19999694824219,64.94999694824219,64.58644104003906,3831288.0,MRPL.NS
2023-05-24,64.9000015258789,67.19999694824219,64.5999984741211,66.6500015258789,66.27692413330078,12052816.0,MRPL.NS
2023-05-25,66.5,68.69999694824219,65.5,67.44999694824219,67.07244110107422,13059698.0,MRPL.NS
2023-05-26,67.80000305175781,68.3499984741211,66.0,66.44999694824219,66.07804107666016,5513339.0,MRPL.NS
2023-05-29,66.9000015258789,66.9000015258789,65.3499984741211,66.3499984741211,65.97859954833984,3829151.0,MRPL.NS
2023-05-30,66.3499984741211,67.75,66.05000305175781,66.80000305175781,66.42608642578125,4184536.0,MRPL.NS
2023-05-31,66.0999984741211,66.75,65.25,65.44999694824219,65.0836410522461,2705886.0,MRPL.NS
2023-06-01,65.55000305175781,66.0,64.80000305175781,65.05000305175781,64.68588256835938,2330230.0,MRPL.NS
2023-06-02,65.3499984741211,65.5,64.5,64.6500015258789,64.28812408447266,2401519.0,MRPL.NS
2023-06-05,65.0,67.05000305175781,64.80000305175781,66.0,65.63056182861328,6400374.0,MRPL.NS
2023-06-06,66.0,66.0,64.8499984741211,65.0999984741211,64.735595703125,2627944.0,MRPL.NS
2023-06-07,65.30000305175781,66.30000305175781,64.0999984741211,65.30000305175781,64.93448638916016,5517053.0,MRPL.NS
2023-06-08,65.4000015258789,66.44999694824219,64.5,64.80000305175781,64.43728637695312,4781965.0,MRPL.NS
2023-06-09,65.05000305175781,65.3499984741211,64.4000015258789,64.5999984741211,64.23839569091797,1510154.0,MRPL.NS
2023-06-12,64.69999694824219,65.5999984741211,64.0999984741211,64.8499984741211,64.48699951171875,2697435.0,MRPL.NS
2023-06-13,65.0,65.9000015258789,65.0,65.5999984741211,65.23280334472656,2860921.0,MRPL.NS
2023-06-14,65.8499984741211,66.19999694824219,65.0,65.19999694824219,64.83503723144531,2914660.0,MRPL.NS
2023-06-15,65.55000305175781,67.3499984741211,65.0999984741211,66.8499984741211,66.4758071899414,8414663.0,MRPL.NS
2023-06-16,67.5,74.44999694824219,67.19999694824219,71.80000305175781,71.39810180664062,41178604.0,MRPL.NS
2023-06-19,72.55000305175781,79.4000015258789,72.44999694824219,78.69999694824219,78.25946807861328,42578753.0,MRPL.NS
2023-06-20,78.9000015258789,79.55000305175781,74.0,75.5999984741211,75.17682647705078,11065143.0,MRPL.NS
2023-06-21,76.19999694824219,79.0,75.6500015258789,76.9000015258789,76.46955108642578,11878605.0,MRPL.NS
2023-06-22,77.19999694824219,78.9000015258789,75.5999984741211,76.6500015258789,76.220947265625,8217725.0,MRPL.NS
2023-06-23,77.0,77.9000015258789,75.25,76.69999694824219,76.27066802978516,5317558.0,MRPL.NS
2023-06-26,76.69999694824219,77.5,75.75,77.0,76.5689926147461,3612446.0,MRPL.NS
2023-06-27,77.3499984741211,80.80000305175781,77.19999694824219,78.69999694824219,78.25946807861328,8864939.0,MRPL.NS
2023-06-28,79.0,79.4000015258789,77.19999694824219,77.5999984741211,77.1656265258789,3760515.0,MRPL.NS
2023-06-30,78.0,78.0,76.9000015258789,77.05000305175781,76.61871337890625,2880606.0,MRPL.NS
2023-07-03,76.94999694824219,80.5999984741211,76.80000305175781,78.5999984741211,78.1600341796875,11266639.0,MRPL.NS
2023-07-04,79.05000305175781,79.75,77.5999984741211,79.25,78.806396484375,4254861.0,MRPL.NS
2023-07-05,79.5,91.0,78.4000015258789,88.80000305175781,88.30294036865234,62334561.0,MRPL.NS
2023-07-06,88.44999694824219,92.25,87.5,90.4000015258789,89.89398193359375,21961420.0,MRPL.NS
2023-07-07,89.4000015258789,93.4000015258789,86.25,87.69999694824219,87.20909118652344,19819754.0,MRPL.NS
2023-07-10,88.0,88.5999984741211,84.0,84.4000015258789,83.92756652832031,7553287.0,MRPL.NS
2023-07-11,84.8499984741211,87.44999694824219,83.3499984741211,86.94999694824219,86.46329498291016,13691421.0,MRPL.NS
2023-07-12,87.30000305175781,88.69999694824219,86.30000305175781,87.3499984741211,86.86105346679688,6064786.0,MRPL.NS
2023-07-13,87.5,88.4000015258789,84.1500015258789,85.55000305175781,85.07113647460938,6040697.0,MRPL.NS
2023-07-14,85.8499984741211,87.6500015258789,85.1500015258789,87.0,86.51301574707031,4852785.0,MRPL.NS
2023-07-17,85.19999694824219,86.94999694824219,84.5999984741211,86.4000015258789,85.91637420654297,5141937.0,MRPL.NS
2023-07-18,86.8499984741211,91.69999694824219,85.94999694824219,88.25,87.75601959228516,16454958.0,MRPL.NS
2023-07-19,88.75,88.75,85.80000305175781,86.9000015258789,86.41357421875,7411141.0,MRPL.NS
2023-07-20,87.25,88.5999984741211,86.1500015258789,86.44999694824219,85.9660873413086,3797033.0,MRPL.NS
2023-07-21,86.6500015258789,87.30000305175781,85.1500015258789,86.6500015258789,86.16497802734375,4439597.0,MRPL.NS
2023-07-24,87.05000305175781,89.80000305175781,86.80000305175781,87.3499984741211,86.86105346679688,4392103.0,MRPL.NS
2023-07-25,85.3499984741211,85.3499984741211,81.5,82.05000305175781,81.59072875976562,9170379.0,MRPL.NS
2023-07-26,83.3499984741211,84.4000015258789,82.05000305175781,82.3499984741211,81.8890380859375,4299441.0,MRPL.NS
2023-07-27,83.0,83.5999984741211,81.94999694824219,82.3499984741211,81.8890380859375,2301606.0,MRPL.NS
2023-07-28,82.94999694824219,85.25,82.30000305175781,84.1500015258789,83.67897033691406,6555821.0,MRPL.NS
2023-07-31,80.25,83.5,80.25,83.05000305175781,82.58512878417969,5928816.0,MRPL.NS
2023-08-01,82.9000015258789,84.44999694824219,82.5,83.69999694824219,83.23148345947266,3605853.0,MRPL.NS
2023-08-02,84.05000305175781,85.69999694824219,81.94999694824219,82.55000305175781,82.08792877197266,3984027.0,MRPL.NS
2023-08-03,83.0,83.19999694824219,81.0999984741211,81.80000305175781,81.34212493896484,1967458.0,MRPL.NS
2023-08-04,82.5,83.44999694824219,82.0,82.75,82.28680419921875,1762982.0,MRPL.NS
2023-08-07,83.05000305175781,83.30000305175781,81.55000305175781,81.8499984741211,81.39183807373047,1792229.0,MRPL.NS
2023-08-08,82.0,84.94999694824219,82.0,84.69999694824219,84.22588348388672,4388943.0,MRPL.NS
2023-08-09,84.94999694824219,87.5999984741211,83.80000305175781,85.9000015258789,85.41917419433594,6607482.0,MRPL.NS
2023-08-10,86.0,87.0999984741211,84.19999694824219,86.75,86.26441192626953,3700720.0,MRPL.NS
2023-08-11,86.9000015258789,88.19999694824219,85.9000015258789,86.69999694824219,86.21469116210938,4278841.0,MRPL.NS
2023-08-14,86.69999694824219,87.6500015258789,84.0999984741211,85.5,85.02140808105469,3978165.0,MRPL.NS
2023-08-16,84.5,84.75,83.05000305175781,83.4000015258789,82.93316650390625,2495246.0,MRPL.NS
2023-08-17,83.4000015258789,86.4000015258789,83.4000015258789,85.25,84.77281188964844,3918852.0,MRPL.NS
2023-08-18,85.5,86.6500015258789,84.5999984741211,85.75,85.27001190185547,4893851.0,MRPL.NS
2023-08-21,86.44999694824219,92.4000015258789,86.0,91.9000015258789,91.38558959960938,28204964.0,MRPL.NS
2023-08-22,93.0,93.9000015258789,91.0,91.6500015258789,91.1369857788086,8946485.0,MRPL.NS
2023-08-23,91.94999694824219,92.1500015258789,89.19999694824219,91.1500015258789,90.63978576660156,6435996.0,MRPL.NS
2023-08-24,91.6500015258789,95.0999984741211,91.19999694824219,92.3499984741211,91.83306884765625,10352080.0,MRPL.NS
2023-08-25,91.9000015258789,93.44999694824219,90.5,93.0,92.47943115234375,6499022.0,MRPL.NS
2023-08-28,93.75,95.5,93.19999694824219,94.0,93.47383117675781,5429262.0,MRPL.NS
2023-08-29,94.5,96.9000015258789,92.55000305175781,94.69999694824219,94.16991424560547,13297999.0,MRPL.NS
2023-08-30,95.0,96.1500015258789,93.94999694824219,95.05000305175781,94.51795959472656,7898340.0,MRPL.NS
2023-08-31,95.5,96.25,94.55000305175781,95.25,94.71683502197266,4234912.0,MRPL.NS
2023-09-01,95.19999694824219,98.69999694824219,94.5999984741211,96.3499984741211,95.81067657470703,13243017.0,MRPL.NS
2023-09-04,96.8499984741211,98.9000015258789,95.05000305175781,97.9000015258789,97.35200500488281,7325771.0,MRPL.NS
2023-09-05,98.44999694824219,99.4000015258789,96.05000305175781,97.05000305175781,96.50675964355469,7215536.0,MRPL.NS
2023-09-06,97.6500015258789,97.69999694824219,94.3499984741211,95.6500015258789,95.1146011352539,4699576.0,MRPL.NS
2023-09-07,95.6500015258789,96.19999694824219,94.5,95.0999984741211,94.56767272949219,3427836.0,MRPL.NS
2023-09-08,95.25,99.3499984741211,94.30000305175781,94.75,94.21963500976562,18213728.0,MRPL.NS
2023-09-11,95.5,98.55000305175781,95.44999694824219,95.75,95.21403503417969,11121941.0,MRPL.NS
2023-09-12,97.0,98.6500015258789,85.4000015258789,91.0999984741211,90.5900650024414,11349441.0,MRPL.NS
2023-09-13,91.0999984741211,93.0999984741211,87.6500015258789,91.4000015258789,90.88838958740234,5549273.0,MRPL.NS
2023-09-14,92.19999694824219,94.6500015258789,91.75,92.4000015258789,91.8827896118164,5477458.0,MRPL.NS
2023-09-15,93.0,95.25,93.0,94.0999984741211,93.57327270507812,5001037.0,MRPL.NS
2023-09-18,94.0,96.80000305175781,92.80000305175781,94.6500015258789,94.12019348144531,5309283.0,MRPL.NS
2023-09-20,94.0,97.25,93.05000305175781,95.5999984741211,95.06487274169922,10711135.0,MRPL.NS
2023-09-21,95.5,97.0,93.1500015258789,93.44999694824219,92.92691040039062,3580858.0,MRPL.NS
2023-09-22,93.80000305175781,95.3499984741211,93.4000015258789,94.44999694824219,93.92131042480469,3202562.0,MRPL.NS
2023-09-25,94.75,95.0,92.4000015258789,93.0999984741211,92.57886505126953,2091835.0,MRPL.NS
2023-09-26,93.5999984741211,95.30000305175781,93.0,93.30000305175781,92.77775573730469,3080436.0,MRPL.NS
2023-09-27,93.30000305175781,94.0999984741211,92.55000305175781,93.0999984741211,92.57886505126953,2020059.0,MRPL.NS
2023-09-28,93.69999694824219,96.30000305175781,92.94999694824219,93.94999694824219,93.42411041259766,5324829.0,MRPL.NS
2023-09-29,94.3499984741211,96.0,93.80000305175781,95.5999984741211,95.06487274169922,2746471.0,MRPL.NS
2023-10-03,96.0,97.0999984741211,94.1500015258789,95.5,94.96543884277344,3506155.0,MRPL.NS
2023-10-04,95.4000015258789,103.44999694824219,94.5999984741211,97.8499984741211,97.30227661132812,38959628.0,MRPL.NS
2023-10-05,99.0999984741211,102.30000305175781,98.0,98.80000305175781,98.24696350097656,12792503.0,MRPL.NS
2023-10-06,99.5,99.5999984741211,95.19999694824219,96.44999694824219,95.91011810302734,10690914.0,MRPL.NS
2023-10-09,94.94999694824219,95.25,90.5,92.5,91.98223114013672,5100094.0,MRPL.NS
2023-10-10,93.0,96.94999694824219,93.0,96.4000015258789,95.86039733886719,5731150.0,MRPL.NS
2023-10-11,96.80000305175781,99.5999984741211,96.5,98.0999984741211,97.5508804321289,6037906.0,MRPL.NS
2023-10-12,98.0999984741211,102.8499984741211,97.9000015258789,100.30000305175781,99.73857116699219,11728764.0,MRPL.NS
2023-10-13,99.0,102.44999694824219,98.8499984741211,101.0,100.43464660644531,5944857.0,MRPL.NS
2023-10-16,101.30000305175781,106.75,101.30000305175781,103.44999694824219,102.87093353271484,13141537.0,MRPL.NS
2023-10-17,104.0,117.69999694824219,103.30000305175781,112.19999694824219,111.57195281982422,70644888.0,MRPL.NS
2023-10-18,114.5,117.4000015258789,106.6500015258789,107.44999694824219,106.84854125976562,21095767.0,MRPL.NS
2023-10-19,107.44999694824219,109.5,105.94999694824219,108.0999984741211,107.49490356445312,7957567.0,MRPL.NS
2023-10-20,108.4000015258789,109.0,102.1500015258789,102.69999694824219,102.12512969970703,7723913.0,MRPL.NS
2023-10-23,102.69999694824219,103.6500015258789,95.30000305175781,95.8499984741211,95.3134765625,8147068.0,MRPL.NS
2023-10-25,97.5,98.80000305175781,92.5,96.94999694824219,96.40731811523438,7547947.0,MRPL.NS
2023-10-26,98.0,99.44999694824219,93.19999694824219,96.6500015258789,96.10900115966797,9240296.0,MRPL.NS
2023-10-27,98.0,102.44999694824219,96.3499984741211,100.0999984741211,99.53968811035156,10104714.0,MRPL.NS
2023-10-30,100.80000305175781,106.69999694824219,100.05000305175781,105.8499984741211,105.25749969482422,17394302.0,MRPL.NS
2023-10-31,106.9000015258789,107.4000015258789,102.0999984741211,103.69999694824219,103.1195297241211,9616149.0,MRPL.NS
2023-11-01,102.0,108.5999984741211,101.0999984741211,103.9000015258789,103.31842041015625,11117550.0,MRPL.NS
2023-11-02,106.0,106.5999984741211,103.5999984741211,104.25,103.66645812988281,4867859.0,MRPL.NS
2023-11-03,105.0999984741211,114.5999984741211,105.0999984741211,109.9000015258789,109.28483581542969,29930353.0,MRPL.NS
2023-11-06,110.75,112.3499984741211,108.30000305175781,109.0999984741211,108.48931121826172,5603146.0,MRPL.NS
2023-11-07,109.9000015258789,113.80000305175781,107.3499984741211,113.3499984741211,112.71551513671875,10056685.0,MRPL.NS
2023-11-08,114.0,117.80000305175781,112.5999984741211,113.8499984741211,113.21272277832031,11447519.0,MRPL.NS
2023-11-09,114.4000015258789,115.5999984741211,111.30000305175781,112.0,111.37307739257812,6155511.0,MRPL.NS
2023-11-10,111.8499984741211,114.30000305175781,111.30000305175781,113.75,113.11328125,4068796.0,MRPL.NS
2023-11-13,112.75,116.0,112.25,114.75,114.10768127441406,4459004.0,MRPL.NS
2023-11-15,115.5,121.5,114.5999984741211,118.30000305175781,117.6378173828125,16794690.0,MRPL.NS
2023-11-16,118.75,119.6500015258789,115.80000305175781,117.30000305175781,116.6434097290039,8336136.0,MRPL.NS
2023-11-17,118.4000015258789,118.5999984741211,113.6500015258789,117.8499984741211,117.1903305053711,7140014.0,MRPL.NS
2023-11-20,117.80000305175781,119.4000015258789,114.0999984741211,115.5,114.85348510742188,3995854.0,MRPL.NS
2023-11-21,116.0,117.1500015258789,115.4000015258789,116.0999984741211,115.45012664794922,2814580.0,MRPL.NS
2023-11-22,116.55000305175781,116.75,112.69999694824219,113.1500015258789,112.51663970947266,2326308.0,MRPL.NS
2023-11-23,113.25,116.0,112.05000305175781,114.0999984741211,113.46131896972656,4013668.0,MRPL.NS
2023-11-24,114.5,121.0999984741211,113.5,118.9000015258789,118.23445129394531,11265057.0,MRPL.NS
2023-11-28,120.25,124.19999694824219,119.9000015258789,121.25,120.57129669189453,11249238.0,MRPL.NS
2023-11-29,122.25,126.1500015258789,120.05000305175781,121.55000305175781,120.86962127685547,9756805.0,MRPL.NS
2023-11-30,122.25,123.19999694824219,120.4000015258789,121.30000305175781,120.62102508544922,4489693.0,MRPL.NS
2023-12-01,122.25,125.5,121.4000015258789,121.80000305175781,121.11822509765625,5013219.0,MRPL.NS
2023-12-04,123.5,128.64999389648438,123.25,125.19999694824219,124.49918365478516,8430708.0,MRPL.NS
2023-12-05,126.4000015258789,126.69999694824219,122.30000305175781,124.9000015258789,124.20086669921875,3987357.0,MRPL.NS
2023-12-06,125.9000015258789,126.55000305175781,124.0,125.4000015258789,124.69807434082031,3007773.0,MRPL.NS
2023-12-07,126.25,132.8000030517578,126.25,129.89999389648438,129.17288208007812,10796183.0,MRPL.NS
2023-12-08,130.3000030517578,131.6999969482422,124.5,127.94999694824219,127.23379516601562,4347652.0,MRPL.NS
2023-12-11,128.25,129.0,126.05000305175781,126.6500015258789,125.94107055664062,2354633.0,MRPL.NS
2023-12-12,127.0,128.3000030517578,125.55000305175781,126.75,126.04051208496094,2503634.0,MRPL.NS
2023-12-13,127.44999694824219,128.3000030517578,126.0,126.55000305175781,125.84163665771484,1987097.0,MRPL.NS
2023-12-14,127.8499984741211,131.85000610351562,127.5,129.6999969482422,128.9739990234375,5221152.0,MRPL.NS
2023-12-15,130.6999969482422,132.39999389648438,129.14999389648438,129.60000610351562,128.87457275390625,3128877.0,MRPL.NS
2023-12-18,129.60000610351562,129.60000610351562,127.19999694824219,127.4000015258789,126.68687438964844,1681094.0,MRPL.NS
2023-12-19,129.3000030517578,134.75,129.0,131.25,130.51531982421875,7312611.0,MRPL.NS
2023-12-20,132.25,135.39999389648438,122.25,123.69999694824219,123.00758361816406,7836734.0,MRPL.NS
2023-12-21,123.0,125.1500015258789,118.80000305175781,124.25,123.55450439453125,4777635.0,MRPL.NS
2023-12-22,125.4000015258789,133.39999389648438,125.4000015258789,129.9499969482422,129.22259521484375,7379967.0,MRPL.NS
2023-12-26,130.5,131.89999389648438,128.60000610351562,129.6999969482422,128.9739990234375,2117864.0,MRPL.NS
2023-12-27,129.5,132.35000610351562,129.5,131.10000610351562,130.3661651611328,3444078.0,MRPL.NS
2023-12-28,131.1999969482422,135.9499969482422,131.0,133.1999969482422,132.45440673828125,9171079.0,MRPL.NS
2023-12-29,133.0,136.0,130.1999969482422,133.14999389648438,132.40467834472656,2930967.0,MRPL.NS
2024-01-01,133.39999389648438,134.1999969482422,132.39999389648438,132.75,132.00692749023438,1384128.0,MRPL.NS
2024-01-02,132.60000610351562,133.1999969482422,128.0,129.5500030517578,128.82484436035156,2836841.0,MRPL.NS
2024-01-03,129.64999389648438,133.5,129.10000610351562,132.75,132.00692749023438,3009841.0,MRPL.NS
2024-01-04,132.75,134.75,131.5500030517578,134.25,133.49853515625,1880372.0,MRPL.NS
2024-01-05,134.3000030517578,137.6999969482422,133.3000030517578,134.14999389648438,133.39907836914062,3528932.0,MRPL.NS
2024-01-08,134.1999969482422,135.3000030517578,132.89999389648438,133.89999389648438,133.15048217773438,1558019.0,MRPL.NS
2024-01-09,134.14999389648438,135.6999969482422,133.5,134.0,133.2499237060547,1255731.0,MRPL.NS
2024-01-10,134.89999389648438,135.0,131.5500030517578,134.1999969482422,133.4488067626953,2068651.0,MRPL.NS
2024-01-11,134.25,161.0,134.25,160.60000610351562,159.7010498046875,60637503.0,MRPL.NS
2024-01-12,163.5,164.4499969482422,156.5,159.3000030517578,158.40830993652344,23794037.0,MRPL.NS
2024-01-15,162.3000030517578,186.0,162.25,169.3000030517578,168.3523406982422,29427230.0,MRPL.NS
2024-01-16,171.0,179.5,169.35000610351562,174.0500030517578,173.0757598876953,14606264.0,MRPL.NS
2024-01-17,171.0500030517578,176.60000610351562,168.35000610351562,171.1999969482422,170.24169921875,6900079.0,MRPL.NS
2024-01-18,171.1999969482422,179.75,164.0,177.60000610351562,176.6058807373047,8865480.0,MRPL.NS
2024-01-19,180.0,181.39999389648438,175.5500030517578,177.0,176.0092315673828,7352246.0,MRPL.NS
2024-01-23,169.8000030517578,178.89999389648438,160.5500030517578,170.89999389648438,169.94337463378906,12034231.0,MRPL.NS
2024-01-24,170.89999389648438,173.5,165.9499969482422,171.75,170.7886199951172,3519120.0,MRPL.NS
2024-01-25,171.64999389648438,177.5500030517578,171.25,174.39999389648438,173.4237823486328,3270472.0,MRPL.NS
2024-01-29,175.4499969482422,184.25,173.0,179.60000610351562,178.59469604492188,10262174.0,MRPL.NS
2024-01-30,181.0500030517578,184.10000610351562,176.64999389648438,179.3000030517578,178.29637145996094,4830130.0,MRPL.NS
2024-01-31,179.3000030517578,180.6999969482422,176.0,177.0500030517578,176.0589599609375,1877284.0,MRPL.NS
2024-02-01,178.39999389648438,182.35000610351562,176.0,178.64999389648438,177.64999389648438,3964871.0,MRPL.NS
2024-02-02,181.0,198.8000030517578,180.0,191.60000610351562,191.60000610351562,21839790.0,MRPL.NS
2024-02-05,193.14999389648438,206.35000610351562,192.5,197.0,197.0,14970646.0,MRPL.NS
2024-02-06,198.25,198.85000610351562,187.85000610351562,194.10000610351562,194.10000610351562,6303984.0,MRPL.NS
2024-02-07,195.39999389648438,203.6999969482422,195.39999389648438,202.60000610351562,202.60000610351562,7860261.0,MRPL.NS
2024-02-08,203.8000030517578,206.8000030517578,198.5,200.85000610351562,200.85000610351562,4596283.0,MRPL.NS
2024-02-09,200.85000610351562,202.0,176.64999389648438,189.60000610351562,189.60000610351562,7116572.0,MRPL.NS
2024-02-12,188.6999969482422,195.14999389648438,174.64999389648438,184.9499969482422,184.9499969482422,9104566.0,MRPL.NS
2024-02-13,183.9499969482422,187.6999969482422,179.0,182.6999969482422,182.6999969482422,3048091.0,MRPL.NS
2024-02-14,178.0,209.0,176.75,203.9499969482422,203.9499969482422,21364386.0,MRPL.NS
2024-02-15,205.35000610351562,244.6999969482422,203.1999969482422,244.39999389648438,244.39999389648438,65831941.0,MRPL.NS
2024-02-16,239.6999969482422,248.64999389648438,231.0500030517578,241.0500030517578,241.0500030517578,35332362.0,MRPL.NS
2024-02-19,252.0,289.25,247.8000030517578,286.1000061035156,286.1000061035156,46170497.0,MRPL.NS
2024-02-20,286.8999938964844,286.8999938964844,268.54998779296875,273.20001220703125,273.20001220703125,13275282.0,MRPL.NS
2024-02-21,276.0,285.0,248.0,252.1999969482422,252.1999969482422,14377886.0,MRPL.NS
2024-02-22,256.79998779296875,259.8999938964844,242.75,253.0500030517578,253.0500030517578,10444602.0,MRPL.NS
2024-02-23,255.8000030517578,255.8000030517578,244.1999969482422,245.85000610351562,245.85000610351562,5802449.0,MRPL.NS
2024-02-26,246.10000610351562,251.25,236.60000610351562,243.5500030517578,243.5500030517578,5913775.0,MRPL.NS
2024-02-27,244.0,247.25,234.5,235.60000610351562,235.60000610351562,3932890.0,MRPL.NS
2024-02-28,236.0,251.39999389648438,228.0,230.14999389648438,230.14999389648438,11976447.0,MRPL.NS
2024-02-29,232.0,235.64999389648438,225.64999389648438,227.8000030517578,227.8000030517578,3609539.0,MRPL.NS
2024-03-01,230.39999389648438,237.89999389648438,228.0500030517578,229.14999389648438,229.14999389648438,4075258.0,MRPL.NS
2024-03-04,234.0500030517578,234.39999389648438,226.0500030517578,229.14999389648438,229.14999389648438,3067083.0,MRPL.NS
2024-03-05,229.3000030517578,248.39999389648438,228.6999969482422,239.6999969482422,239.6999969482422,13556465.0,MRPL.NS
2024-03-06,239.85000610351562,243.6999969482422,228.25,234.60000610351562,234.60000610351562,4397666.0,MRPL.NS
2024-03-07,234.64999389648438,237.10000610351562,231.14999389648438,233.1999969482422,233.1999969482422,2873368.0,MRPL.NS
2024-03-11,233.6999969482422,234.4499969482422,217.0,218.85000610351562,218.85000610351562,3025137.0,MRPL.NS
2024-03-12,218.85000610351562,221.60000610351562,205.5500030517578,210.0,210.0,5119228.0,MRPL.NS
2024-03-13,210.0,214.1999969482422,189.0,189.0,189.0,5564331.0,MRPL.NS
2024-03-14,187.0,207.89999389648438,182.10000610351562,207.89999389648438,207.89999389648438,5621377.0,MRPL.NS
2024-03-15,207.5,218.5,196.64999389648438,215.64999389648438,215.64999389648438,8757494.0,MRPL.NS
2024-03-18,208.25,221.9499969482422,208.25,211.89999389648438,211.89999389648438,5533738.0,MRPL.NS
2024-03-19,212.85000610351562,232.1999969482422,209.0500030517578,220.0,220.0,16535076.0,MRPL.NS
2024-03-20,222.0,227.0,215.14999389648438,218.8000030517578,218.8000030517578,8298617.0,MRPL.NS
2024-03-21,221.35000610351562,226.0,216.3000030517578,217.9499969482422,217.9499969482422,4241829.0,MRPL.NS
2024-03-22,218.5,225.6999969482422,216.39999389648438,221.4499969482422,221.4499969482422,4627479.0,MRPL.NS
2024-03-26,222.5,230.39999389648438,217.8000030517578,223.75,223.75,7148180.0,MRPL.NS
2024-03-27,224.0,227.5500030517578,218.0500030517578,219.6999969482422,219.6999969482422,3949031.0,MRPL.NS
2024-03-28,219.6999969482422,222.60000610351562,216.6999969482422,218.5500030517578,218.5500030517578,2480435.0,MRPL.NS
2024-04-01,219.0,229.5,219.0,228.75,228.75,4538462.0,MRPL.NS
2024-04-02,231.1999969482422,239.89999389648438,231.0,237.8000030517578,237.8000030517578,7370309.0,MRPL.NS
2024-04-03,238.9499969482422,244.89999389648438,236.0,237.6999969482422,237.6999969482422,5978189.0,MRPL.NS
2024-04-04,239.0,239.8000030517578,232.5,234.9499969482422,234.9499969482422,2284008.0,MRPL.NS
2024-04-05,235.5500030517578,242.60000610351562,230.0500030517578,238.25,238.25,4515447.0,MRPL.NS
2024-04-08,240.3000030517578,241.35000610351562,232.35000610351562,233.14999389648438,233.14999389648438,2431771.0,MRPL.NS
2024-04-09,234.0,235.3000030517578,225.0,227.1999969482422,227.1999969482422,2256475.0,MRPL.NS
2024-04-10,227.25,229.39999389648438,222.39999389648438,223.5,223.5,2405692.0,MRPL.NS
2024-04-12,223.4499969482422,230.89999389648438,220.8000030517578,221.89999389648438,221.89999389648438,4528615.0,MRPL.NS
2024-04-15,217.8000030517578,229.8000030517578,209.10000610351562,222.89999389648438,222.89999389648438,7422162.0,MRPL.NS
2024-04-16,222.60000610351562,228.39999389648438,221.0500030517578,225.39999389648438,225.39999389648438,2884823.0,MRPL.NS
2024-04-18,225.39999389648438,233.6999969482422,221.8000030517578,223.14999389648438,223.14999389648438,3214220.0,MRPL.NS
2024-04-19,221.89999389648438,229.0,215.75,227.0,227.0,4323901.0,MRPL.NS
2024-04-22,229.0,230.0,222.35000610351562,223.1999969482422,223.1999969482422,2197288.0,MRPL.NS
2024-04-23,224.8000030517578,228.89999389648438,223.0,224.5500030517578,224.5500030517578,1921727.0,MRPL.NS
2024-04-24,226.25,253.6999969482422,225.10000610351562,248.6999969482422,248.6999969482422,39849649.0,MRPL.NS
2024-04-25,250.9499969482422,256.70001220703125,246.14999389648438,250.0500030517578,250.0500030517578,16189162.0,MRPL.NS
2024-04-26,251.10000610351562,259.20001220703125,245.64999389648438,250.9499969482422,250.9499969482422,13778089.0,MRPL.NS
2024-04-29,252.4499969482422,256.8999938964844,248.5,250.4499969482422,250.4499969482422,5745371.0,MRPL.NS
